Date,Symbol,Open,High,Low,Close,Volume,Turnover
2024-09-24 00:58:34.826294,RELIANCE,1244.907746306878,1271.1122083741798,1238.4008592747264,1249.080237694725,2070006,2585603586.5095067
2024-09-25 00:58:34.826294,RELIANCE,1205.5802083451615,1209.9710739638883,1196.1237071794671,1209.6660561845415,1739911,2104711277.4821017
2024-09-26 00:58:34.826294,RELIANCE,1222.0057685552044,1239.2473049997927,1199.918985761518,1221.6710353079477,1762752,2153503060.8311553
2024-09-27 00:58:34.826294,RELIANCE,1206.7565050626042,1229.5828123707706,1207.3111646707553,1211.853481007496,1807371,2190268837.821999
2024-09-30 00:58:34.826294,RELIANCE,1200.0420474376367,1215.3471658963201,1182.8259314728216,1195.7591126849634,2000942,2392644630.454076
2024-10-01 00:58:34.826294,RELIANCE,1181.481921927251,1186.4155481930754,1167.8929839372645,1179.0031527031508,2454354,2893691103.849589
2024-10-02 00:58:34.826294,RELIANCE,1179.016501441233,1186.0314117227936,1166.8265555262615,1175.236507198718,3163046,3717327133.148876
2024-10-03 00:58:34.826294,RELIANCE,1221.6891338159853,1241.9982773573129,1213.568969179417,1221.7598438114205,3916664,4785222796.9018135
2024-10-04 00:58:34.826294,RELIANCE,1215.5011256335608,1236.8452667908941,1199.3342656890122,1219.479536244641,3245683,3958043999.637115
2024-10-07 00:58:34.826294,RELIANCE,1193.6095113224353,1204.1447345466574,1194.992681881856,1198.3954536232845,3169995,3798907596.008544
2024-10-08 00:58:34.826294,RELIANCE,1186.5465899939168,1199.0571076725803,1170.556174457005,1188.3535836786714,2273415,2701620862.4388466
2024-10-09 00:58:34.826294,RELIANCE,1186.4493232661941,1199.370509281261,1176.3098589847937,1184.6587401913052,4410197,5224578422.015473
2024-10-10 00:58:34.826294,RELIANCE,1200.7829031599556,1207.9765681878487,1173.2629760376637,1196.696811180337,3085031,3691846760.092486
2024-10-11 00:58:34.826294,RELIANCE,1215.5583501083445,1216.9954895543538,1197.5133145071543,1213.9299585045937,1507293,1829748128.9442647
2024-10-14 00:58:34.826294,RELIANCE,1217.8616385916587,1236.7416814192666,1218.296123936285,1219.9953614908256,2267640,2766510281.531056
2024-10-15 00:58:34.826294,RELIANCE,1237.6384482517815,1262.9263228265495,1236.0337001651972,1241.6753653545625,1785160,2216589195.2163506
2024-10-16 00:58:34.826294,RELIANCE,1228.6036573187046,1231.3160084620226,1208.7327894056682,1224.4766673806278,2004384,2454321440.471052
2024-10-17 00:58:34.826294,RELIANCE,1225.9897889701788,1236.159967156902,1216.1424859171987,1223.6141351093167,4830634,5910832043.939659
2024-10-18 00:58:34.826294,RELIANCE,1214.89735896458,1219.20725275313,1210.9919387997309,1218.398495559781,2731785,3328402734.192776
2024-10-21 00:58:34.826294,RELIANCE,1237.1175874280623,1258.406045478016,1213.7029983020254,1235.225681305216,2343400,2894627861.5706434
2024-10-22 00:58:34.826294,RELIANCE,1266.7415039415794,1283.3022680971226,1246.5775207122044,1263.380094516313,4642807,5865629946.480999
2024-10-23 00:58:34.826294,RELIANCE,1256.4500497036806,1282.3208461284466,1242.573829544906,1259.469162811844,2621690,3301937709.4521832
2024-10-24 00:58:34.826294,RELIANCE,1247.4049286760785,1249.4187483195672,1235.5049958860484,1246.6514446767892,1397421,1742096908.4716835
2024-10-25 00:58:34.826294,RELIANCE,1220.5671453102966,1242.1647196159572,1207.7014819043723,1221.051191111963,622409,759993250.8088057
2024-10-28 00:58:34.826294,RELIANCE,1244.5306495304696,1270.3631558369918,1243.2616802363177,1246.0208836670495,3831068,4773590734.748556
2024-10-29 00:58:34.826294,RELIANCE,1244.1096883421644,1246.1204943607775,1226.6493098099045,1245.074017737582,4372998,5444706189.41841
2024-10-30 00:58:34.826294,RELIANCE,1290.7650889663748,1292.5903200938892,1263.325073639094,1285.391169881064,543585,698719359.0797981
2024-10-31 00:58:34.826294,RELIANCE,1251.9045395319824,1277.3626121676084,1235.5941122477798,1254.5111850713772,609556,764694819.9273684
2024-11-01 00:58:34.826294,RELIANCE,1246.0745763672396,1242.7341459609158,1218.3650286718928,1242.2867598486573,4060920,5044827148.804609
2024-11-04 00:58:34.826294,RELIANCE,1299.7270593029045,1304.691566885299,1275.2766433087054,1296.787617944265,2735000,3546714135.077565
2024-11-05 00:58:34.826294,RELIANCE,1298.037751490659,1323.5868568236901,1297.9508269659327,1300.8798983025315,2454109,3192501066.343327
2024-11-06 00:58:34.826294,RELIANCE,1305.2251842209546,1316.658001875755,1300.057165642676,1302.572027654296,1884250,2454371343.1076074
2024-11-07 00:58:34.826294,RELIANCE,1293.8352175389275,1297.5051339478096,1285.0217679788573,1297.1833277666906,539353,699639719.3809478
2024-11-08 00:58:34.826294,RELIANCE,1263.813927083424,1281.4849332645495,1258.802539406903,1266.3305658313454,916880,1161073169.199444
2024-11-11 00:58:34.826294,RELIANCE,1301.1472784189664,1323.1346942285204,1302.5005146210742,1303.7558446968153,769536,1003287057.7046084
2024-11-12 00:58:34.826294,RELIANCE,1288.5282905087374,1305.2328947627711,1266.2170608050576,1283.3577065386824,2722809,3494337913.5828834
2024-11-13 00:58:34.826294,RELIANCE,1282.447909876484,1304.1188193113912,1276.5044063988762,1281.2535052418416,2241093,2871408261.8229547
2024-11-14 00:58:34.826294,RELIANCE,1306.6661405224343,1318.4765298891755,1291.3381014946635,1312.1908687307066,3580389,4698153752.303865
2024-11-15 00:58:34.826294,RELIANCE,1333.5434529172608,1355.3944711796253,1313.1045350979316,1339.777837555214,2159066,2892668776.6189857
2024-11-18 00:58:34.826294,RELIANCE,1326.2915412004206,1335.3734501316376,1319.908550052433,1321.5906947227713,4635314,6125987849.518188
2024-11-19 00:58:34.826294,RELIANCE,1333.7334935319693,1345.2532345764014,1326.2727770664562,1329.328451125745,571295,759438697.4858825
2024-11-20 00:58:34.826294,RELIANCE,1295.40699474669,1324.3524948177997,1283.2812138821766,1300.689651011329,4112600,5349216258.749192
2024-11-21 00:58:34.826294,RELIANCE,1294.4858525822085,1312.9190983283777,1275.482831577787,1290.2372715670733,4004473,5166720317.584013
2024-11-22 00:58:34.826294,RELIANCE,1274.6905652238045,1285.439538099387,1266.389449963031,1274.4682170156577,1186976,1512763186.3603773
2024-11-25 00:58:34.826294,RELIANCE,1293.4427559828941,1314.3217561928914,1278.7080126419276,1294.2892734459003,4614639,5972677758.525116
2024-11-26 00:58:34.826294,RELIANCE,1310.0866874037883,1316.5363008880743,1289.1197924800663,1304.9643982151747,2985367,3895797650.6064415
2024-11-27 00:58:34.826294,RELIANCE,1341.8176890740947,1355.9162629863426,1321.2266901231555,1340.0580915840246,3421944,4585603746.147404
2024-11-28 00:58:34.826294,RELIANCE,1374.7904101967588,1392.5345961455819,1375.5363631285575,1378.4096526132123,3299487,4548044729.47181
2024-11-29 00:58:34.826294,RELIANCE,1415.1441850537287,1430.598748883576,1398.2992349107449,1416.7804059347313,1118467,1584622130.2846012
2024-12-02 00:58:34.826294,RELIANCE,1428.6196445205808,1439.2972019502547,1401.0611713539865,1422.2121372088052,2207923,3140134888.6224766
2024-12-03 00:58:34.826294,RELIANCE,1423.1746424758787,1441.133155777863,1421.0666189693434,1423.0854710935923,4801754,6833306353.165542
2024-12-04 00:58:34.826294,RELIANCE,1379.2000889061471,1392.601792520314,1369.5305136058519,1382.5958607430641,616381,852205819.2406706
2024-12-05 00:58:34.826294,RELIANCE,1407.5149842522871,1417.8989462111601,1406.1112626925292,1413.9392349039072,2514484,3555327583.138116
2024-12-06 00:58:34.826294,RELIANCE,1431.6469668263323,1434.3708779816059,1411.1904899606427,1424.9279656465176,1918175,2733261200.504009
2024-12-09 00:58:34.826294,RELIANCE,1452.500117900659,1474.7250034218553,1448.7490513317432,1456.927754670853,4691423,6835064377.601196
2024-12-10 00:58:34.826294,RELIANCE,1533.7227848578164,1554.1220620453646,1538.0605289633643,1538.2299126625978,4818427,7411848543.3811035
2024-12-11 00:58:34.826294,RELIANCE,1530.982181842227,1545.298048805915,1537.4270933610044,1538.5570515853935,3009079,4629639714.227525
2024-12-12 00:58:34.826294,RELIANCE,1543.5264921163932,1560.1024999130184,1524.7267832541274,1549.6005270964665,615294,953459906.7192932
2024-12-13 00:58:34.826294,RELIANCE,1571.4353038050374,1586.404803939241,1561.0865881352372,1570.303921133086,4351424,6833058169.712618
2024-12-16 00:58:34.826294,RELIANCE,1536.5193952066809,1542.0619117676615,1527.2490461377006,1529.9139348886779,1189944,1820511907.337173
2024-12-17 00:58:34.826294,RELIANCE,1489.2399994384248,1490.885325709049,1477.2282575223933,1487.498636607249,1605534,2388229636.0265827
2024-12-18 00:58:34.826294,RELIANCE,1518.1635997746127,1544.5933717620603,1503.0665043451106,1518.0510827586536,2794544,4242260545.016699
2024-12-19 00:58:34.826294,RELIANCE,1468.4585194110705,1494.59377938456,1461.6404970115148,1465.4944284637968,3795990,5563002195.504288
2024-12-20 00:58:34.826294,RELIANCE,1475.605719052846,1490.6083640500863,1466.4601500074411,1478.9372985437985,1297079,1918298512.2578917
2024-12-23 00:58:34.826294,RELIANCE,1531.0209402367182,1560.2006189812544,1510.5009891611498,1532.3844394337243,3199015,4902120807.515076
2024-12-24 00:58:34.826294,RELIANCE,1591.697004363076,1599.8192685213908,1563.7851049618857,1589.9813316032075,948982,1508863664.027475
2024-12-25 00:58:34.826294,RELIANCE,1599.0212705797167,1617.921021327866,1591.727892759638,1591.777718751064,618834,985046172.8055959
2024-12-26 00:58:34.826294,RELIANCE,1673.2866245640998,1672.7162996083339,1662.3980764863588,1671.0073476460452,4979125,8320154459.848115
2024-12-27 00:58:34.826294,RELIANCE,1635.2979108108711,1662.3679398304666,1619.9779324407239,1642.53286235823,3759360,6174872341.435036
2024-12-30 00:58:34.826294,RELIANCE,1614.5047632201135,1633.195126426698,1605.9640327573354,1620.752966261465,2252683,3651042654.296776
2024-12-31 00:58:34.826294,RELIANCE,1609.4289413675135,1615.43993391444,1598.0361874972145,1611.5392032573172,1760386,2836931051.8653355
2025-01-01 00:58:34.826294,RELIANCE,1618.0219637206585,1616.2601123391253,1611.3798707418323,1613.9680303298242,3879569,6261500337.458646
2025-01-02 00:58:34.826294,RELIANCE,1581.8709701590526,1614.0087455110595,1562.9889656166963,1584.171642170077,1923286,3046815140.9827185
2025-01-03 00:58:34.826294,RELIANCE,1565.309729242149,1573.8281088991928,1543.9658658516262,1562.5179790459863,3913821,6115415679.267741
2025-01-06 00:58:34.826294,RELIANCE,1579.6340134195937,1607.6051487414472,1558.415020098412,1587.4102411726485,1303328,2068916214.8070657
2025-01-07 00:58:34.826294,RELIANCE,1535.8955800658678,1560.9765308053861,1511.9545800357803,1534.1685133601243,1029525,1579464838.717082
2025-01-08 00:58:34.826294,RELIANCE,1518.8149422378435,1552.1175128634823,1522.5739026931008,1524.5999082733035,2186293,3333222107.2585654
2025-01-09 00:58:34.826294,RELIANCE,1542.7640538321368,1546.6243855246396,1541.8791057056296,1542.2401938176813,2664367,4109093878.481434
2025-01-10 00:58:34.826294,RELIANCE,1583.1177605730225,1593.7019858052029,1568.953086187354,1584.3530131218931,2248014,3561647754.4401994
2025-01-13 00:58:34.826294,RELIANCE,1566.5222290021568,1566.6831159920794,1561.463033387942,1565.3138085149428,2788627,4365076349.897599
2025-01-14 00:58:34.826294,RELIANCE,1552.3294087945055,1562.067550438116,1528.7945380638564,1551.4196191508336,3082115,4781653679.479072
2025-01-15 00:58:34.826294,RELIANCE,1570.216641810089,1594.3442295617383,1546.1147629330922,1567.828969225753,788790,1236687812.6355817
2025-01-16 00:58:34.826294,RELIANCE,1588.7432465343556,1611.255659544933,1581.1009072890479,1589.8572423751227,4193305,6666756323.737814
2025-01-17 00:58:34.826294,RELIANCE,1568.6445468580996,1596.4894768414022,1557.6560455535143,1571.6886957029049,1852695,2911859788.0852933
2025-01-20 00:58:34.826294,RELIANCE,1599.2247696250035,1620.6937028569416,1567.1200927183104,1594.4671929851213,549115,875545852.6760249
2025-01-21 00:58:34.826294,RELIANCE,1608.2383781583549,1615.3707140152778,1591.3519680383483,1601.5656911638225,3549851,5685319570.343587
2025-01-22 00:58:34.826294,RELIANCE,1571.4359452550161,1581.8011982579833,1551.269829869089,1570.1453054941935,991072,1556127048.2067413
2025-01-23 00:58:34.826294,RELIANCE,1594.915892685842,1613.5576084492125,1579.7206034127585,1591.643698258561,2555723,4067800407.444464
2025-01-24 00:58:34.826294,RELIANCE,1648.272016573405,1668.0214490825224,1649.065029738985,1653.7814206625437,3148790,5207410399.568011
2025-01-27 00:58:34.826294,RELIANCE,1646.9079771304187,1651.8567001018123,1635.4405522270347,1640.5084024903626,3853597,6321858258.311654
2025-01-28 00:58:34.826294,RELIANCE,1628.2501579949483,1657.1453865988244,1615.1742777308857,1636.0138985990031,657164,1075129437.6589153
2025-01-29 00:58:34.826294,RELIANCE,1647.2847221512375,1652.280987179077,1636.3975632790173,1649.9146173061897,3706420,6115276535.876008
2025-01-30 00:58:34.826294,RELIANCE,1631.0508625307925,1656.2659669812158,1614.3373136030773,1634.1358250754363,1662928,2717450219.321045
2025-01-31 00:58:34.826294,RELIANCE,1705.36458436283,1715.1186875390706,1673.9319623303622,1707.6768859685526,570640,974468738.2090949
2025-02-03 00:58:34.826294,RELIANCE,1652.3719980561452,1675.8885811177538,1648.4853588386268,1653.1324121652226,3234296,5346719548.136331
2025-02-04 00:58:34.826294,RELIANCE,1710.629991089472,1711.8187720931164,1693.5811075366344,1710.8765335364117,2507635,4290253876.1745796
2025-02-05 00:58:34.826294,RELIANCE,1701.736001872926,1706.8920933520405,1692.5550335217738,1693.8761218127047,4598502,7789292733.907967
2025-02-06 00:58:34.826294,RELIANCE,1679.243455350228,1700.248858710034,1681.7572236736921,1687.1569674039372,925523,1561502577.942594
2025-02-07 00:58:34.826294,RELIANCE,1722.4063012606955,1756.8303381137232,1714.7845273674575,1730.6554341071496,2817336,4875837858.1057005
2025-02-10 00:58:34.826294,RELIANCE,1642.5928448861623,1675.69386122894,1642.2385680241966,1646.0620066216893,4288340,7058873545.476055
2025-02-11 00:58:34.826294,RELIANCE,1640.3464137295089,1643.1552431645623,1603.8881899199596,1632.9017073871976,4443334,7255527675.091586
2025-02-12 00:58:34.826294,RELIANCE,1635.736762122029,1661.0723188934755,1601.8959941978856,1634.0546192936824,3538370,5781889843.270187
2025-02-13 00:58:34.826294,RELIANCE,1609.4489127901156,1643.865211427751,1600.2980321588145,1612.8616403165327,3034629,4894436706.69212
2025-02-14 00:58:34.826294,RELIANCE,1634.8438739670846,1647.8600730206442,1618.9950924069567,1636.7177209105885,2636233,4314769267.549283
2025-02-17 00:58:34.826294,RELIANCE,1694.787467298776,1719.502919094839,1682.2441013682374,1700.6693164287874,3962565,6739012709.854638
2025-02-18 00:58:34.826294,RELIANCE,1708.106827444123,1732.0498214003385,1688.6378367900907,1703.6449504385728,1786643,3043805325.186423
2025-02-19 00:58:34.826294,RELIANCE,1657.8173413952097,1669.7164133745969,1654.6349891826562,1661.1007853425933,4942987,8210799587.638229
2025-02-20 00:58:34.826294,RELIANCE,1558.1274355194562,1575.7694415643964,1556.591448557538,1565.0504741315829,948345,1484207791.890316
2025-02-21 00:58:34.826294,RELIANCE,1612.8112698036084,1623.2298252907835,1594.1739190384167,1605.3237606843322,3676083,5901303386.147742
2025-02-24 00:58:34.826294,RELIANCE,1585.01976300113,1588.154403703944,1569.6803165446843,1583.7453611032015,3819144,6048551593.385125
2025-02-25 00:58:34.826294,RELIANCE,1544.2791115489556,1557.4130159828794,1529.9386317127808,1542.3321590139653,2887312,4453194150.70693
2025-02-26 00:58:34.826294,RELIANCE,1527.5374323665403,1546.7928956009466,1501.0788598679908,1520.030784824903,3888532,5910688347.77675
2025-02-27 00:58:34.826294,RELIANCE,1465.354375538766,1482.5155963356115,1458.4426749356087,1464.3384561591054,3838442,5620778232.336268
2025-02-28 00:58:34.826294,RELIANCE,1466.442615576309,1469.1404922635531,1454.0201143808567,1467.981974603351,923570,1355784112.284417
2025-03-03 00:58:34.826294,RELIANCE,1499.553047182549,1505.7356668917387,1470.0083343057927,1498.9081481878839,3098260,4644007159.204593
2025-03-04 00:58:34.826294,RELIANCE,1562.8205225942875,1578.9271379968825,1539.8438097159362,1556.4475762266068,3818230,5942874828.975717
2025-03-05 00:58:34.826294,RELIANCE,1597.5961419326675,1595.8665215822077,1566.5421112981,1591.7073157525272,660775,1051760401.5663761
2025-03-06 00:58:34.826294,RELIANCE,1656.6861545208296,1689.3393603506995,1653.7534871491528,1662.9251033880619,4275803,7110340145.841985
2025-03-07 00:58:34.826294,RELIANCE,1631.234913973146,1655.7901736610115,1620.2706025369307,1625.1067893390614,4510912,7330713717.311044
2025-03-10 00:58:34.826294,RELIANCE,1634.7751552827772,1667.4714047646403,1619.5744023047962,1635.3855530452993,2679996,4382826740.61919
2025-03-11 00:58:34.826294,RELIANCE,1725.1757418999837,1739.166352522438,1706.0233352839896,1718.926626734647,1075278,1848323985.3419778
2025-03-12 00:58:34.826294,RELIANCE,1711.3635050135238,1722.0081011706234,1688.9071494012583,1715.0373971470938,4062737,6967745889.773192
2025-03-13 00:58:34.826294,RELIANCE,1733.8981336805102,1753.6177709097763,1718.7754029227685,1735.867640307426,4571647,7935774090.208523
2025-03-14 00:58:34.826294,RELIANCE,1782.7433590939936,1812.2049428693435,1746.4256073028798,1781.366736173197,635230,1131577591.8193
2025-03-17 00:58:34.826294,RELIANCE,1764.3933062288875,1795.2537811576951,1739.021882598471,1766.0253925722204,3751298,6624887523.105386
2025-03-18 00:58:34.826294,RELIANCE,1729.0835843363793,1760.850557821935,1720.8854914012418,1727.8131414503591,1823483,3150637890.6113253
2025-03-19 00:58:34.826294,RELIANCE,1723.5500024194357,1759.8633413479656,1715.1136318625493,1730.3109465605783,663273,1147668532.4580743
2025-03-20 00:58:34.826294,RELIANCE,1738.5879466127667,1763.5233870428838,1730.4121948583963,1732.5764459699235,1587341,2750189628.3223443
2025-03-21 00:58:34.826294,RELIANCE,1741.2846095846721,1750.1862833274622,1716.92464382189,1734.6329036320813,4540479,7876064271.650489
2025-03-24 00:58:34.826294,RELIANCE,1748.6933576246554,1778.8406607839804,1745.814723180485,1746.4824416459737,3508038,6126726771.626859
2025-03-25 00:58:34.826294,RELIANCE,1736.1942308264258,1760.4822783125644,1711.4953607812085,1736.596366314183,3158571,5485162921.345355
2025-03-26 00:58:34.826294,RELIANCE,1746.484373488952,1747.815039749336,1732.6905878375203,1743.1282862146916,2723069,4746658599.214354
2025-03-27 00:58:34.826294,RELIANCE,1835.4157705219382,1867.583911385928,1827.7653138218143,1838.0125969623255,4600673,8456094928.504453
2025-03-28 00:58:34.826294,RELIANCE,1862.2785191801474,1903.4457909505709,1867.350553529182,1867.6816294248376,827359,1545243205.2393043
2025-03-31 00:58:34.826294,RELIANCE,1963.9983216138633,1980.7233854077026,1921.8885134981795,1954.269560167107,3073619,6006680051.251264
2025-04-01 00:58:34.826294,RELIANCE,1875.033605986479,1879.4304240707843,1851.1649368256403,1878.8924867177057,1853038,3481659175.802404
2025-04-02 00:58:34.826294,RELIANCE,1951.6895626268235,1973.9971485720816,1939.6323974741233,1945.1898159554012,1150199,2237355381.1220865
2025-04-03 00:58:34.826294,RELIANCE,1859.5350902466034,1883.358910790729,1830.4047495761085,1854.83442190985,3191276,5919288574.6147785
2025-04-04 00:58:34.826294,RELIANCE,1856.1788813096596,1882.5726856781496,1828.5336818789997,1851.2524037071335,3857519,7141241321.095938
2025-04-07 00:58:34.826294,RELIANCE,1867.2688501241844,1893.2683110968603,1872.0706167152066,1874.9824394941597,1572647,2948685508.523172
2025-04-08 00:58:34.826294,RELIANCE,1804.1994876464707,1820.5727604205651,1803.4850367076453,1805.8691395163883,2450367,4425042145.789353
2025-04-09 00:58:34.826294,RELIANCE,1854.9012204642954,1861.833740950585,1827.6803683365247,1857.709696063201,4650276,8638862814.569998
2025-04-10 00:58:34.826294,RELIANCE,1857.4611442236235,1851.8571025749993,1813.8589272822649,1849.1825752559812,2745131,5076248411.995027
2025-04-11 00:58:34.826294,RELIANCE,1852.0161549726029,1862.6916320468742,1848.751773589625,1851.5981270821246,591865,1095896125.4854617
2025-04-14 00:58:34.826294,RELIANCE,1831.284805418641,1860.3728765906783,1805.3760005940085,1831.2733733636892,2783869,5098025174.6326
2025-04-15 00:58:34.826294,RELIANCE,1839.451799771123,1850.456660745772,1832.8742717918458,1847.7625551139342,3256944,6018059167.302998
2025-04-16 00:58:34.826294,RELIANCE,1893.7182716055406,1906.4223080658603,1886.938146282681,1897.602845014502,2067438,3923176230.691092
2025-04-17 00:58:34.826294,RELIANCE,1859.8387949877351,1888.6712912120138,1839.1886606412872,1854.2115828096958,1315131,2438531133.112098
2025-04-18 00:58:34.826294,RELIANCE,1898.9309112555616,1903.4109126223195,1873.2291033589993,1891.2503355649644,3401614,6433303618.962481
2025-04-21 00:58:34.826294,RELIANCE,1925.4592537111077,1955.4809148146971,1892.9456108234435,1930.7489459479784,618033,1193266563.3110669
2025-04-22 00:58:34.826294,RELIANCE,1877.7766950408459,1889.2593410226489,1851.5313578599446,1875.8353349760034,1921796,3604972843.4155436
2025-04-23 00:58:34.826294,RELIANCE,1830.6456491764654,1870.234313615133,1819.08567618906,1837.5747636278445,4220464,7755418137.199827
2025-04-24 00:58:34.826294,RELIANCE,1792.736918656502,1814.6620783923465,1771.2325905926475,1793.645404680867,967010,1734473042.780445
2025-04-25 00:58:34.826294,RELIANCE,1850.7606421889427,1884.0960189102525,1849.7264657935698,1858.7201314865063,1423875,2646585127.2203493
2025-04-28 00:58:34.826294,RELIANCE,1904.5677588649066,1931.766159311762,1869.9430973228154,1900.5015856914902,3193714,6069658521.245111
2025-04-29 00:58:34.826294,RELIANCE,1880.1959590719653,1898.75951854705,1873.8394791145813,1879.2093559804557,1072735,2015893648.4876943
2025-04-30 00:58:34.826294,RELIANCE,1949.7062117516716,1954.9068221725438,1925.0374920990243,1944.3525119597236,4359744,8476879197.901334
2025-05-01 00:58:34.826294,RELIANCE,1942.5912572251846,1952.0017067718275,1922.2786447099315,1946.7909897466209,1025893,1997199248.84413
2025-05-02 00:58:34.826294,RELIANCE,1941.9901103445611,1979.8910834655583,1938.2934550333068,1950.683682619935,4648887,9068508013.243942
2025-05-05 00:58:34.826294,RELIANCE,1919.975228555823,1949.3464408453315,1927.8126048758124,1929.6207331574697,3353406,6470801744.294658
2025-05-06 00:58:34.826294,RELIANCE,1900.1711637223507,1931.3616657767977,1902.0461016968184,1904.4338664666716,3594235,6844982858.039837
2025-05-07 00:58:34.826294,RELIANCE,1895.6890940544215,1889.4223843356601,1879.951668067014,1889.2780464153027,2466197,4659331850.23528
2025-05-08 00:58:34.826294,RELIANCE,1870.3935097019216,1877.701044430801,1862.0960675192855,1865.8984845689151,1025134,1912795977.0800703
2025-05-09 00:58:34.826294,RELIANCE,1881.4506124268275,1894.2727955657049,1852.3291237656463,1884.0839226920855,3471820,6541200244.480836
2025-05-12 00:58:34.826294,RELIANCE,1891.2124358225096,1924.645604956206,1860.9515468087645,1894.7490243329623,1454480,2755874560.911807
2025-05-13 00:58:34.826294,RELIANCE,1868.377518729223,1903.6397428990272,1855.5060891502274,1869.6148780995304,1364909,2551854173.651952
2025-05-14 00:58:34.826294,RELIANCE,1780.5396462078427,1775.4796989042413,1747.9624290120885,1772.3147161379686,1071650,1899301065.5492542
2025-05-15 00:58:34.826294,RELIANCE,1769.224058903811,1783.0511095844313,1746.9439425846144,1769.3335091588697,4257974,7533776079.327229
2025-05-16 00:58:34.826294,RELIANCE,1725.577628559364,1722.21734956883,1716.3169843725748,1722.067072708947,1156702,1991918427.1365845
2025-05-19 00:58:34.826294,RELIANCE,1707.6305590234576,1726.7106720570314,1671.077349901925,1704.0002537799805,2690222,4584138970.724486
2025-05-20 00:58:34.826294,RELIANCE,1723.3862738880844,1751.5849479274814,1694.7473696600798,1718.899297146178,2824797,4855541577.880632
2025-05-21 00:58:34.826294,RELIANCE,1739.1909374805075,1746.3827131565704,1715.4604524191213,1742.7103024461103,2212503,3855751772.2929263
2025-05-22 00:58:34.826294,RELIANCE,1738.7429415392794,1737.9134146607155,1723.7374832532162,1736.2401648586833,4337247,7530502446.31283
2025-05-23 00:58:34.826294,RELIANCE,1769.012860720871,1778.5925743685546,1745.7283088904528,1760.9687586804828,1983624,3493099892.968814
2025-05-26 00:58:34.826294,RELIANCE,1750.7630499524282,1758.8211213305258,1738.5881017640763,1751.503943035983,4563309,7992653706.791589
2025-05-27 00:58:34.826294,RELIANCE,1726.9905518602507,1731.0524852320518,1702.6955949685055,1729.2417954498558,1562636,2702175482.274581
2025-05-28 00:58:34.826294,RELIANCE,1746.317819380252,1776.5168799831888,1718.052759951764,1747.7771358288667,3062469,5352513297.384693
2025-05-29 00:58:34.826294,RELIANCE,1832.4465000285165,1861.9001850106079,1820.3806818380149,1837.7392984672413,4181262,7684069494.587734
2025-05-30 00:58:34.826294,RELIANCE,1828.322799655839,1829.2576255892498,1796.7072693499888,1821.3986300393346,2127781,3875537398.4237256
2025-06-02 00:58:34.826294,RELIANCE,1834.9639663624384,1843.8145684456915,1827.981123188375,1832.9888819414903,2038601,3736732967.714804
2025-06-03 00:58:34.826294,RELIANCE,1877.9758725221134,1902.8317870754802,1863.2955648646528,1875.1324262023884,4302010,8066838448.846937
2025-06-04 00:58:34.826294,RELIANCE,1914.1266927862653,1926.4631583765388,1884.0945429420767,1911.3584226105984,2399492,4586289244.186749
2025-06-05 00:58:34.826294,RELIANCE,1985.6939697508528,2027.1452041309244,1980.2360673113596,1991.6846529592337,3631209,7232223236.987446
2025-06-06 00:58:34.826294,RELIANCE,2014.5575761573014,2019.568320106865,2012.7257261519933,2017.2246297762997,3717635,7499304886.518414
2025-06-09 00:58:34.826294,RELIANCE,1960.2740797452764,1970.4526282287843,1927.2129824836925,1959.963192290518,626108,1227148634.3986316
2025-06-10 00:58:34.826294,RELIANCE,2118.922024547047,2145.3992033025315,2114.8895451536855,2129.2554419793973,2580154,5493806945.64491
2025-06-11 00:58:34.826294,RELIANCE,2130.303608954116,2145.9172894122958,2122.8840362802443,2140.592847305669,3192755,6834388516.19941
2025-06-12 00:58:34.826294,RELIANCE,2041.2211192512925,2057.872852438725,2019.690008482651,2041.366779253944,3886501,7933774028.937233
2025-06-13 00:58:34.826294,RELIANCE,2062.0714568792378,2060.5205217609287,2040.9898813887191,2060.1116381729166,1041656,2145927648.5726476
2025-06-16 00:58:34.826294,RELIANCE,2079.3416788355817,2091.233735401499,2041.701570039256,2069.7484106638713,2551531,5281027232.009598
2025-06-17 00:58:34.826294,RELIANCE,2227.105393080838,2265.8434710225033,2196.8108362226844,2231.30328099187,2914472,6503070935.958938
2025-06-18 00:58:34.826294,RELIANCE,2320.8718003221334,2365.672064855328,2314.551173341939,2320.3776515916948,3821127,8866457694.693617
2025-06-19 00:58:34.826294,RELIANCE,2356.1345256127947,2404.03922026134,2329.351170251116,2367.571133257395,4827021,11428315579.227245
2025-06-20 00:58:34.826294,RELIANCE,2335.570086091974,2356.9272718862376,2343.651208459947,2344.474229731626,994592,2331795313.0972376
2025-06-23 00:58:34.826294,RELIANCE,2304.396623498875,2344.875790320234,2285.248305144561,2309.1694779723275,818408,1889842774.1283767
2025-06-24 00:58:34.826294,RELIANCE,2209.4937999997437,2229.307329421193,2212.7953170479886,2212.855224602721,3422808,7574178565.611991
2025-06-25 00:58:34.826294,RELIANCE,2275.1651362162997,2309.204158578754,2235.3111526618723,2279.729141931388,3261089,7434399627.731888
2025-06-26 00:58:34.826294,RELIANCE,2328.7671011566226,2321.8079588022147,2279.00679383966,2320.712816065265,2587258,6004282799.067386
2025-06-27 00:58:34.826294,RELIANCE,2195.333591369313,2223.300956696654,2169.0817168750677,2189.1339986202397,3101623,6789868360.202504
2025-06-30 00:58:34.826294,RELIANCE,2139.812097731149,2154.9737116782894,2139.1824575328924,2141.996821113768,3403540,7290371860.533554
2025-07-01 00:58:34.826294,RELIANCE,2131.745978079631,2148.097674056215,2116.8602687656826,2137.555096918895,1795302,3837556940.6086855
2025-07-02 00:58:34.826294,RELIANCE,2233.8403317907023,2249.4425221754545,2225.7485362499383,2228.326462598289,3355059,7476166753.278552
2025-07-03 00:58:34.826294,RELIANCE,2302.753502843525,2335.4791520414683,2256.262603344282,2292.25977139791,3378604,7744638032.684064
2025-07-04 00:58:34.826294,RELIANCE,2304.3076193971397,2318.011677028358,2248.8879166835095,2293.041267853792,4596951,10540998349.301756
2025-07-07 00:58:34.826294,RELIANCE,2292.487054737651,2319.0955469734067,2291.880005168983,2302.2577204552745,1088365,2505696723.9233046
2025-07-08 00:58:34.826294,RELIANCE,2410.9103632155457,2425.07590758418,2388.1626940547444,2418.265928106499,3159440,7640366103.896797
2025-07-09 00:58:34.826294,RELIANCE,2358.7150963648487,2379.302421935947,2345.1847159670206,2352.0981302558157,2464956,5797818398.762855
2025-07-10 00:58:34.826294,RELIANCE,2338.9494918355845,2361.352082996584,2313.5933533518314,2331.69503434139,4011049,9352543035.799997
2025-07-11 00:58:34.826294,RELIANCE,2308.855882573143,2316.8232541982566,2288.9301804612865,2304.842453597054,3595900,8287982978.889647
2025-07-14 00:58:34.826294,RELIANCE,2291.2090378505122,2294.9401187250915,2260.236044987579,2281.6833329503424,3102967,7079988086.594925
2025-07-15 00:58:34.826294,RELIANCE,2287.1589437115135,2310.5180864875497,2275.436157903343,2278.2704733737355,3980130,9067812659.189007
2025-07-16 00:58:34.826294,RELIANCE,2172.595540136565,2180.6272782654023,2152.7735495568827,2180.285340157332,972327,2119950303.9391582
2025-07-17 00:58:34.826294,RELIANCE,2239.4625660244074,2246.652232223553,2197.7073989292862,2240.6350135760663,1108746,2484295108.762409
2025-07-18 00:58:34.826294,RELIANCE,2272.2765726479806,2282.592531310258,2248.8593718279963,2271.6028215219762,2462165,5593060961.052656
2025-07-21 00:58:34.826294,RELIANCE,2313.1876595009267,2312.5609422055636,2296.354111106049,2309.0401538935157,901921,2082571804.6397936
2025-07-22 00:58:34.826294,RELIANCE,2235.2337264512526,2248.8796105391484,2204.0335508032226,2228.3933279333355,4316446,9618739466.784534
2025-07-23 00:58:34.826294,RELIANCE,2337.8885258379346,2341.514312205512,2331.7049682842744,2339.4602687732176,2205215,5159012876.602731
2025-07-24 00:58:34.826294,RELIANCE,2386.1987133542325,2397.4875075303776,2385.112408608476,2387.498906133568,3766402,8992280655.059284
2025-07-25 00:58:34.826294,RELIANCE,2316.845556919777,2354.220716370467,2272.285066051553,2308.9109920523338,4911519,11340260206.773886
2025-07-28 00:58:34.826294,RELIANCE,2388.4827777976843,2391.580889388322,2334.3354312817764,2380.0624756317484,3673584,8743359429.48118
2025-07-29 00:58:34.826294,RELIANCE,2370.7128009726453,2423.168137347857,2330.6076570139016,2377.919664243715,3438613,8176745470.424073
2025-07-30 00:58:34.826294,RELIANCE,2300.0515370889757,2340.2303586809157,2269.0480280317693,2295.1920919945437,1786585,4100555763.676072
2025-07-31 00:58:34.826294,RELIANCE,2331.363064448226,2357.407565987806,2309.239700228757,2336.982530969682,2066847,4830185333.187095
2025-08-01 00:58:34.826294,RELIANCE,2393.766156965633,2433.952031858179,2356.8537943777715,2404.0294017359356,3153093,7580128278.407766
2025-08-04 00:58:34.826294,RELIANCE,2430.2527248095607,2476.451186413709,2393.5416569550193,2437.8073031550516,1216756,2966216662.957728
2025-08-05 00:58:34.826294,RELIANCE,2550.1837214406387,2587.672620580756,2512.4396291463536,2538.918499617429,3638145,9236953644.790651
2025-08-06 00:58:34.826294,RELIANCE,2550.025505328732,2576.35158236123,2529.705694283259,2537.9118513643166,1191757,3024574214.2463837
2025-08-07 00:58:34.826294,RELIANCE,2406.914527384768,2442.0578749834044,2395.561359521254,2407.470650541858,3837920,9239679759.127607
2025-08-08 00:58:34.826294,RELIANCE,2353.3445421486235,2381.3707852311513,2342.393010834984,2350.040029048305,1376031,3233727931.211368
2025-08-11 00:58:34.826294,RELIANCE,2311.8658128960624,2346.016858009873,2287.3095137314344,2310.3621065002567,4922375,11372468673.984201
2025-08-12 00:58:34.826294,RELIANCE,2206.970140350078,2218.191580563029,2201.9543449416497,2217.7906719147804,1145188,2539787263.988744
2025-08-13 00:58:34.826294,RELIANCE,2255.594365218699,2256.294214221921,2217.5260574535364,2246.0219528798493,3851278,8650054934.6432
2025-08-14 00:58:34.826294,RELIANCE,2249.2715409060825,2270.051023514097,2217.284370434242,2255.540231455517,2111754,4763146105.937115
2025-08-15 00:58:34.826294,RELIANCE,2260.433199039963,2259.574777487102,2235.934960426647,2255.271751582185,3221864,7266178866.6395855
2025-08-18 00:58:34.826294,RELIANCE,2200.0517586452033,2231.719030888089,2181.173601218541,2210.4592692471247,3494200,7723786778.603303
2025-08-19 00:58:34.826294,RELIANCE,2329.831026153269,2352.265920800296,2320.144474182306,2338.7533086663425,3024388,7073297441.690783
2025-08-20 00:58:34.826294,RELIANCE,2345.0646680221935,2381.657819428629,2333.169898430948,2335.267496366229,928988,2169435480.9142704
2025-08-21 00:58:34.826294,RELIANCE,2419.4897541239457,2431.1319584821135,2394.249601745048,2413.1911340549736,3797291,9163588974.626745
2025-08-22 00:58:34.826294,RELIANCE,2380.5035785021687,2418.0815921526355,2329.307187759774,2374.466142797052,2992118,7104682886.253629
2025-08-25 00:58:34.826294,RELIANCE,2440.6783014605576,2456.216361174067,2400.3839839534708,2438.7974378082836,964071,2351173884.66527
2025-08-26 00:58:34.826294,RELIANCE,2476.7882149471275,2510.982364440564,2465.1639810073784,2482.970777837945,4313270,10709723366.925074
2025-08-27 00:58:34.826294,RELIANCE,2513.342270792455,2521.476949365923,2499.7960404278065,2509.4117522211995,2024102,5079305346.494434
2025-08-28 00:58:34.826294,RELIANCE,2534.2517315986343,2528.8350780605856,2498.158960303495,2523.696645796795,2025233,5111073729.056981
2025-08-29 00:58:34.826294,RELIANCE,2548.1034211292626,2557.225797230274,2553.3955602935,2555.2362921274557,4468222,11417363015.682325
2025-09-01 00:58:34.826294,RELIANCE,2531.024050564904,2583.290347448134,2524.9252481459002,2539.2710500827925,2934206,7450744350.77923
2025-09-02 00:58:34.826294,RELIANCE,2630.1560772301145,2648.8193756118567,2595.4971529899467,2618.3614280586185,3047500,7979456452.008639
2025-09-03 00:58:34.826294,RELIANCE,2585.611674285107,2610.2407903925205,2544.3359304905953,2583.5425451674923,4379275,11314043279.48837
2025-09-04 00:58:34.826294,RELIANCE,2670.6707971320616,2695.391006022835,2628.631543276613,2676.4922731200304,2188472,5857428397.939539
2025-09-05 00:58:34.826294,RELIANCE,2615.4259176006094,2650.2819595978503,2581.957895320519,2603.8010780979607,4637270,12074528625.43133
2025-09-08 00:58:34.826294,RELIANCE,2680.6520649338026,2698.6238619106007,2646.5574063083945,2673.157453592871,1520154,4063610995.7090178
2025-09-09 00:58:34.826294,RELIANCE,2648.185831087804,2687.4308066835797,2646.141965713394,2656.0296148497846,2872280,7628860742.140739
2025-09-10 00:58:34.826294,RELIANCE,2619.7844902635934,2669.0800605138743,2613.336391413269,2624.2045771401918,3486249,9148630582.850416
2025-09-11 00:58:34.826294,RELIANCE,2689.927780523281,2705.241493342254,2650.6821630220347,2701.512995178065,2707148,7313395501.870308
2025-09-12 00:58:34.826294,RELIANCE,2802.8509418754547,2825.6058177999375,2757.204695344539,2802.6569857374734,3547569,9942619040.235703
2025-09-15 00:58:34.826294,RELIANCE,2822.4856276472374,2831.7280390163496,2774.015225310531,2813.0387142825157,3688729,10376537483.49663
2025-09-16 00:58:34.826294,RELIANCE,2734.167391014642,2762.4761790215257,2718.5071716186767,2726.7744832537137,3350171,9135160797.336576
2025-09-17 00:58:34.826294,RELIANCE,2673.3365662710066,2692.0412621753244,2648.2792552187834,2663.325575971945,1058924,2820259372.210516
2025-09-18 00:58:34.826294,RELIANCE,2657.9370109070524,2661.9246120760095,2653.1235614678344,2659.9258857578457,2790435,7422350289.024694
2025-09-19 00:58:34.826294,RELIANCE,2724.6848551679723,2717.4693376663695,2694.8286132725316,2717.468705324697,4665100,12677263257.210245
2025-09-22 00:58:34.826294,RELIANCE,2825.3771453943573,2827.827853056298,2769.7674096878995,2824.7412910145504,4328464,12226790987.470005
2025-09-23 00:58:34.826294,RELIANCE,2889.062272108759,2914.621663417268,2879.3860040885806,2896.9964114342833,4680656,13559843635.158346
2025-09-24 00:58:34.826294,RELIANCE,2940.2040238521568,2948.2386507682163,2905.147367127807,2948.151749744965,788316,2324075194.7519517
2025-09-25 00:58:34.826294,RELIANCE,3058.8121263416906,3058.2562273028298,3004.2243045594755,3044.5985550007154,4587810,13968039696.617832
2025-09-26 00:58:34.826294,RELIANCE,3065.1280504245897,3109.616650527317,3031.885777956233,3057.7315102131247,2175843,6653143702.376656
2025-09-29 00:58:34.826294,RELIANCE,3054.9800068134614,3080.9269642949585,3017.3854625168865,3061.0123160629614,3114235,9532711690.114336
2025-09-30 00:58:34.826294,RELIANCE,3054.0006432582613,3055.414700357999,3021.7712109865834,3044.3567461991233,3210241,9773118845.27502
2025-10-01 00:58:34.826294,RELIANCE,3086.329311783796,3123.5688700311957,3013.425197488076,3073.973775542364,1105409,3397998277.248509
2025-10-02 00:58:34.826294,RELIANCE,3148.8627890092052,3165.576720036288,3103.774745788651,3140.8771634822997,2225690,6990618893.99092
2025-10-03 00:58:34.826294,RELIANCE,3288.9283974750606,3288.7936820987456,3247.882613283743,3283.64126697688,4666769,15323995271.848429
2025-10-06 00:58:34.826294,RELIANCE,3251.190504695508,3255.256443634814,3193.745681229089,3244.3993011992784,3123836,10134971335.46115
2025-10-07 00:58:34.826294,RELIANCE,3266.593765164603,3326.017902451596,3261.0903308228644,3263.8595392764764,2866610,9356212393.88534
2025-10-08 00:58:34.826294,RELIANCE,3307.343997745047,3355.0082374015396,3295.461070612688,3315.1237266391663,958298,3176876436.99086
2025-10-09 00:58:34.826294,RELIANCE,3459.7190810453108,3504.723009200925,3445.2381292465593,3452.316480291352,2226470,7686479073.874287
2025-10-10 00:58:34.826294,RELIANCE,3475.966046517356,3510.8573618933597,3449.8159446240893,3475.4845367561998,3189784,11086044967.592339
2025-10-13 00:58:34.826294,RELIANCE,3419.733204811724,3461.345197656946,3357.5122978301306,3404.992147237787,2639686,8988110101.173525
2025-10-14 00:58:34.826294,RELIANCE,3370.9577686909997,3394.8102984271336,3301.7884837983424,3363.7483599964285,942061,3168856143.7665954
2025-10-15 00:58:34.826294,RELIANCE,3281.593514487041,3322.9715542757654,3218.7755388476758,3275.2200859672676,3117703,10211163487.680408
2025-10-16 00:58:34.826294,RELIANCE,3314.1494811143057,3375.2702478862066,3308.683606540644,3321.6540412973595,4463735,14826983402.03047
2025-10-17 00:58:34.826294,RELIANCE,3142.843181509393,3168.839467322953,3086.1090556011777,3147.7113704639182,2164221,6812343049.896791
2025-10-20 00:58:34.826294,RELIANCE,3228.3705660381816,3262.0129983147144,3170.123721949804,3216.9011161080934,2156671,6937797346.977958
2025-10-21 00:58:34.826294,RELIANCE,3198.7262936573366,3257.2940765892376,3165.013762745526,3196.741986576428,1097897,3509693436.836301
2025-10-22 00:58:34.826294,RELIANCE,3249.4035527738174,3263.89868573212,3202.1355488673153,3253.2906589577287,2542999,8273114892.438846
2025-10-23 00:58:34.826294,RELIANCE,3230.5619816018357,3247.7814106553387,3221.3818695731693,3223.0058399795616,2435740,7850404244.671818
2025-10-24 00:58:34.826294,RELIANCE,3173.991585627957,3163.9905538692515,3118.7483684137683,3163.2681909919406,3677326,11632368363.707628
2025-10-27 00:58:34.826294,RELIANCE,3198.5489620224434,3211.4445394879085,3168.6168372522343,3183.577960320365,1312461,4178321913.380027
2025-10-28 00:58:34.826294,RELIANCE,3137.765627828801,3182.5246893039066,3097.1291028775345,3131.3503986391115,3210626,10053595004.981096
2025-10-29 00:58:34.826294,RELIANCE,3347.8901985697757,3335.770597314918,3298.6841751357015,3332.3270557325995,785555,2617726180.266022
2025-10-30 00:58:34.826294,RELIANCE,3380.533422352255,3431.3611772974245,3361.071437380995,3373.1646111095984,1420597,4791907527.048462
2025-10-31 00:58:34.826294,RELIANCE,3489.011258823906,3517.028076340551,3450.986573723716,3478.575411473709,1910706,6646534910.155285
2025-11-03 00:58:34.826294,RELIANCE,3513.2630871644383,3587.2747138040536,3515.1580428198827,3526.2497349931878,2347865,8279158334.049781
2025-11-04 00:58:34.826294,RELIANCE,3549.41003103972,3576.8033556865666,3494.1963023469343,3556.1743063180234,4061963,14445048453.814478
2025-11-05 00:58:34.826294,RELIANCE,3479.524718286377,3528.8717034752103,3456.125700817726,3473.525835164428,2974968,10333628206.787447
2025-11-06 00:58:34.826294,RELIANCE,3651.964364062193,3689.1175308768,3586.6562222518724,3647.4096940477725,1718758,6269014590.922161
2025-11-07 00:58:34.826294,RELIANCE,3730.4607870574832,3716.2764763412247,3665.2884274693233,3715.373137497509,4477019,16633796128.66596
2025-11-10 00:58:34.826294,RELIANCE,3730.691175655383,3788.6228706376655,3725.9280737510244,3747.4860666390355,3155971,11826957349.216864
2025-11-11 00:58:34.826294,RELIANCE,3860.2424484283442,3895.0186438524534,3819.656128191611,3867.7157803800133,3374299,13050829490.020498
2025-11-12 00:58:34.826294,RELIANCE,3976.762829537452,4041.745514599006,3951.1455675536813,3983.373238794773,1109996,4421528361.5692425
2025-11-13 00:58:34.826294,RELIANCE,4053.525034390228,4134.913057120436,4047.830796027711,4071.0977977464527,3803389,15483968581.873083
2025-11-14 00:58:34.826294,RELIANCE,4003.045736276039,4060.6531043505015,3979.104268192086,4005.7389195467567,3710016,14861355483.34118
2025-11-17 00:58:34.826294,RELIANCE,3833.7335781213415,3879.60658366839,3778.070801088616,3850.808615878485,664053,2557141013.7999554
2025-11-18 00:58:34.826294,RELIANCE,3958.912212016525,4006.400304726714,3903.3168785745006,3953.3090133131554,3890926,15382032825.934504
2025-11-19 00:58:34.826294,RELIANCE,3956.8389375610654,4001.9908390322817,3909.17891672398,3968.785293281665,1846208,7327203158.738956
2025-11-20 00:58:34.826294,RELIANCE,3856.3076934156793,3893.2569868947803,3850.3447811747965,3871.741504388856,4870380,18856852388.145397
2025-11-21 00:58:34.826294,RELIANCE,3883.7569767372884,3962.601074190862,3881.1521558619156,3886.3989924503126,2129849,8277443007.671306
2025-11-24 00:58:34.826294,RELIANCE,3635.901673912222,3648.262459506059,3564.6493595101597,3635.2218512780923,4500737,16361177489.255808
2025-11-25 00:58:34.826294,RELIANCE,3737.1532687527283,3781.944290883685,3696.2949260258424,3751.6608096180344,2123911,7968193661.816649
2025-11-26 00:58:34.826294,RELIANCE,3826.2032091274555,3850.6753954385954,3791.929212346716,3818.3925181521067,827025,3157906072.324746
2025-11-27 00:58:34.826294,RELIANCE,3824.056791189749,3848.2090296611736,3812.2559730296766,3827.9761649345887,1808507,6922921690.117358
2025-11-28 00:58:34.826294,RELIANCE,3748.517807737334,3769.2891619110346,3727.598916389162,3749.1536755396874,4329049,16230269969.941408
2025-12-01 00:58:34.826294,RELIANCE,3768.545147333976,3835.532251191499,3717.221496387243,3762.646970061263,4846664,18236285614.505
2025-12-02 00:58:34.826294,RELIANCE,3838.369298378794,3860.5023725466704,3781.3268136045535,3854.675366657745,3778360,14564351218.364958
2025-12-03 00:58:34.826294,RELIANCE,3905.6669667340225,3920.806462252615,3866.711774500524,3913.6001947593495,4615811,18064438828.57235
2025-12-04 00:58:34.826294,RELIANCE,4042.3622146283046,4089.7351347159624,4015.7780370760843,4037.3700558791525,3403633,13741725955.402128
2025-12-05 00:58:34.826294,RELIANCE,3948.3936404623723,4044.208787736214,3947.7232385419848,3967.63226540699,1717060,6812662657.639727
2025-12-08 00:58:34.826294,RELIANCE,3963.664525098161,4012.6181372896253,3908.4273702945075,3956.699693498309,2822466,11167650357.109398
2025-12-09 00:58:34.826294,RELIANCE,3801.543114410172,3829.319169364797,3763.142440765857,3808.668852211548,2446830,9319165207.656782
2025-12-10 00:58:34.826294,RELIANCE,3872.792241402668,3931.72841614666,3850.492732085679,3858.6658342677474,2729180,10530993621.56685
2025-12-11 00:58:34.826294,RELIANCE,3882.637106396656,3969.700738593969,3838.6931968081753,3896.085278005122,4688891,18268319195.270714
2025-12-12 00:58:34.826294,RELIANCE,3985.4691390220282,3986.3533739619634,3923.6058637366195,3970.263275846053,3284372,13039821535.817053
2025-12-15 00:58:34.826294,RELIANCE,3763.2828375462154,3806.814893232021,3725.0704409025366,3755.728580312354,789102,2963652934.181639
2025-12-16 00:58:34.826294,RELIANCE,3941.5437006569164,4006.9139810374713,3940.688261728173,3960.737637575311,1590805,6300761237.542993
2025-12-17 00:58:34.826294,RELIANCE,4024.4362070206967,4103.552024075171,3994.305360729743,4026.4391895491362,4662065,18771521220.225395
2025-12-18 00:58:34.826294,RELIANCE,3896.5778017013445,3898.0255111678443,3831.1535872754935,3883.3820072477993,4062223,15775163707.628178
2025-12-19 00:58:34.826294,RELIANCE,3951.3675095933836,3940.622806522883,3931.9543110961285,3932.6086926386265,3471981,13653942661.276152
2025-12-22 00:58:34.826294,RELIANCE,3858.2587234755933,3867.9751861358695,3803.035384460127,3860.822974276506,3609244,13934652154.969633
2025-12-23 00:58:34.826294,RELIANCE,3869.1858092139037,3886.6598684311034,3833.274950833457,3853.2123688236975,2698611,10398321283.843687
2025-12-24 00:58:34.826294,RELIANCE,3780.5011122473543,3837.718433766473,3782.2975885722494,3782.9826232907894,1878369,7105837287.128097
2025-12-25 00:58:34.826294,RELIANCE,3814.8559451182755,3858.197022563097,3762.8361620574824,3811.4464542079136,2741984,10450925194.294832
2025-12-26 00:58:34.826294,RELIANCE,3801.2245394314773,3865.482124506045,3804.090261152058,3811.0562230063483,4353321,16590751087.79422
2025-12-29 00:58:34.826294,RELIANCE,3800.432389269947,3878.79238026266,3755.5771761008687,3811.895890957058,1542377,5879380548.606674
2025-12-30 00:58:34.826294,RELIANCE,3825.308949995232,3863.095743435665,3827.5170008160567,3844.0005736886224,2968152,11409577990.795033
2025-12-31 00:58:34.826294,RELIANCE,3818.9179455026137,3846.642415488085,3822.904144028376,3827.6907705309836,798090,3054841727.053073
2026-01-01 00:58:34.826294,RELIANCE,3745.0717887140167,3801.5154606250026,3701.146382987726,3746.6101274774906,4720459,17685719495.742268
2026-01-02 00:58:34.826294,RELIANCE,3885.6248884086367,3885.2147581834333,3805.104221557883,3878.9193358292155,3777419,14652303598.62866
2026-01-05 00:58:34.826294,RELIANCE,3882.329003238518,3931.5335929560115,3805.5456640224497,3869.2319689910396,1886980,7301163340.846712
2026-01-06 00:58:34.826294,RELIANCE,3812.815817965181,3837.7124356041754,3781.1814794564098,3796.3884462288106,3447762,13089043822.146736
2026-01-07 00:58:34.826294,RELIANCE,3857.0183094626354,3909.7585028814124,3795.66238005256,3852.5191985493575,1867223,7193512455.472927
2026-01-08 00:58:34.826294,RELIANCE,3915.178930634334,3919.6987562119057,3885.286103530487,3914.3393430426713,4144843,16224322025.635015
2026-01-09 00:58:34.826294,RELIANCE,3966.6432814991103,3996.194635688306,3907.4944339747476,3950.0229040920367,1670439,6598272309.8885975
2026-01-12 00:58:34.826294,RELIANCE,3947.5247807703863,3985.8271048824995,3885.8186966391877,3956.6704855452012,3622951,14334823292.276472
2026-01-13 00:58:34.826294,RELIANCE,3977.0297631203634,4032.9456317264685,3934.341632732848,3970.4204801894107,528625,2098863526.3401272
2026-01-14 00:58:34.826294,RELIANCE,3966.794653012291,3981.3148365610436,3905.739171352831,3961.6347339263425,1776647,7038426465.126035
2026-01-15 00:58:34.826294,RELIANCE,3958.2445778884226,3996.171820679203,3909.6715965697513,3961.112370415115,3364781,13328275642.837742
2026-01-16 00:58:34.826294,RELIANCE,4024.9633115812208,4012.6095376892304,3941.3766237169093,4007.479455308362,4440285,17794350913.21389
2026-01-19 00:58:34.826294,RELIANCE,4016.1166184351923,4060.2029314422007,4022.708310629741,4024.472102236184,3239956,13039112534.472738
2026-01-20 00:58:34.826294,RELIANCE,4160.993320785416,4211.200574366422,4164.603998129752,4169.288283351538,1019777,4251744297.731381
2026-01-21 00:58:34.826294,RELIANCE,4140.238787349344,4217.3835023046095,4131.87963930332,4140.607478244388,2932593,12142716506.447145
2026-01-22 00:58:34.826294,RELIANCE,4246.460005029486,4269.961522558278,4179.763628157866,4235.260251983249,3387296,14346080110.501852
2026-01-23 00:58:34.826294,RELIANCE,4281.809746418608,4305.7917697339535,4278.326199148529,4292.10063291398,1164468,4998013839.808077
2026-01-26 00:58:34.826294,RELIANCE,4131.150468477728,4164.375486042425,4093.8540970889603,4148.970631512977,3860160,16015690472.941133
2026-01-27 00:58:34.826294,RELIANCE,3988.1061947082967,4037.631328785017,3918.5018732249328,3972.9418486579675,2002025,7953928904.559467
2026-01-28 00:58:34.826294,RELIANCE,4103.348618150946,4143.222029167617,4093.872127236391,4119.39647423433,725049,2986764294.2471266
2026-01-29 00:58:34.826294,RELIANCE,4217.05494417819,4271.170853475969,4182.343406084666,4227.625828895644,1071107,4528239618.710927
2026-01-30 00:58:34.826294,RELIANCE,4007.5998473767436,4041.7410532423146,3946.8379402522814,4013.3435047966673,2586213,10379361145.570704
2026-02-02 00:58:34.826294,RELIANCE,4048.6842698397713,4061.8569709547864,3963.2261221322847,4037.0055016372626,1487471,6004928610.525881
2026-02-03 00:58:34.826294,RELIANCE,4216.063562156432,4224.485802564466,4167.307804371011,4197.058650315401,2201667,9240525527.463957
2026-02-04 00:58:34.826294,RELIANCE,4212.648323071644,4291.698742434642,4138.58263716633,4212.410989373739,1857133,7823007457.928619
2026-02-05 00:58:34.826294,RELIANCE,4188.507227749842,4238.250504214591,4158.6791665330975,4205.220119749608,1248013,5248169377.309068
2026-02-06 00:58:34.826294,RELIANCE,4254.168277088233,4270.529026213003,4180.966288192168,4254.035020608879,4617923,19644806164.475216
2026-02-09 00:58:34.826294,RELIANCE,4008.952359777044,4068.935448667318,3933.1381326849178,4001.8714171569995,1198956,4798067746.828888
2026-02-10 00:58:34.826294,RELIANCE,4052.176366182666,4077.644473803517,3992.779202686386,4042.13748113505,4592966,18565400018.17893
2026-02-11 00:58:34.826294,RELIANCE,4068.3657805039943,4137.229963983025,4067.595385337806,4082.230447304955,2383376,9729490074.575893
2026-02-12 00:58:34.826294,RELIANCE,3976.8227593198812,3987.3507327252437,3959.7931430174485,3969.124658298274,2487755,9874209714.304823
2026-02-13 00:58:34.826294,RELIANCE,3956.7859787807542,3970.2326121651267,3913.005438037072,3970.0744336630937,1494170,5931966116.546385
2026-02-16 00:58:34.826294,RELIANCE,4038.4746049421665,4070.605380472173,4016.107936481577,4029.1109089221063,3829049,15427663096.697283
2026-02-17 00:58:34.826294,RELIANCE,4293.928199846977,4313.5344953211015,4297.591116219114,4311.884857306764,4246169,18308991812.665405
2026-02-18 00:58:34.826294,RELIANCE,4377.078551145587,4381.099296634063,4329.144382157545,4360.03710479418,1997618,8709688601.20474
2026-02-19 00:58:34.826294,RELIANCE,4389.3476033516845,4426.33676245828,4360.977254500203,4406.738997793599,4521080,19923219548.144684
2026-02-20 00:58:34.826294,RELIANCE,4606.121219900096,4623.741464425422,4595.850641049747,4601.163342944459,695246,3198940409.5287633
2026-02-23 00:58:34.826294,RELIANCE,4875.432286445027,4903.612465782272,4859.31894115655,4880.7507004483505,1512384,7381569267.346878
2026-02-24 00:58:34.826294,RELIANCE,4706.49593448613,4742.698343587688,4632.772613924546,4684.951584822397,4900072,22956600082.143852
2026-02-25 00:58:34.826294,RELIANCE,4684.163119244036,4728.330455212258,4637.395215163364,4688.111676450238,3391005,15897410135.401138
2026-02-26 00:58:34.826294,RELIANCE,4680.076650922622,4736.494714500195,4654.862300915978,4670.9016079073635,2498197,11668832384.169352
2026-02-27 00:58:34.826294,RELIANCE,4829.950770796807,4869.74002643672,4745.853371913931,4829.945324933153,1342186,6482684995.890729
2026-03-02 00:58:34.826294,RELIANCE,4969.818782538683,5016.155579210897,4951.8413168974685,4963.296072383483,1624905,8064884604.496284
2026-03-03 00:58:34.826294,RELIANCE,5002.325526567442,5008.760219773954,4963.346011387614,4997.046751850283,3758084,18779321445.38052
2026-03-04 00:58:34.826294,RELIANCE,4904.735078714172,4990.447621257507,4902.01076448939,4922.315524125779,4810796,23680255834.2022
2026-03-05 00:58:34.826294,RELIANCE,4821.369884476872,4913.050476039184,4806.866362735047,4826.589388495231,4577716,22094755469.144836
2026-03-06 00:58:34.826294,RELIANCE,4773.4195376366115,4813.07106514134,4771.316860271419,4773.046998265614,4668962,22285175059.11622
2026-03-09 00:58:34.826294,RELIANCE,4646.41180577703,4639.246349963696,4588.905729361789,4632.848765127562,1280641,5933016075.421726
2026-03-10 00:58:34.826294,RELIANCE,4689.630751558276,4745.692906740079,4622.23749535211,4686.7868891864955,3627748,17002481763.672531
2026-03-11 00:58:34.826294,RELIANCE,4593.474639451317,4605.755054267761,4538.209252649149,4604.836041659591,2888278,13300046632.73248
2026-03-12 00:58:34.826294,RELIANCE,4627.207533840892,4702.908439330164,4549.5706232512575,4625.558217079839,808623,3740332762.1697507
2026-03-13 00:58:34.826294,RELIANCE,4768.546196613018,4798.336178809584,4720.520964524891,4752.230545596376,1647116,7827474967.340521
2026-03-16 00:58:34.826294,RELIANCE,4724.847735173663,4753.634044552464,4693.827766381027,4711.112101408731,2814181,13257922164.654524
2026-03-17 00:58:34.826294,RELIANCE,4603.7932608489555,4668.483820438572,4544.724794312851,4587.508796476367,3765696,17275163524.85587
2026-03-18 00:58:34.826294,RELIANCE,4679.010431291535,4735.395574030072,4623.432445956152,4698.9480808119915,3770209,17716016344.810097
2026-03-19 00:58:34.826294,RELIANCE,4686.722823765041,4686.964225704459,4661.715526373987,4667.968140117237,3824664,17853409698.653355
2026-03-20 00:58:34.826294,RELIANCE,4644.910533818682,4663.487863294426,4577.309411817135,4627.448834672555,4730339,21889401693.15614
2026-03-23 00:58:34.826294,RELIANCE,4543.643313066205,4528.495899577632,4463.83511141734,4522.475153016445,4235466,19154789746.44595
2026-03-24 00:58:34.826294,RELIANCE,4332.038456151039,4383.237343054919,4280.626301019082,4350.567286310668,3482448,15150624345.078014
2026-03-25 00:58:34.826294,RELIANCE,4353.4858669825635,4443.266258507489,4307.67453275295,4356.38407203828,2543037,11078445881.40401
2026-03-26 00:58:34.826294,RELIANCE,4010.9092706009983,4035.7837104657765,3989.9266483201704,4018.0951454641854,2113325,8491540923.288099
2026-03-27 00:58:34.826294,RELIANCE,4091.833732503138,4102.68659167736,4066.772791126077,4097.05611580619,4615362,18909397108.759487
2026-03-30 00:58:34.826294,RELIANCE,4150.833266144384,4212.338938996394,4097.779200803603,4152.318196596624,4102684,17035649428.085825
2026-03-31 00:58:34.826294,RELIANCE,4317.7263937686985,4309.451979905837,4289.973836255643,4308.731242757692,3651629,15733887959.260027
2026-04-01 00:58:34.826294,RELIANCE,4389.518341224692,4424.8536522559625,4381.966917218633,4382.432636202246,1468616,6436110688.448797
2026-04-02 00:58:34.826294,RELIANCE,4319.993259612504,4373.446990787525,4259.63954366365,4306.879043668514,3369729,14513015212.942059
2026-04-03 00:58:34.826294,RELIANCE,4406.3216050712645,4493.352171102376,4373.843223663005,4425.507804424076,4181887,18506973555.719585
2026-04-06 00:58:34.826294,RELIANCE,4471.336691036521,4525.802018887369,4387.156812144645,4458.764758940684,751537,3350926690.640005
2026-04-07 00:58:34.826294,RELIANCE,4470.759231016773,4482.499162292073,4409.953414285953,4469.954278682012,3947794,17646458681.655174
2026-04-08 00:58:34.826294,RELIANCE,4238.153852159817,4295.894090039835,4218.671821733199,4233.05413162415,4012664,16985823924.019487
2026-04-09 00:58:34.826294,RELIANCE,4322.6692568500775,4413.109251444292,4270.858314432439,4335.894811330873,3290358,14266646179.62103
2026-04-10 00:58:34.826294,RELIANCE,4374.5116878823665,4422.836589718612,4304.6934455756,4356.726289991922,1750632,7627024458.501139
2026-04-13 00:58:34.826294,RELIANCE,4337.099620521934,4407.431054036046,4280.295432911324,4330.425017916879,4211584,18237948718.658443
2026-04-14 00:58:34.826294,RELIANCE,4389.080060345271,4396.994597649189,4341.730422392575,4383.276981899952,1460612,6402266959.086853
2026-04-15 00:58:34.826294,RELIANCE,4253.488152565738,4267.302863556754,4227.135039208962,4244.3036021479575,1797638,7629721438.75805
2026-04-16 00:58:34.826294,RELIANCE,4284.201095028976,4312.923347181199,4273.743079830447,4292.192005883466,2654174,11392224425.023743
2026-04-17 00:58:34.826294,RELIANCE,4595.781432170607,4682.745023296557,4552.595963475084,4599.237720552095,2046236,9411125796.351637
2026-04-20 00:58:34.826294,RELIANCE,4485.361575512527,4506.329827843348,4436.757551102985,4499.403296184844,1094305,4923719524.031556
2026-04-21 00:58:34.826294,RELIANCE,4375.535876406532,4452.673480563873,4322.888094083548,4380.670075861407,2179161,9546185383.18422
2026-04-22 00:58:34.826294,RELIANCE,4432.362546155727,4443.306898142539,4358.076402277656,4419.270834133338,2226676,9840284303.864685
2026-04-23 00:58:34.826294,RELIANCE,4573.401688545668,4670.315485602499,4525.872036930668,4584.217600569773,1471248,6744520976.403077
2026-04-24 00:58:34.826294,RELIANCE,4566.075733899654,4598.758243443578,4556.636388128697,4574.102744464044,3107411,14213617183.27776
2026-04-27 00:58:34.826294,RELIANCE,4537.6985201638345,4548.694208408195,4474.962275703317,4528.883457974055,1097218,4969172449.991377
2026-04-28 00:58:34.826294,RELIANCE,4577.8785504158095,4649.429948630794,4513.888761420398,4588.678692785566,2485957,11407257917.08113
2026-04-29 00:58:34.826294,RELIANCE,4472.171795261603,4527.63697879412,4443.028517461433,4459.772501919442,1744289,7779132117.600562
2026-04-30 00:58:34.826294,RELIANCE,4513.1629426027785,4595.166739644414,4498.430941601765,4531.816581828637,4914473,22271490232.34913
2026-05-01 00:58:34.826294,RELIANCE,4545.614935591402,4551.526050349334,4525.077629671004,4548.692297580015,3018970,13732365585.62514
2026-05-04 00:58:34.826294,RELIANCE,4587.065106059043,4689.591425020649,4586.121745253761,4608.555889612941,3588272,16536752059.13321
2026-05-05 00:58:34.826294,RELIANCE,4658.874716897446,4659.834894892138,4594.105417855988,4656.204980751965,2661088,12390571199.819286
2026-05-06 00:58:34.826294,RELIANCE,4700.495842236853,4793.392143641054,4625.189245318202,4708.829182224542,4419047,20808537471.221817
2026-05-07 00:58:34.826294,RELIANCE,4651.586893521832,4743.692527282457,4566.891401691255,4659.727875278757,903082,4208116369.0624905
2026-05-08 00:58:34.826294,RELIANCE,4563.326511474775,4625.383266200727,4525.872450241909,4548.524898966959,3246866,14768450844.609255
2026-05-11 00:58:34.826294,RELIANCE,4758.681831230929,4761.430689588852,4746.007844136275,4755.0346056219005,3509887,16689634146.822435
2026-05-12 00:58:34.826294,RELIANCE,4803.092528475974,4810.471014747885,4707.734059899208,4779.2492072702435,3018638,14426823268.535833
2026-05-13 00:58:34.826294,RELIANCE,4712.470663288659,4778.684298411761,4604.324926124945,4698.063344840969,3116241,14640297615.790565
2026-05-14 00:58:34.826294,RELIANCE,4844.704571857757,4861.180651406967,4817.315473129312,4857.260761646854,4570211,22198706562.74683
2026-05-15 00:58:34.826294,RELIANCE,4763.330511611923,4783.160786395876,4746.552283968467,4781.016415511551,1503171,7186685226.320913
2026-05-18 00:58:34.826294,RELIANCE,4721.638964581748,4761.594515832872,4678.826848289191,4708.279773895568,1870485,8806766692.875051
2026-05-19 00:58:34.826294,RELIANCE,4722.246958391626,4736.848953644508,4713.6136178033075,4714.969779475608,2168321,10223567987.202332
2026-05-20 00:58:34.826294,RELIANCE,5102.94083264863,5152.977243938676,5011.892022574395,5089.486602462792,2000071,10179334558.474358
2026-05-21 00:58:34.826294,RELIANCE,5111.246448572034,5220.892493544965,5071.297250460011,5134.921620034901,2019603,10370503108.587347
2026-05-22 00:58:34.826294,RELIANCE,5216.455588338471,5278.274836331237,5123.022277571077,5213.150693173355,1379903,7193642280.961991
2026-05-25 00:58:34.826294,RELIANCE,5023.9185057931345,5077.876924277162,4920.099316318573,5019.554680309259,3159083,15857189858.135416
2026-05-26 00:58:34.826294,RELIANCE,5092.199924953529,5124.0898102813635,5007.300534915015,5079.160188515872,2047261,10398366566.70119
2026-05-27 00:58:34.826294,RELIANCE,5043.6906733772,5072.396884189597,4989.01025160322,5049.283741160227,951157,4802661575.390738
2026-05-28 00:58:34.826294,RELIANCE,5216.510015035286,5290.793098370331,5158.750124367698,5194.26908468679,2620539,13611784712.916037
2026-05-29 00:58:34.826294,RELIANCE,5278.730547728811,5299.607128411498,5172.185650752783,5277.269933125643,1728337,9120900884.408573
2026-06-01 00:58:34.826294,RELIANCE,5339.24370471392,5382.7042797782515,5228.190688969477,5313.678645185379,4190583,22267411397.97688
2026-06-02 00:58:34.826294,RELIANCE,5237.60010668202,5288.359348221144,5220.78188692856,5226.358201760769,3130146,16359264219.808662
2026-06-03 00:58:34.826294,RELIANCE,5322.620987592311,5396.894943182723,5252.872279146361,5325.029799831532,529725,2820801410.7157583
2026-06-04 00:58:34.826294,RELIANCE,5437.974361231207,5547.430733683402,5426.657897669438,5444.88268581294,3162761,17220862608.26442
2026-06-05 00:58:34.826294,RELIANCE,5357.73315967843,5431.745075289455,5283.012817608275,5357.71390157857,3040034,16287632423.071505
2026-06-08 00:58:34.826294,RELIANCE,5449.10979662265,5470.979304076339,5424.0238492836415,5441.022317811896,4411146,24001143833.126675
2026-06-09 00:58:34.826294,RELIANCE,5575.683846853984,5634.854190218473,5548.141037606537,5568.114533758707,3357261,18693613767.72129
2026-06-10 00:58:34.826294,RELIANCE,5509.805011904132,5548.580878924465,5425.091412646464,5498.525383912593,3599555,19792244538.289494
2026-06-11 00:58:34.826294,RELIANCE,5644.968966737421,5645.08653737757,5623.834556608399,5625.988732841238,1166165,6560831150.633802
2026-06-12 00:58:34.826294,RELIANCE,5534.966763459704,5586.866773476179,5442.327451497254,5519.561524487154,3267891,18037325429.817852
2026-06-15 00:58:34.826294,RELIANCE,5614.391972665807,5685.312710253365,5487.934601600571,5595.470610422636,4437270,24828613875.51005
2026-06-16 00:58:34.826294,RELIANCE,5678.625621882124,5732.045483133921,5630.958793391468,5676.585736321668,3880355,22027167844.864468
2026-06-17 00:58:34.826294,RELIANCE,5618.681123481985,5702.776297618466,5606.969660814424,5638.206738440165,4368452,24630235502.952415
2026-06-18 00:58:34.826294,RELIANCE,5492.847473523584,5533.601557184345,5404.948406103291,5469.802783493492,4601036,25166759519.75376
2026-06-19 00:58:34.826294,RELIANCE,5434.020394712139,5447.573704717328,5438.460334116092,5441.915271747413,2665251,14504070119.940063
2026-06-22 00:58:34.826294,RELIANCE,5376.100148209021,5389.324504906262,5314.925427974352,5380.22488986507,986275,5306381303.251672
2026-06-23 00:58:34.826294,RELIANCE,5368.56020677788,5442.624902101392,5277.691128989481,5348.185065387103,1794929,9599612471.230207
2026-06-24 00:58:34.826294,RELIANCE,5288.852679492461,5395.719060681375,5210.169638140936,5304.169432418027,2914802,15460603669.95093
2026-06-25 00:58:34.826294,RELIANCE,5380.930008916961,5476.904766266604,5366.373878917412,5397.302532659026,3290373,17759138526.292877
2026-06-26 00:58:34.826294,RELIANCE,5244.7497909383765,5333.214598958342,5225.784881546491,5228.92495611848,790998,4136069182.439805
2026-06-29 00:58:34.826294,RELIANCE,4868.230310579175,4909.344428306119,4754.564279656549,4848.962189991043,1909854,9260809834.403152
2026-06-30 00:58:34.826294,RELIANCE,4887.294373794136,4971.862737864089,4882.904161910741,4889.005060252875,4084197,19967659800.069614
2026-07-01 00:58:34.826294,RELIANCE,4905.651301136234,4920.331312926519,4817.893514864017,4913.745269020097,2065070,10147227942.695332
2026-07-02 00:58:34.826294,RELIANCE,5020.445674354401,5089.915331116061,4910.699967017606,5004.582453807925,4290328,21471300229.880848
2026-07-03 00:58:34.826294,RELIANCE,5175.356063066383,5236.996274808956,5189.534644519036,5196.917894238797,3962092,20590666813.420383
2026-07-06 00:58:34.826294,RELIANCE,4837.873137936807,4874.162402476274,4806.383908262701,4851.905182430648,4502713,21846736539.69785
2026-07-07 00:58:34.826294,RELIANCE,5062.273277715018,5084.263763004611,5057.0194205618845,5074.0164714596085,2881732,14621955634.332241
2026-07-08 00:58:34.826294,RELIANCE,5180.7196141001505,5300.239615473619,5120.105846925619,5199.057961997205,1836921,9550258750.609867
2026-07-09 00:58:34.826294,RELIANCE,5245.150996407176,5266.645762039454,5191.664695177905,5220.730431244214,2077969,10848515993.482107
2026-07-10 00:58:34.826294,RELIANCE,5285.911649755682,5304.579437874987,5238.634877034616,5270.191028437924,2211672,11655933932.24736
2026-07-13 00:58:34.826294,RELIANCE,5188.335174469741,5215.743335436054,5175.567180137357,5202.250883854366,3071165,15976970835.712595
2026-07-14 00:58:34.826294,RELIANCE,5149.344416162347,5226.318433061677,5150.352600841109,5156.805295033914,1467561,7567926335.585266
2026-07-15 00:58:34.826294,RELIANCE,5214.639196172031,5314.399341169081,5214.411659634014,5229.7790435740135,2738057,14319433118.711132
2026-07-16 00:58:34.826294,RELIANCE,5112.596125973023,5209.206101685269,5104.7873457098585,5120.653723136153,1158003,5929732373.352834
2026-07-17 00:58:34.826294,RELIANCE,5123.4118176193315,5194.73729664621,5113.7612657364125,5144.87950464404,1433396,7374649702.438748
2026-07-20 00:58:34.826294,RELIANCE,5129.084808626323,5208.238019137528,5111.774591419596,5125.834600739846,1956081,10026547671.6498
2026-07-21 00:58:34.826294,RELIANCE,5220.6472687646465,5269.176749949209,5201.406091251321,5216.437651333676,4945655,25798700952.50665
2026-07-22 00:58:34.826294,RELIANCE,5189.791844938737,5211.732112230933,5132.792089121656,5183.364551395561,2184351,11322287541.205444
2026-07-23 00:58:34.826294,RELIANCE,5145.8375237458295,5214.920588047582,5135.750751721678,5167.4232809119485,4946228,25559253719.898544
2026-07-24 00:58:34.826294,RELIANCE,5110.028575930579,5099.412287298984,5050.963316475894,5093.607741600177,4974770,25339526984.680313
2026-07-27 00:58:34.826294,RELIANCE,5133.531815075136,5210.134428934169,5076.679647751557,5135.666638558142,2902187,14904664954.75714
2026-07-28 00:58:34.826294,RELIANCE,4907.999270820966,4975.954008373272,4815.313641018307,4899.806190372059,4651785,22792844939.27989
2026-07-29 00:58:34.826294,RELIANCE,4855.590063944175,4916.990141468014,4782.9078185975895,4864.644359093757,1288768,6269397981.380543
2026-07-30 00:58:34.826294,RELIANCE,4810.926059779268,4872.664978616836,4751.9256751374,4787.493618120498,3439302,16465636375.789064
2026-07-31 00:58:34.826294,RELIANCE,4810.907886591342,4872.85041457779,4754.040419381353,4825.617985963678,1879904,9071698554.28506
2026-08-03 00:58:34.826294,RELIANCE,4916.200299315432,4964.077454495749,4834.141347998334,4916.565645829941,3329455,16369484072.336725
2026-08-04 00:58:34.826294,RELIANCE,4813.14364150433,4902.704910675392,4780.609186353498,4819.8237350567415,2690421,12967354993.095093
2026-08-05 00:58:34.826294,RELIANCE,4900.758231535742,4953.765055811024,4834.330646972582,4909.190595758408,4885010,23981445152.18578
2026-08-06 00:58:34.826294,RELIANCE,4845.754107951549,4883.052610135639,4771.389655055239,4863.945164231583,3971750,19318374206.03679
2026-08-07 00:58:34.826294,RELIANCE,4778.182953682171,4848.169770363323,4738.1973907378015,4793.739038222691,2078638,9964448126.933138
2026-08-10 00:58:34.826294,RELIANCE,4897.943795761069,4961.617110029506,4875.936132650508,4898.4520365110675,3401717,16663147566.284319
2026-08-11 00:58:34.826294,RELIANCE,5029.666697101869,5064.437797856722,4960.495072297453,5027.019354708104,3633211,18264222016.738388
2026-08-12 00:58:34.826294,RELIANCE,5016.768322078862,5092.317553368836,5016.17601163342,5034.832114335787,3727544,18767558238.79968
2026-08-13 00:58:34.826294,RELIANCE,5078.811344579872,5112.3435880504985,5071.465413261537,5090.07858662426,521253,2653218733.5136557
2026-08-14 00:58:34.826294,RELIANCE,5020.011038230924,5032.305371387614,4910.93216198032,5003.713395716368,4352666,21779493171.27918
2026-08-17 00:58:34.826294,RELIANCE,4845.26745632077,4877.70402655354,4808.8119994639155,4822.604757353408,4963158,23935349382.296623
2026-08-18 00:58:34.826294,RELIANCE,4548.754268924328,4627.132849132002,4521.002543121047,4554.4679289459045,2533901,11540570839.623957
2026-08-19 00:58:34.826294,RELIANCE,4556.43680669967,4626.281658613926,4497.997968754399,4575.332140645997,2026534,9272066144.311895
2026-08-20 00:58:34.826294,RELIANCE,4673.346937761802,4675.87800472836,4596.862360045779,4659.558075890965,3514938,16378057744.156034
2026-08-21 00:58:34.826294,RELIANCE,4717.8073642377785,4751.677322037015,4648.325189986004,4731.030392480325,3210527,15189100812.87868
2026-08-24 00:58:34.826294,RELIANCE,4664.666406308891,4700.993674081887,4676.311709385438,4676.37281936137,779215,3643899846.4386697
2026-08-25 00:58:34.826294,RELIANCE,4638.593733257422,4694.722357909768,4563.479845252459,4621.463399511987,2460584,11371498897.424803
2026-08-26 00:58:34.826294,RELIANCE,4550.9659552429175,4553.409686782871,4497.992717896508,4539.604878414149,1916207,8698822645.251343
2026-08-27 00:58:34.826294,RELIANCE,4561.046149856726,4576.409340992312,4523.4308664543405,4567.842213486892,3702209,16911106553.351095
2026-08-28 00:58:34.826294,RELIANCE,4635.487784711862,4619.764474953805,4589.15810685498,4616.066164073554,2689063,16074074828.669258
2024-09-24 00:58:34.826294,TCS,979.033755851746,994.0656750186213,968.818153708685,976.2933073313926,4932027,4815104951.677727
2024-09-25 00:58:34.826294,TCS,964.1807756917506,971.2067439587104,954.4921790123236,962.9228585749917,4615741,4444602518.161791
2024-09-26 00:58:34.826294,TCS,914.3099280998131,930.009951271148,898.8953848845816,916.0470199190371,3877932,3552368052.0486712
2024-09-27 00:58:34.826294,TCS,907.4911484409887,906.6672541068583,887.7021511977758,903.5089250903928,1267442,1145145159.0344176
2024-09-30 00:58:34.826294,TCS,910.0241635630438,912.459460794454,906.6468863203081,907.8685980643953,879593,798554863.7772557
2024-10-01 00:58:34.826294,TCS,894.1659154895772,912.5964745159488,884.8955615875459,896.2452289160808,3414611,3060328817.3543677
2024-10-02 00:58:34.826294,TCS,876.7990662080207,879.3646085809789,862.2777837162467,874.8651360482155,3321839,2906161128.665268
2024-10-03 00:58:34.826294,TCS,896.6414376083866,907.6550399599226,889.5998073100183,900.8925558308957,4355288,3923646537.6996303
2024-10-04 00:58:34.826294,TCS,889.5010670987913,907.3534733576173,888.4641604546786,892.660222283499,1840683,1643104495.9334579
2024-10-07 00:58:34.826294,TCS,903.76391662564,909.7026624195565,891.6324748840659,902.3897474762238,2588618,2335942343.3324075
2024-10-08 00:58:34.826294,TCS,938.9391213874741,942.9583007760824,925.4916211459531,942.6394473286647,4900852,4619736420.719581
2024-10-09 00:58:34.826294,TCS,930.1099253496227,947.5405687922155,913.6245294305663,932.2575670250455,3449311,3215646280.772727
2024-10-10 00:58:34.826294,TCS,910.1754589804706,917.6505496488534,900.7082472095417,912.8095419926648,717314,654771063.8049264
2024-10-11 00:58:34.826294,TCS,914.8369519184757,927.2773682056425,901.4402285236473,910.5985832460642,2576775,2346407664.3438773
2024-10-14 00:58:34.826294,TCS,890.1158245884359,889.9062104957485,870.1472666251602,887.4967304797017,1081904,960186262.6929111
2024-10-15 00:58:34.826294,TCS,874.6698888916783,873.4780411469487,865.413386019852,870.6271037788871,578116,503323458.72823507
2024-10-16 00:58:34.826294,TCS,882.1208879423812,890.4751637753731,871.208940442401,885.6621638434827,1019385,902830724.8895887
2024-10-17 00:58:34.826294,TCS,846.3951242702252,848.9245081434507,841.6260915582029,847.4263098300638,726256,615448442.0719428
2024-10-18 00:58:34.826294,TCS,888.6884627035727,895.5691927881027,877.069646959442,884.430959461853,3873307,3425672626.3003116
2024-10-21 00:58:34.826294,TCS,870.5718810980777,890.7128211019256,859.1446362514964,873.4846158825724,3022919,2640473241.5591297
2024-10-22 00:58:34.826294,TCS,848.0426810027631,851.0909327590992,848.9373840851338,849.8999052020778,4349091,3696292028.6152096
2024-10-23 00:58:34.826294,TCS,835.6366610073085,848.5642266276565,823.2396834443672,838.8210088434163,850679,713567416.9819086
2024-10-24 00:58:34.826294,TCS,850.9488831442318,865.3231333520017,843.3878142520184,850.9765958097265,2926105,2490046871.8818197
2024-10-25 00:58:34.826294,TCS,832.7296228632114,843.1599720670679,828.1050373893671,830.9963013127337,770146,639988477.4707967
2024-10-28 00:58:34.826294,TCS,832.9899321447833,844.779676275096,832.9681669372486,834.1475950511539,1044026,870871777.070876
2024-10-29 00:58:34.826294,TCS,843.5146148117437,853.718895707807,827.8542618780049,844.6841629177156,4972089,4199844834.917382
2024-10-30 00:58:34.826294,TCS,852.263765575038,866.3943174361548,845.1142802469327,852.4808620799353,4930675,4203306074.635985
2024-10-31 00:58:34.826294,TCS,825.1163088666777,832.4746604720261,808.0903169737697,822.6779676933982,3098133,2548765760.083851
2024-11-01 00:58:34.826294,TCS,811.9839855999933,822.5302202467407,802.4673409462374,812.7077623900303,1834649,1491033483.5611067
2024-11-04 00:58:34.826294,TCS,807.0573224492091,810.0559286587496,806.2132360189711,807.724640785779,1380096,1114737545.8498905
2024-11-05 00:58:34.826294,TCS,793.5972097807082,811.3835443795043,793.6799742828957,797.451519846301,3424537,2730902235.4198923
2024-11-06 00:58:34.826294,TCS,804.2966142745304,818.4977406244908,801.4610176923208,806.6236691186334,797584,643350132.5103161
2024-11-07 00:58:34.826294,TCS,780.4964685787437,782.9859257392975,765.4686354275306,780.4492928195624,2468067,1926201144.7812989
2024-11-08 00:58:34.826294,TCS,779.2589980439549,789.9440185265165,770.2114358199502,776.5288669818821,2523615,1959659896.6484823
2024-11-11 00:58:34.826294,TCS,779.9726642637387,780.170189650059,777.7975733817332,777.9316732838985,3175032,2469957956.4899225
2024-11-12 00:58:34.826294,TCS,794.3695939823245,807.5656996070818,790.9312407027255,798.2011756780596,3444236,2749193224.512697
2024-11-13 00:58:34.826294,TCS,810.2762809304222,810.2512554529432,803.281708084491,810.130333124296,2093786,1696239549.6709874
2024-11-14 00:58:34.826294,TCS,798.6994144273931,804.0176918417059,785.2904848806471,796.9614951494417,3014368,2402335228.2106323
2024-11-15 00:58:34.826294,TCS,798.278723767388,813.4327140829681,790.9958899929889,800.415681843905,1292330,1034401198.1173337
2024-11-18 00:58:34.826294,TCS,783.9935628635449,789.9902527708131,776.3917374310785,786.2677393028871,3544287,2786758526.9306116
2024-11-19 00:58:34.826294,TCS,792.7772339884355,796.7384831462922,786.0881240348675,790.1701498104647,3085181,2437817932.9623995
2024-11-20 00:58:34.826294,TCS,763.2639212923883,770.652105431721,753.6577601144281,760.4728974911864,2505534,1905390700.7426822
2024-11-21 00:58:34.826294,TCS,710.500889574898,713.489708479731,701.6789148283794,710.586869198442,4355798,3095172863.6808352
2024-11-22 00:58:34.826294,TCS,691.6958225204825,706.4674328683508,686.0220614305844,692.6742768140252,4961902,3436981879.4720654
2024-11-25 00:58:34.826294,TCS,666.5956442239154,674.2346950992735,654.4659069494754,666.689743439798,4625903,3084042084.2473917
2024-11-26 00:58:34.826294,TCS,673.0908044738555,677.1269141890048,661.4261176525889,671.0720981395432,3523504,2364525222.083073
2024-11-27 00:58:34.826294,TCS,649.2727261545768,655.1014061090777,646.2181489890199,648.7133050003526,3863244,2506137783.2627826
2024-11-28 00:58:34.826294,TCS,640.0856398352373,643.4645961631134,628.600790311455,640.3165619131804,1208092,773561315.9148179
2024-11-29 00:58:34.826294,TCS,654.9224253160627,668.4959051868443,649.0084517391304,656.0021601750275,2868756,1881910133.0150712
2024-12-02 00:58:34.826294,TCS,649.684791154878,655.8768250462417,647.1523662133845,648.8312900657046,4104886,2663378478.95265
2024-12-03 00:58:34.826294,TCS,642.6665361682221,644.7415261069315,635.4485941308988,643.4655838863957,4738340,3048958714.7522645
2024-12-04 00:58:34.826294,TCS,645.7579969850274,656.1543846211069,643.2523184319966,646.101243470441,837283,540969587.4366612
2024-12-05 00:58:34.826294,TCS,659.306363763066,666.9013256797095,649.2661500068035,661.5253442999401,891180,589538156.3332206
2024-12-06 00:58:34.826294,TCS,693.152187705293,697.4920687747425,684.5407978119514,691.6967069401685,3210864,2220944055.232737
2024-12-09 00:58:34.826294,TCS,709.9098799102998,726.911486418265,703.3726291924773,712.8739169034967,4210879,3001825806.3366795
2024-12-10 00:58:34.826294,TCS,712.8839654396337,722.7873058126904,712.8527539821463,714.4170754176827,4034150,2882065644.7962446
2024-12-11 00:58:34.826294,TCS,711.4519608375088,710.6286146186674,698.9750300325576,708.1531239150063,622019,440484697.9844883
2024-12-12 00:58:34.826294,TCS,683.8965000295522,695.4815716971654,674.9893470066191,685.6417705594804,3627022,2486837785.9381876
2024-12-13 00:58:34.826294,TCS,676.1740231193901,683.2992189112093,662.955039930992,675.0034339940148,4790447,3233568175.3663263
2024-12-16 00:58:34.826294,TCS,675.7995590863825,683.1508152014859,675.2891959966605,678.6592478803481,2536503,1721421218.2262466
2024-12-17 00:58:34.826294,TCS,657.5361549023585,659.4387588574718,644.7552724060407,654.3428703353425,2862854,1873288103.7110164
2024-12-18 00:58:34.826294,TCS,660.762324902999,662.34151927694,656.3913915727553,659.5439812028548,4223234,2785408565.9112573
2024-12-19 00:58:34.826294,TCS,687.5749774541355,694.7481154085579,685.852722194234,689.0821063906056,859281,592115161.461426
2024-12-20 00:58:34.826294,TCS,706.431146415872,722.3254388565712,696.1322702506852,709.840856444661,4358884,3094113951.7029295
2024-12-23 00:58:34.826294,TCS,722.2702005736609,728.3139341547014,723.3136995677343,723.4163062277681,4006172,2898130150.3531103
2024-12-24 00:58:34.826294,TCS,737.9420578586294,748.7749222134415,734.4544300756089,736.6143055026209,2485681,1830988183.5160604
2024-12-25 00:58:34.826294,TCS,731.2928325286728,745.3852737983719,724.7456055653923,733.7901673933475,4567784,3351794985.9766545
2024-12-26 00:58:34.826294,TCS,736.3256328097316,748.9021279127464,735.122183059281,739.6922640556253,2708578,2003514193.1912575
2024-12-27 00:58:34.826294,TCS,734.3966638543363,746.6826340345133,723.4353905365152,735.3620091886252,4380323,3221123122.175146
2024-12-30 00:58:34.826294,TCS,733.6392445221197,748.2822294646887,728.4011079297017,734.3709965545967,990999,727760923.2146088
2024-12-31 00:58:34.826294,TCS,743.0206978739717,748.1774982821953,727.7048319981523,741.0063755219505,907407,672394372.1932466
2025-01-01 00:58:34.826294,TCS,735.625089292014,733.9185737303075,718.9154708180835,732.6376767896866,4922888,3606693227.4158263
2025-01-02 00:58:34.826294,TCS,732.4101948659405,741.5873503496292,727.1002399830202,730.0336808798426,2220444,1620998906.5075612
2025-01-03 00:58:34.826294,TCS,715.8878444512869,725.8451453057688,709.5827868734244,713.7101776045783,797883,569457217.6376737
2025-01-06 00:58:34.826294,TCS,682.8188387552851,680.4224685112899,677.7066249975867,679.7446251807788,4133646,2809823650.900026
2025-01-07 00:58:34.826294,TCS,702.4021823595263,710.2240298524422,693.0786189977155,702.138310791635,3232406,2269596088.6327457
2025-01-08 00:58:34.826294,TCS,694.9816338397766,711.7684405376096,697.7321373470865,698.3549036111576,4309395,3009487129.8474045
2025-01-09 00:58:34.826294,TCS,688.1945850154715,690.8533979451016,682.8296858771996,690.659812664119,4734453,3269896422.047076
2025-01-10 00:58:34.826294,TCS,701.0618746271463,707.3416741865656,686.5594298329635,698.0444595932794,4822751,3366494615.547948
2025-01-13 00:58:34.826294,TCS,689.3713672809594,700.2526249780053,686.3758966216528,692.7430780535858,1861425,1289489284.065896
2025-01-14 00:58:34.826294,TCS,687.2513115259854,688.2509867866916,677.8507253325777,687.2584044160662,2069720,1422432464.7880206
2025-01-15 00:58:34.826294,TCS,659.8372873229503,669.9131881689132,653.411987635362,659.8160385092065,2209813,1458070059.506145
2025-01-16 00:58:34.826294,TCS,659.5544004686207,670.4563581151881,659.593091298751,661.8750559600531,2452026,1622934845.9655054
2025-01-17 00:58:34.826294,TCS,657.8672650848375,663.4635449809989,653.3657806601119,655.4264924601289,1960235,1284789950.4475808
2025-01-20 00:58:34.826294,TCS,659.6558347169021,663.4274133493225,655.6626987494953,656.6200304232108,4361460,2863821997.889617
2025-01-21 00:58:34.826294,TCS,644.3902834158498,646.8330645623597,633.2292952843401,643.5740197944837,2428854,1563147332.2739108
2025-01-22 00:58:34.826294,TCS,629.7724600932736,640.0684629241329,621.4759999993762,627.7772454344571,2701580,1695990450.7208207
2025-01-23 00:58:34.826294,TCS,643.6113558678368,653.6046689256611,642.1954283521939,643.9013891449841,2416334,1555880819.2382562
2025-01-24 00:58:34.826294,TCS,642.6451267692598,649.3613427236171,641.1943178336174,642.343767890236,3699039,2376054648.8329306
2025-01-27 00:58:34.826294,TCS,662.8574458240282,674.7229496642645,652.0420680268326,663.4015406643653,4174942,2769662954.9843664
2025-01-28 00:58:34.826294,TCS,697.7999389320557,701.8789057530137,696.9267812180718,700.6077107534239,541743,379549323.04669213
2025-01-29 00:58:34.826294,TCS,708.9569977168504,708.1308912522089,696.1391689324165,706.3099875869452,1001793,707576401.3946886
2025-01-30 00:58:34.826294,TCS,663.967094665454,674.9338234046317,661.8785544951583,666.6258276546796,768508,512307281.5592425
2025-01-31 00:58:34.826294,TCS,685.7313807369894,686.9516589581948,675.0147538004366,683.7559144276031,1776485,1214682125.6419206
2025-02-03 00:58:34.826294,TCS,671.15132452381,682.5348642630812,661.1715129067753,672.9299960334041,2572723,1731262478.1850476
2025-02-04 00:58:34.826294,TCS,663.6816546457317,677.7137433533154,658.2593666189041,666.1677808185436,3611500,2405864940.4261703
2025-02-05 00:58:34.826294,TCS,641.1814633910413,649.0844695329504,641.5107770109067,643.5813105809382,1100198,708066870.738527
2025-02-06 00:58:34.826294,TCS,641.9622999120801,650.4025268384432,639.3230820645866,640.6787136348952,4224476,2706531849.4614873
2025-02-07 00:58:34.826294,TCS,655.1620521178522,665.7954017291895,642.8558117295843,655.1218286026055,2335295,1529902730.7265217
2025-02-10 00:58:34.826294,TCS,639.7395610982659,651.810074549658,632.7999915017783,639.6530936454573,3553407,2272947780.5314236
2025-02-11 00:58:34.826294,TCS,612.2020196512955,623.2469074890236,606.8079799537005,612.8504737063663,4104724,2515582047.833891
2025-02-12 00:58:34.826294,TCS,604.2673368876614,610.3644304133834,594.2006019791031,604.4371685572409,1560560,943260467.7636877
2025-02-13 00:58:34.826294,TCS,613.5950762696141,616.5006122435698,607.488347026162,611.5650378545346,2423782,1482300330.5811396
2025-02-14 00:58:34.826294,TCS,664.0535669869479,671.7148202090206,660.941544532273,664.1071735583519,3517193,2335793102.08922
2025-02-17 00:58:34.826294,TCS,656.3119958928788,660.7553614093918,650.0164773940372,654.3883879527035,1376336,900658296.3212721
2025-02-18 00:58:34.826294,TCS,672.4070395711096,678.2859408426372,662.2447801735229,675.0612386461033,4808760,3246207481.9518356
2025-02-19 00:58:34.826294,TCS,644.7425817599574,648.1833085419022,640.049733394089,646.001640981381,4412487,2850473842.809011
2025-02-20 00:58:34.826294,TCS,636.2462468894095,637.9242798338598,633.3560697422282,637.4760162579098,648725,413546628.6469125
2025-02-21 00:58:34.826294,TCS,615.3130894174618,621.828326381378,610.6558301068214,615.0418029415318,1408017,865989314.2523268
2025-02-24 00:58:34.826294,TCS,627.3382493943766,639.7895272527094,622.9320147342157,627.6690136644343,2618219,1643374937.2874813
2025-02-25 00:58:34.826294,TCS,620.576001859988,625.1091442544877,616.3847001291697,622.0800245594384,1002264,623488413.7350409
2025-02-26 00:58:34.826294,TCS,587.2038212395323,588.096732701938,577.3753878493812,585.6838536315764,4017847,2353188114.2620683
2025-02-27 00:58:34.826294,TCS,573.1789605141972,580.7624137352076,566.9998496644799,575.936835066308,4100952,2361889315.638846
2025-02-28 00:58:34.826294,TCS,605.6966721117714,613.5151435755201,604.1879233338061,606.6750390152456,1696311,1029109542.1069903
2025-03-03 00:58:34.826294,TCS,610.8114005026853,609.9739451141309,598.9471207371251,609.3368334493038,2787319,1698416133.2730799
2025-03-04 00:58:34.826294,TCS,622.4115036398598,635.2133082319406,619.8940010322328,624.2956504723978,2152131,1343566022.546812
2025-03-05 00:58:34.826294,TCS,603.5248417864501,606.0285237542321,591.2733691520189,602.1838772037837,1679580,1011415996.4739311
2025-03-06 00:58:34.826294,TCS,595.3593689185282,599.7241849560577,591.6979472993665,597.5905501742894,3129137,1869942701.4007256
2025-03-07 00:58:34.826294,TCS,617.5659998868863,622.5894209128049,608.4529471858018,620.1586447977677,2539660,1574992103.8470986
2025-03-10 00:58:34.826294,TCS,638.0439170556812,639.7967512100995,623.2920542701181,635.0181213609806,4624390,2936571450.2405047
2025-03-11 00:58:34.826294,TCS,649.9252207378938,653.1387020665027,640.507982235308,649.6340243933952,2053744,1334181979.793789
2025-03-12 00:58:34.826294,TCS,678.0026910652696,690.3183552907251,673.3386882428235,676.9270417667086,3372875,2283190295.9988875
2025-03-13 00:58:34.826294,TCS,663.0911164203276,662.6409095629575,660.4475999909188,661.9521648176838,4469579,2958647494.873658
2025-03-14 00:58:34.826294,TCS,653.5278657104705,669.9146975435752,646.2476170507267,656.7860606733535,2750618,1806567560.6372182
2025-03-17 00:58:34.826294,TCS,676.454960592831,681.3973721485356,670.472923079964,674.520953779146,2479746,1672640637.0500221
2025-03-18 00:58:34.826294,TCS,657.7396627737828,663.7994057156195,655.078331184884,660.041463092943,3078682,2032057771.677908
2025-03-19 00:58:34.826294,TCS,662.2047474574833,667.6408485238134,659.4882120744365,660.5117890504021,2121788,1401465987.8656745
2025-03-20 00:58:34.826294,TCS,651.5697798462812,656.0653556566206,649.35008776941,654.7253661822673,733979,480554669.5450944
2025-03-21 00:58:34.826294,TCS,681.5707348135287,687.2821746625449,667.7480760887676,678.630953589676,2498547,1695591333.1986241
2025-03-24 00:58:34.826294,TCS,653.7968080410186,658.7474371533447,652.5988106839179,654.0167238164099,3477299,2274211699.7100782
2025-03-25 00:58:34.826294,TCS,647.646485729077,655.3271115247843,643.0514211852712,645.2208873474948,3803481,2454085385.8293366
2025-03-26 00:58:34.826294,TCS,642.022071221396,648.2007058326656,633.9178978454314,641.9433653450384,2666791,1711928789.2118602
2025-03-27 00:58:34.826294,TCS,660.9034559877598,665.5971079163289,650.8587802399727,657.967690386558,1464795,963787783.0397784
2025-03-28 00:58:34.826294,TCS,654.6897024080798,658.4744083499935,655.1828290363894,657.6469901048266,1171986,770753065.3449954
2025-03-31 00:58:34.826294,TCS,673.5583715100071,686.783114621898,666.932371648071,676.722245803603,637900,431681120.5981183
2025-04-01 00:58:34.826294,TCS,695.7829217744281,710.0015164375291,696.1626126097369,698.324430000857,2003061,1398786431.0819466
2025-04-02 00:58:34.826294,TCS,682.7083249925397,687.4747646937492,678.9747494395563,684.0684200131673,1658343,1134420075.849896
2025-04-03 00:58:34.826294,TCS,696.3292288554992,704.8679417503397,692.3540238271988,698.0417782668137,2041019,1424716532.2363539
2025-04-04 00:58:34.826294,TCS,733.19069995555,730.4566145218366,727.5656661412397,729.6404919294491,2157583,1574259921.4986167
2025-04-07 00:58:34.826294,TCS,714.0562989123833,726.2415801544233,716.4817659870151,717.2637165250723,3691849,2648029334.5893717
2025-04-08 00:58:34.826294,TCS,689.6919101502143,694.4172133428433,680.134210493398,687.3792930618592,856778,588931455.9509536
2025-04-09 00:58:34.826294,TCS,691.3959700002351,693.3309143999123,688.2384073637036,690.970370202272,2515074,1737841612.866109
2025-04-10 00:58:34.826294,TCS,716.5385943033021,726.3598943558135,714.8225790725672,717.8391945734973,2302502,1652826181.1838665
2025-04-11 00:58:34.826294,TCS,736.6568120654152,753.8419286307347,739.1689075742519,739.4940159844958,1232722,911590542.3724396
2025-04-14 00:58:34.826294,TCS,753.1146547592766,762.675671682173,746.3786598272372,750.8418758828032,1700847,1277067152.069638
2025-04-15 00:58:34.826294,TCS,738.4807359857003,743.3401486438828,730.8429368464189,741.1814037480617,4601599,3410619606.305677
2025-04-16 00:58:34.826294,TCS,718.8470006951858,729.0593435045865,704.3630133072638,717.8219037044357,1231658,884111090.272798
2025-04-17 00:58:34.826294,TCS,741.2325961874793,742.1187120922094,736.2106544333836,739.8126931923238,2955918,2186825656.435667
2025-04-18 00:58:34.826294,TCS,729.8912146686838,730.4470838589363,726.3470326184307,727.4020903173777,2866304,2084955521.0850608
2025-04-21 00:58:34.826294,TCS,752.8122211261838,757.3332488833411,737.4607625798285,751.2850085547824,1846652,1387361963.617706
2025-04-22 00:58:34.826294,TCS,724.4618435341341,724.6830724552412,709.6618223360881,723.374936009759,3777746,2732726771.011123
2025-04-23 00:58:34.826294,TCS,710.6255360816359,717.1496780234187,706.6144749631352,712.3454424101249,2491161,1774567184.6598492
2025-04-24 00:58:34.826294,TCS,693.1081549803505,703.1464833226207,694.5155108141045,696.2326780800673,601894,419058271.54032403
2025-04-25 00:58:34.826294,TCS,743.5359618675552,749.4934896128321,732.7689326516829,744.2730130008767,1548966,1152853591.855916
2025-04-28 00:58:34.826294,TCS,745.1538600523055,745.1810149864607,737.4553721837452,742.9016014662126,4716794,3504113816.386223
2025-04-29 00:58:34.826294,TCS,727.0937521513561,730.2203448915916,716.3900263763235,728.0157610999793,4055971,2952810814.564444
2025-04-30 00:58:34.826294,TCS,715.3532392390131,716.5920620382608,708.6380263987082,713.8738903097013,4573542,3264932220.034812
2025-05-01 00:58:34.826294,TCS,706.876637127285,718.5905764068214,707.9514465989016,709.6741369148964,1691890,1200690575.504944
2025-05-02 00:58:34.826294,TCS,670.9114310745648,678.0917222603465,662.4560208419435,667.6670089454627,3323978,2219310449.060521
2025-05-05 00:58:34.826294,TCS,683.9841249051938,695.9042618452742,675.8732300901686,683.4471819240217,4328239,2958122747.2436457
2025-05-06 00:58:34.826294,TCS,646.0291722036853,653.0479213786566,637.2093747793472,648.138874048958,2444606,1584444180.333327
2025-05-07 00:58:34.826294,TCS,632.5911241756196,639.9011528200696,620.7290804857013,631.6801591666773,966589,610575093.3687594
2025-05-08 00:58:34.826294,TCS,647.2753597878983,656.595730868403,643.5122240897364,644.7352765065062,2767357,1784212680.5872157
2025-05-09 00:58:34.826294,TCS,651.4100412386937,660.7659783851892,641.2656813835604,651.1227268114786,4082334,2658100445.835211
2025-05-12 00:58:34.826294,TCS,660.1701089368844,661.666164201478,648.9489110270272,659.4663514933006,4378551,2887507052.797343
2025-05-13 00:58:34.826294,TCS,638.6003014610409,638.2954673895603,631.2869853820572,637.1977569810227,2113560,1346755691.2448103
2025-05-14 00:58:34.826294,TCS,646.288755253898,652.7791150963255,648.168218002197,648.4026945803395,3802923,2465825520.4815483
2025-05-15 00:58:34.826294,TCS,650.0619025632471,657.8666798996335,642.6470889807238,650.710466541514,2228782,1450291775.0393288
2025-05-16 00:58:34.826294,TCS,646.750494729927,656.4946258101855,642.9123802230945,645.694845997727,1114673,719738611.0728244
2025-05-19 00:58:34.826294,TCS,652.1160195231304,665.7486773909858,652.5499707707959,654.60034682973,1251993,819555052.0283942
2025-05-20 00:58:34.826294,TCS,630.0713344492546,637.6611575494576,620.8122060853532,627.09414179163,3935715,2468063820.261445
2025-05-21 00:58:34.826294,TCS,623.9867450655522,622.2065452144474,617.2330724559156,620.9971318247964,3074469,1909236430.88425
2025-05-22 00:58:34.826294,TCS,646.4468140785874,650.0734703274952,633.5681985721079,645.5545001469909,4345204,2805065996.2567053
2025-05-23 00:58:34.826294,TCS,646.3005364421249,656.252830770359,641.4492810649818,649.1201450084238,3330514,2161903730.6325855
2025-05-26 00:58:34.826294,TCS,700.7891528830893,703.2983807829544,694.6185909834472,699.7204829178439,4766399,3335147010.0591283
2025-05-27 00:58:34.826294,TCS,719.1521519227297,719.4832981489337,704.8368889365496,716.6890312640306,626202,448792104.7555985
2025-05-28 00:58:34.826294,TCS,735.4130616692007,746.1560074906587,724.463222612228,734.9525740258103,2335932,1716799236.1492593
2025-05-29 00:58:34.826294,TCS,727.229844179923,737.66056849955,716.7054417448625,729.3631475433864,2015554,1470070809.4836626
2025-05-30 00:58:34.826294,TCS,717.3396119942153,731.703797028485,711.3346566391762,717.8268999071203,4246962,3048583566.483343
2025-06-02 00:58:34.826294,TCS,728.3362928809721,736.6404666581328,717.0344548919586,730.9473417741838,2298594,1680151174.1180882
2025-06-03 00:58:34.826294,TCS,728.8206679680962,742.8135635662054,717.268278919873,730.1369526650166,2395618,1749129226.2694616
2025-06-04 00:58:34.826294,TCS,701.9048967244214,704.128555343864,692.7713466693193,702.9580225705216,4970756,3494232808.4405556
2025-06-05 00:58:34.826294,TCS,705.7313603198033,718.1356326100012,700.8043822239667,707.06408916597,2082701,1472603085.570055
2025-06-06 00:58:34.826294,TCS,686.8247435401762,697.6132732769312,681.6728442207841,686.9259501103213,4239469,2912201270.788254
2025-06-09 00:58:34.826294,TCS,697.4599874286716,703.1074192756222,692.7298550636405,697.8568771605595,3594510,2508453523.522403
2025-06-10 00:58:34.826294,TCS,709.5575183394373,720.8482774202845,704.2408834246154,709.3734602090655,2701016,1916029066.000049
2025-06-11 00:58:34.826294,TCS,721.1976631479226,730.6949747181947,717.1373415091865,721.0227810873565,1988543,1433784804.1717951
2025-06-12 00:58:34.826294,TCS,700.3947897700782,715.0607907780484,691.7986871774405,701.9564828639598,1104111,775037874.2514095
2025-06-13 00:58:34.826294,TCS,704.6425667715819,713.2202781786325,703.6865018539013,704.0990960819978,1247948,878679058.757337
2025-06-16 00:58:34.826294,TCS,712.122501222195,718.5305499980869,703.5188121017036,711.2824555486719,731414,520241945.9426763
2025-06-17 00:58:34.826294,TCS,716.234105806748,718.4111083359694,714.4689558613098,717.2423776936573,2143083,1537109946.514856
2025-06-18 00:58:34.826294,TCS,711.9309194172739,714.5295324281705,702.1212217656765,708.736327888698,1904962,1350115772.64751
2025-06-19 00:58:34.826294,TCS,722.4863041209312,726.277694875447,715.3227975038943,725.7324342511951,3413293,2477137437.7025642
2025-06-20 00:58:34.826294,TCS,713.0257905682269,720.0059164639496,709.2885082831237,712.7542692233574,4570101,3257358998.5319347
2025-06-23 00:58:34.826294,TCS,694.0565347559592,694.6915859590576,689.7319018795215,692.361973759655,1394801,965707173.3619406
2025-06-24 00:58:34.826294,TCS,655.4952064588679,659.5074141480853,652.5073464676009,655.7528375100476,2217787,1454320118.2428958
2025-06-25 00:58:34.826294,TCS,647.0792900672951,654.5532390555409,635.4857671041912,646.1408503157995,4896208,3163640000.4430203
2025-06-26 00:58:34.826294,TCS,675.4814358255505,677.0259226037012,672.3375808030939,676.0377569835761,2199660,1487053212.5264928
2025-06-27 00:58:34.826294,TCS,667.9744735413718,672.7111335067182,655.3470468023664,664.7834765355714,3005365,1997916992.9583275
2025-06-30 00:58:34.826294,TCS,698.2405419362091,708.9698715240586,701.1707240055182,701.6973992332538,2791947,1959101948.6970851
2025-07-01 00:58:34.826294,TCS,681.9820994910073,694.0605846199304,668.3105364530728,681.5102884728725,2468921,1682595062.9267328
2025-07-02 00:58:34.826294,TCS,677.3284009136804,683.2584239036163,664.257288466073,677.0538374687635,2264694,1533319763.392484
2025-07-03 00:58:34.826294,TCS,665.3769837710116,665.0859788578465,658.036905402398,664.2238259027797,2172349,1442925963.9760776
2025-07-04 00:58:34.826294,TCS,644.6352759111511,652.3869322341437,640.4266324985805,646.3141090056614,3667126,2370115273.301495
2025-07-07 00:58:34.826294,TCS,658.3123115297896,662.4654587087662,655.6109360332058,657.7719860288955,3911031,2572566628.2905774
2025-07-08 00:58:34.826294,TCS,642.2202127392355,652.8593915212288,633.6678023923873,642.196326666926,1018490,654070536.7469975
2025-07-09 00:58:34.826294,TCS,653.7646537405527,667.0750991600117,642.8763671931649,654.8230582239739,4729228,3096807541.998448
2025-07-10 00:58:34.826294,TCS,641.1584057076799,643.5343067915343,633.493739208824,643.0273750657068,2087542,1342346652.5994158
2025-07-11 00:58:34.826294,TCS,631.9437736152809,642.0729963171104,618.6704144779122,629.8802213758448,2140027,1347960680.5102851
2025-07-14 00:58:34.826294,TCS,631.4189364798947,637.4717574122822,630.4335442379255,630.7847784649836,1502021,947451983.734753
2025-07-15 00:58:34.826294,TCS,600.3650564869738,607.4226553524412,594.3241026964839,601.8899057603096,792007,476701018.5915055
2025-07-16 00:58:34.826294,TCS,601.6278429844436,610.2142938859192,597.9192117705829,601.28359710166,2112119,1269982509.826761
2025-07-17 00:58:34.826294,TCS,587.3602039829095,588.0136986734179,582.122686791851,586.9789458512082,4716803,2768664052.7278166
2025-07-18 00:58:34.826294,TCS,615.4757281034521,622.4540198452837,601.7759890776258,613.93989095839,565756,347340176.9490549
2025-07-21 00:58:34.826294,TCS,616.0828701985475,623.606473381589,613.384891611956,617.4542909717652,4046293,2498400975.379017
2025-07-22 00:58:34.826294,TCS,603.5281661541964,614.2368745372851,595.6231587941711,603.8868561413502,3778262,2281642760.8583302
2025-07-23 00:58:34.826294,TCS,597.8283514417209,597.9747439150171,585.1481033183933,595.5507201724143,1786188,1063765549.7633244
2025-07-24 00:58:34.826294,TCS,581.9777442765193,594.9397937906019,580.7039498215479,584.5511590051876,2284094,1335169794.976795
2025-07-25 00:58:34.826294,TCS,573.9069022416,580.8617150686293,564.1555445558807,574.9729732385111,4162097,2393093286.9970875
2025-07-28 00:58:34.826294,TCS,575.1868209686711,581.870118373258,567.9011976325312,577.7997390635386,2931129,1693605571.3615708
2025-07-29 00:58:34.826294,TCS,594.9907882666602,597.9822944772984,590.5496657066527,595.6098980876735,3782808,2253077887.3652363
2025-07-30 00:58:34.826294,TCS,606.5770979662145,618.390240185465,598.018075845068,607.2721057003274,928556,563886157.3806732
2025-07-31 00:58:34.826294,TCS,636.0138131421652,648.5529827115665,630.0631231751532,635.981279165308,980350,623484247.0297097
2025-08-01 00:58:34.826294,TCS,647.0684752701984,653.3489125087963,644.2712728054283,649.9396628230448,4412669,2867968602.0097027
2025-08-04 00:58:34.826294,TCS,640.5166260008464,654.902202625045,632.8643776997942,642.7217875881023,2524611,1622622494.8845866
2025-08-05 00:58:34.826294,TCS,639.2570104712006,648.312752898315,631.4964399237301,640.7416909814,1530451,980623761.7041746
2025-08-06 00:58:34.826294,TCS,658.2355435563252,666.8991326724386,648.5910910366522,655.3436501164327,746331,489103281.73504734
2025-08-07 00:58:34.826294,TCS,642.6188051301376,648.0637767895527,633.7745684061912,640.8586700038014,3296749,2112750179.4763622
2025-08-08 00:58:34.826294,TCS,650.6764913864323,654.8408144592132,646.2752171378434,653.192969830273,4711422,3077467728.3036847
2025-08-11 00:58:34.826294,TCS,655.8443460836037,657.6403444862001,647.8604005039107,657.3637665374462,2071480,1361715895.106989
2025-08-12 00:58:34.826294,TCS,632.7366312208724,643.2771071790378,628.8532511597676,635.7086543861282,2860901,1818699525.0419285
2025-08-13 00:58:34.826294,TCS,634.4915917182942,637.6467931881419,630.7275567427037,631.530882167159,4917338,3105450805.0540934
2025-08-14 00:58:34.826294,TCS,624.6697970378375,634.8498035595156,611.8994858268074,624.3470847176881,1290671,805826676.1796632
2025-08-15 00:58:34.826294,TCS,607.4556961733149,611.7731838695556,596.8564132146373,607.8791254799308,2308566,1403329081.192702
2025-08-18 00:58:34.826294,TCS,594.6942785268855,603.8786424585062,591.6956645275047,596.5361307835846,4552579,2715777861.7466006
2025-08-19 00:58:34.826294,TCS,611.2453255548568,618.3285132755551,610.8060282427055,614.0633706531323,2617191,1607121127.1030421
2025-08-20 00:58:34.826294,TCS,615.0533699535789,625.5603932588572,610.6197940146136,613.9109360085754,2598729,1595388152.8226292
2025-08-21 00:58:34.826294,TCS,603.5010389732383,602.2932946474111,595.1522107775111,601.6271752416801,1620803,975119130.5132408
2025-08-22 00:58:34.826294,TCS,605.6750272581013,619.6505251910157,598.9640814695554,608.2873167523551,4364860,2655088977.3996844
2025-08-25 00:58:34.826294,TCS,616.2670431749722,625.4339745073223,607.3268687288275,615.2951849766554,3988882,2454339888.040051
2025-08-26 00:58:34.826294,TCS,606.9514923989883,612.7448167511907,592.9464448069118,604.1185124824094,886213,535377679.3025735
2025-08-27 00:58:34.826294,TCS,611.352477581343,612.6788664778273,604.7908103009274,611.2477592753065,1422426,869454705.2349372
2025-08-28 00:58:34.826294,TCS,612.3033071499877,621.8794225876368,608.6657625636294,614.5965338154355,2301951,1414771105.6129756
2025-08-29 00:58:34.826294,TCS,604.1832534115216,603.5648357669149,601.0920751661525,603.443580042588,2015509,1216245966.5680566
2025-09-01 00:58:34.826294,TCS,604.6714378979626,616.2197085914346,600.0843140157067,604.723864845169,4321301,2613193841.879294
2025-09-02 00:58:34.826294,TCS,607.5827412971404,616.7339048330656,600.6999573314216,608.0425915898908,3924638,2386347060.572166
2025-09-03 00:58:34.826294,TCS,617.4218967862196,623.749033745739,615.9722033550214,618.6658720732249,3819343,2362897167.8417673
2025-09-04 00:58:34.826294,TCS,640.5983018149782,639.2927437023488,632.8849618263475,637.6268239860328,2103344,1341148554.4700782
2025-09-05 00:58:34.826294,TCS,657.9032418128462,663.9697163783876,650.7192088599048,661.0376246076985,3422321,2262282944.4850435
2025-09-08 00:58:34.826294,TCS,671.5275948286886,674.618818629074,667.1490333234079,673.540300065801,4915239,3310611550.9551277
2025-09-09 00:58:34.826294,TCS,693.8161561723388,698.4148463373251,685.9707463412215,697.2328114539888,1373420,957593487.9071373
2025-09-10 00:58:34.826294,TCS,727.7700472293241,739.0838440475205,713.3955536746647,725.7996945216255,4578813,3323301076.6716475
2025-09-11 00:58:34.826294,TCS,704.5135432272909,703.9614420253519,692.2150253823488,703.2254061287691,1444461,1015781673.362168
2025-09-12 00:58:34.826294,TCS,702.4347877857504,711.2035645329797,692.8972854911558,700.0161562881443,3911647,2738216097.6960506
2025-09-15 00:58:34.826294,TCS,716.2425123682559,730.3023618604343,707.7163112682504,718.1607064106206,1864359,1338909376.4429982
2025-09-16 00:58:34.826294,TCS,719.9576226562745,718.7440219066174,713.2790750636908,716.5129067909387,3788157,2714263383.450442
2025-09-17 00:58:34.826294,TCS,733.4833760496078,747.2632975866785,732.8536058040245,735.6033986540634,2218562,1631981747.3247561
2025-09-18 00:58:34.826294,TCS,730.2178699930641,748.042778748357,733.031952477768,733.3959693346479,3883737,2848317061.7558374
2025-09-19 00:58:34.826294,TCS,716.9251858914191,719.75107697388,702.502581316374,714.5297672885174,3258566,2328342405.674275
2025-09-22 00:58:34.826294,TCS,724.318383038296,736.9772039541499,710.5131251531926,723.9229727545871,3805107,2754604371.0892887
2025-09-23 00:58:34.826294,TCS,720.4179689853639,725.0638865244987,720.3469065009609,723.9719605065076,2428356,1758061654.1277406
2025-09-24 00:58:34.826294,TCS,725.1816122681352,736.8172403617622,717.2962901521221,723.9558434175649,2378266,1721759567.9013183
2025-09-25 00:58:34.826294,TCS,712.5574272696934,714.4794657230443,700.3365535102324,711.7959969102831,4143488,2949318171.645795
2025-09-26 00:58:34.826294,TCS,725.8512908107123,726.3560822929604,715.3249750010822,722.4749622147923,1517375,1096265445.7906704
2025-09-29 00:58:34.826294,TCS,718.8620897866404,729.9219621004756,714.5910278122014,721.8497094403706,2363907,1706385581.094058
2025-09-30 00:58:34.826294,TCS,719.2280773503586,728.1761346667728,716.9714171978699,721.794515306157,4926421,3555863657.8890734
2025-10-01 00:58:34.826294,TCS,732.3651891172503,740.7817269446303,732.0809321211593,732.2053422819988,3158492,2312664715.954955
2025-10-02 00:58:34.826294,TCS,719.9643833028126,728.3302955543082,712.8295923753302,718.090125113297,2902114,2083979405.3530507
2025-10-03 00:58:34.826294,TCS,710.3556385509797,724.3192212280967,699.9144231978786,713.5456447117999,3348039,2388978646.77525
2025-10-06 00:58:34.826294,TCS,735.4108463543492,742.0976454420851,734.6161749077179,737.3267782196554,4439625,3273454397.7534375
2025-10-07 00:58:34.826294,TCS,732.5044012312534,734.2079701431771,726.7270130145926,731.9412739898846,1742522,1275423772.6354017
2025-10-08 00:58:34.826294,TCS,754.4407845127804,761.392229566245,747.1375638756261,752.9573605231737,2307317,1737311318.2102478
2025-10-09 00:58:34.826294,TCS,739.5343282880831,748.4452222131343,740.0377680028674,740.1245805882224,4386613,3246640106.827844
2025-10-10 00:58:34.826294,TCS,725.7941458590853,741.7126303318369,727.7309778274765,728.8662451545846,1161440,846534411.7723408
2025-10-13 00:58:34.826294,TCS,737.4423299913396,749.4619175420652,731.9363882615072,735.920420097331,3829782,2818414778.3211966
2025-10-14 00:58:34.826294,TCS,756.1479514835758,765.7434299071524,743.777157968402,757.1284977205866,1105751,837195593.4830363
2025-10-15 00:58:34.826294,TCS,776.3238421601021,784.3406088324022,771.5693344505031,772.908317122338,3401884,2629344437.4854074
2025-10-16 00:58:34.826294,TCS,781.9237302098539,787.008996122992,773.2546921385223,780.6033072773519,1918767,1497795866.0946426
2025-10-17 00:58:34.826294,TCS,819.6689540831524,826.5275207933477,810.363300831491,823.3811813930579,765039,629918715.6317636
2025-10-20 00:58:34.826294,TCS,818.4140193957287,823.7309668989005,812.5023730928486,818.7910003271784,1560538,1277754470.0685742
2025-10-21 00:58:34.826294,TCS,812.5663091688872,821.825989205636,805.2868900054865,809.6967478351456,4714086,3816980103.2151904
2025-10-22 00:58:34.826294,TCS,807.6557604102094,814.8430764894175,795.8266978520077,810.7568905970946,4426449,3588774027.626619
2025-10-23 00:58:34.826294,TCS,868.2909370605694,876.8398542207926,857.2346661081685,867.5830861032366,2340277,2030384741.9964242
2025-10-24 00:58:34.826294,TCS,839.0794453333971,853.7677910682766,831.4117273270149,840.2050826539144,1186290,996726887.501512
2025-10-27 00:58:34.826294,TCS,841.6216226721608,847.0404027759757,835.788152976334,844.8595646724262,3716662,3140057439.354549
2025-10-28 00:58:34.826294,TCS,825.1553402775214,826.6352648966521,807.2808616777439,821.568616377401,3028474,2488099193.914933
2025-10-29 00:58:34.826294,TCS,839.1501376359547,841.0878985281574,836.3315161336501,836.9398165182088,4905113,4105284374.221081
2025-10-30 00:58:34.826294,TCS,850.5227582582302,866.3642245117579,850.5126244058306,853.9226747412819,3911097,3339774411.4126034
2025-10-31 00:58:34.826294,TCS,891.4067083726122,901.5115759691561,879.6052723014867,892.5556870925833,2435772,2174062151.060876
2025-11-03 00:58:34.826294,TCS,876.1618069496363,886.7121873083315,871.0306343476052,879.5636846534273,3410086,2999387807.145067
2025-11-04 00:58:34.826294,TCS,914.8506169630432,929.4447067316195,911.3373466284509,914.4772627459766,4278271,3912381553.3654923
2025-11-05 00:58:34.826294,TCS,929.9127551315818,939.9057593402155,916.7524754701059,927.0589760263907,1428864,1324641196.7209728
2025-11-06 00:58:34.826294,TCS,943.8338158082062,949.7163924102739,939.3470701701478,941.9543543448176,1431775,1348666695.6920512
2025-11-07 00:58:34.826294,TCS,960.6407581756237,969.1147348567059,946.7871243610889,959.050985006061,4634608,4444825367.51697
2025-11-10 00:58:34.826294,TCS,999.9161160246017,1019.7038588211149,989.7731486373274,1001.5386207987661,2523553,2527435791.132589
2025-11-11 00:58:34.826294,TCS,1001.2089702225338,1014.4216931679259,990.1687760354753,1005.377239280094,1604315,1612941785.635644
2025-11-12 00:58:34.826294,TCS,974.9810979230001,981.7379229366726,954.7256803479027,972.1217518686373,1096682,1066108427.0828009
2025-11-13 00:58:34.826294,TCS,958.810162251317,968.9350282153255,943.7711635524847,961.0429683990328,2659020,2555432473.832396
2025-11-14 00:58:34.826294,TCS,948.6227409222416,957.83690238864,928.64594935548,944.8785960229981,4813696,4548358318.161522
2025-11-17 00:58:34.826294,TCS,916.6306267573814,936.3387196279979,914.5135504362423,920.4156218495377,1361501,1253146789.5637674
2025-11-18 00:58:34.826294,TCS,916.946214392621,924.3092111581125,912.215431150225,919.9052597286835,1185328,1090389461.703681
2025-11-19 00:58:34.826294,TCS,914.3241654144099,922.4814267711241,914.130312888684,916.604751321874,2269361,2080107075.0645592
2025-11-20 00:58:34.826294,TCS,935.3783657142593,948.0166819618946,929.0058875752825,937.2887780176675,1124913,1054368331.1461884
2025-11-21 00:58:34.826294,TCS,917.3398648110839,932.4641633311436,902.329920964371,918.7481333309755,749264,688384901.3721
2025-11-24 00:58:34.826294,TCS,896.9880941463957,900.6313833568147,881.3697164739489,894.6906250429673,736538,658973643.5878971
2025-11-25 00:58:34.826294,TCS,897.1073901151099,902.5867554982408,894.0174566534307,900.2404051303394,2286852,2058716570.953127
2025-11-26 00:58:34.826294,TCS,898.0433213375135,899.6995524634875,894.1558964329763,895.2884974211696,542137,485369020.1264206
2025-11-27 00:58:34.826294,TCS,868.1643805870199,886.3393196607614,860.3283263222025,871.3735663445993,875233,762654900.5924827
2025-11-28 00:58:34.826294,TCS,852.2481872267621,863.845144203151,845.341905678928,854.3567296963229,2234635,1909175450.6649425
2025-12-01 00:58:34.826294,TCS,792.1337020808115,794.5929331957418,777.2311504706119,790.9043521624981,4002646,3165710141.565814
2025-12-02 00:58:34.826294,TCS,770.480564979197,782.6688768918793,771.7031993516565,771.9521484598603,1653891,1276724710.7684267
2025-12-03 00:58:34.826294,TCS,720.80130138562,726.7970835415437,713.8754852494096,721.7203608072102,3439701,2482502246.788922
2025-12-04 00:58:34.826294,TCS,735.1189238541027,749.9399558470192,735.0576629302022,738.2732979452041,529813,391146790.80424243
2025-12-05 00:58:34.826294,TCS,747.161138667119,757.8220846995594,737.4593043008163,745.8407185564863,4249199,3169225635.449503
2025-12-08 00:58:34.826294,TCS,734.9534400177641,742.8926666054156,727.9739161555154,733.1873149023486,4534649,3324747124.33462
2025-12-09 00:58:34.826294,TCS,754.4695480208165,756.5796513498053,743.5537636917562,752.1464793931704,3321058,2497922082.5605235
2025-12-10 00:58:34.826294,TCS,753.0928461081227,756.9431045364064,746.7002182677296,751.2492973171895,944874,709835928.5532821
2025-12-11 00:58:34.826294,TCS,745.3692533634998,757.8710549663214,731.8040591055964,745.6723989447108,4730013,3527040140.7496686
2025-12-12 00:58:34.826294,TCS,799.1034980741341,809.3102325713056,784.3137204564397,798.7433972906424,4373691,3493456808.039507
2025-12-15 00:58:34.826294,TCS,805.3290715802975,812.3281811533303,797.1111436868094,808.5751218657191,4693616,3795141129.190889
2025-12-16 00:58:34.826294,TCS,811.0859082466523,822.3261562137989,801.7565143023954,808.468536134613,3939187,3184708747.450498
2025-12-17 00:58:34.826294,TCS,803.9519316588375,814.3351866182655,803.5417666730333,807.2670553370502,853791,689237346.4432755
2025-12-18 00:58:34.826294,TCS,858.4669259643346,873.5502529707289,858.963722559979,860.263185993047,616220,530111380.47263545
2025-12-19 00:58:34.826294,TCS,862.6760589911664,867.2140263556898,849.6086988120031,859.8593213576416,1917191,1648514552.1729784
2025-12-22 00:58:34.826294,TCS,864.5141147819098,873.9333143375758,866.5189015483899,868.0762462897328,1189925,1032945627.3663104
2025-12-23 00:58:34.826294,TCS,902.8213131777435,913.1828355682057,890.4123459499011,898.6735418561132,3493220,3139264389.8826118
2025-12-24 00:58:34.826294,TCS,889.3949566386663,908.510261105737,885.7133964092087,891.8600350480586,1322564,1179541975.3933005
2025-12-25 00:58:34.826294,TCS,874.5286550992278,887.3871034357618,860.940226256451,877.5035286739251,3048600,2675157257.515328
2025-12-26 00:58:34.826294,TCS,875.3362065808135,883.8905898927111,863.1899496940094,879.7010165591406,4416247,3884976975.276255
2025-12-29 00:58:34.826294,TCS,825.6264166933847,830.2270857893261,818.9046765360714,828.3509793080049,1548939,1283065137.5383618
2025-12-30 00:58:34.826294,TCS,847.9345546662739,852.9394041318392,828.071720292369,844.8774179151352,1398704,1181733423.9475713
2025-12-31 00:58:34.826294,TCS,822.7826367025381,822.5278505229452,805.0025990822716,821.3110796825771,3771593,3097651118.95325
2026-01-01 00:58:34.826294,TCS,803.6339433551632,808.9984061436681,795.3999395758703,804.3748189212786,528885,425421776.10518044
2026-01-02 00:58:34.826294,TCS,802.1614918470344,805.1241162768652,803.7113787626395,803.7343389302497,1618844,1301120512.1712012
2026-01-05 00:58:34.826294,TCS,786.5067372256318,800.0740821463825,777.8963314874322,786.9034675697347,4394142,3457765576.7938094
2026-01-06 00:58:34.826294,TCS,804.1644938905966,804.7605084458426,795.6817524020082,800.1699869119773,1746729,1397680121.0687711
2026-01-07 00:58:34.826294,TCS,784.7292821402024,789.9921447135958,782.9172769456723,787.4084436197821,4717635,3714705632.9162107
2026-01-08 00:58:34.826294,TCS,783.9636188942454,795.8347036163806,766.4305460102911,781.6745627507944,2344053,1832286603.8396878
2026-01-09 00:58:34.826294,TCS,765.2626483919728,780.8415238118879,762.2793218218029,767.3168349449802,4050227,3107807362.4487023
2026-01-12 00:58:34.826294,TCS,797.2241322310475,814.2486702745045,790.1408620383439,800.3226570722765,1185611,948871345.7741188
2026-01-13 00:58:34.826294,TCS,822.351964955026,832.2115647953232,820.3778999924675,825.1183317922969,1720985,1420016272.239566
2026-01-14 00:58:34.826294,TCS,804.4203034196098,809.7974913787566,786.6416412656916,802.5199796948782,4283799,3437834286.4969397
2026-01-15 00:58:34.826294,TCS,794.6140204308315,803.8351388798314,790.4751581518229,798.1679030692407,4386932,3501508315.34735
2026-01-16 00:58:34.826294,TCS,790.1275220068052,795.0951990325372,778.5792689798109,790.1027637041365,1158139,915048824.6535449
2026-01-19 00:58:34.826294,TCS,821.8093329096123,834.1124864440135,805.5578633730104,818.7411245060752,4605513,3770722892.5473475
2026-01-20 00:58:34.826294,TCS,817.9759678616364,824.0935156908629,801.6543918857064,815.118324431562,541139,441092314.964571
2026-01-21 00:58:34.826294,TCS,793.3156746596516,801.2124146939508,789.8394370501453,794.8775780275352,1898558,1509121184.784801
2026-01-22 00:58:34.826294,TCS,798.4734633932353,803.2959945263419,783.3725176699066,798.7339518176051,3435012,2743660709.300895
2026-01-23 00:58:34.826294,TCS,787.8050729729201,790.8299534040779,780.9661082791449,789.2822571173133,2620700,2068472011.2273428
2026-01-26 00:58:34.826294,TCS,798.5752311077655,803.9012578789475,798.6082959666153,802.1278628041732,4317780,3463411643.458603
2026-01-27 00:58:34.826294,TCS,790.5761772490537,797.7109165145431,778.2092602009224,790.8581161912626,1302009,1029704385.0040697
2026-01-28 00:58:34.826294,TCS,784.8611531777934,789.6621258918067,777.7603848046728,782.9860999250371,2954244,2313131987.7869415
2026-01-29 00:58:34.826294,TCS,760.0402991188702,773.2247570707291,760.6447771834025,761.4377751261743,3370581,2566487697.522556
2026-01-30 00:58:34.826294,TCS,772.1388718020878,788.2645409753186,768.5144424975072,775.9189810953221,661297,513112894.44139326
2026-02-02 00:58:34.826294,TCS,760.5082745168379,766.9221255840428,749.0897666878434,763.3258542190575,4720242,3603082756.770673
2026-02-03 00:58:34.826294,TCS,762.9444094545953,771.0031608687667,752.879564146939,760.2114267543728,2231530,1696434605.1451857
2026-02-04 00:58:34.826294,TCS,777.5788476604728,792.5843562173293,762.4046460129497,777.4208475534822,3873694,3011490472.6428385
2026-02-05 00:58:34.826294,TCS,831.9533678734446,847.8635212807258,831.0376553111712,834.3289606844866,868893,724942593.6360255
2026-02-06 00:58:34.826294,TCS,804.1123282166017,817.32675793718,799.8903868666735,806.4224262377116,4500740,3629497670.665118
2026-02-09 00:58:34.826294,TCS,814.6043842192652,812.5480330333455,802.8060988070737,811.1041097976225,3176073,2576125863.3172646
2026-02-10 00:58:34.826294,TCS,800.0001777104032,811.0714906757194,794.171929226864,796.6659591456673,625851,498594187.19727504
2026-02-11 00:58:34.826294,TCS,817.109831830857,828.3323185231848,815.5926624134911,818.2010035069678,726179,594160386.5256864
2026-02-12 00:58:34.826294,TCS,832.6148149572826,843.897862711789,825.9689930869355,828.73614604603,2979340,2469086749.360779
2026-02-13 00:58:34.826294,TCS,809.6539514867943,814.1212316234387,797.9502493032965,812.7329458667432,2260399,1837100738.1042404
2026-02-16 00:58:34.826294,TCS,799.161201991527,808.2911890195332,794.4210269302198,801.6171661251268,3584903,2873719783.693465
2026-02-17 00:58:34.826294,TCS,794.044788563592,794.397468851645,789.6618061953469,793.2593741739004,1569412,1244950780.9410093
2026-02-18 00:58:34.826294,TCS,796.4628610090424,807.4490940490498,780.6490556919116,793.0409654786729,3453028,2738392658.944891
2026-02-19 00:58:34.826294,TCS,783.0346760444731,791.9619882759788,776.9343435238425,786.8161044416953,4090511,3218479930.1959033
2026-02-20 00:58:34.826294,TCS,782.8757697846747,798.913673603939,774.6922197154149,784.6397166700618,4408005,3458695794.2802157
2026-02-23 00:58:34.826294,TCS,784.3073499706024,801.9994510374165,772.5910919465493,787.6793523671716,1637317,1289680794.1797605
2026-02-24 00:58:34.826294,TCS,801.6695404956257,813.6409850314772,800.1846628623189,805.0692479530786,799189,643402487.2023729
2026-02-25 00:58:34.826294,TCS,818.5398305799322,822.362114967171,809.9442735345533,819.4179263973365,4525282,3708097192.8031917
2026-02-26 00:58:34.826294,TCS,844.2683301847046,848.8752222159694,839.0257225035532,840.4193829301826,3226826,2711887115.743069
2026-02-27 00:58:34.826294,TCS,828.8024004983774,833.4418119004577,813.6381668129148,827.8090186373664,4563068,3777348843.05557
2026-03-02 00:58:34.826294,TCS,846.7919785648166,850.6135157440084,844.1068306096881,847.3454803227202,1283566,1087623848.7959127
2026-03-03 00:58:34.826294,TCS,834.4518699943989,836.6356942861279,819.4451082531763,832.2151737009642,1416992,1179242243.4128766
2026-03-04 00:58:34.826294,TCS,808.7622496873526,816.3666434011567,803.5963627397786,811.1479387035348,4022810,3263094039.2959666
2026-03-05 00:58:34.826294,TCS,797.1419049554195,808.413493162065,790.3410215324463,793.624593694021,2970856,2357744385.9234443
2026-03-06 00:58:34.826294,TCS,827.7892760761235,831.4415260755842,820.5093985758242,828.9645900196089,2150224,1782459556.6103234
2026-03-09 00:58:34.826294,TCS,845.8729129981449,861.4510474785726,830.4669347208145,846.2064660029,2717127,2299250436.351062
2026-03-10 00:58:34.826294,TCS,843.3241492677317,852.6107558645203,829.1732238382343,844.3071981664702,848848,716688476.549212
2026-03-11 00:58:34.826294,TCS,838.6842648050509,836.1809623225695,830.7676571307874,836.1198200348999,2643167,2210004316.3621864
2026-03-12 00:58:34.826294,TCS,844.7337031575638,849.279039864402,842.0206828169337,845.3950198204526,2045329,1729110950.4943466
2026-03-13 00:58:34.826294,TCS,847.9907207564692,862.890565780125,847.455666337357,851.9284661195957,1850339,1576356466.0712664
2026-03-16 00:58:34.826294,TCS,850.9519071628652,858.7270688121574,841.0691728957493,854.7783465493516,1757302,1502103697.9478686
2026-03-17 00:58:34.826294,TCS,846.6352975725719,851.8208580942916,836.6493632553611,843.6698891832833,3923376,3310034195.1443534
2026-03-18 00:58:34.826294,TCS,840.0502124746388,839.4087544360261,832.4540478339512,836.0550923362006,1426109,1192305691.6764867
2026-03-19 00:58:34.826294,TCS,859.6682251354041,864.4376832319931,854.9250337326218,861.4612086677406,3096882,2667843710.8213696
2026-03-20 00:58:34.826294,TCS,894.9371684984379,902.2443928043771,883.9323463205642,891.2755036725757,1227467,1094011268.6664655
2026-03-23 00:58:34.826294,TCS,897.5052163499529,894.489395886994,889.8650671104856,893.6232206167987,2712292,2423767112.293178
2026-03-24 00:58:34.826294,TCS,854.0292200763217,863.9739582208398,852.7916622161068,853.4668826523367,1884410,1608281528.3388898
2026-03-25 00:58:34.826294,TCS,844.3843037319249,856.1771721247032,833.4035859549012,845.2038238577537,2969606,2509922346.5509286
2026-03-26 00:58:34.826294,TCS,851.3835799026141,855.6600172996762,848.618868672261,850.2091018780952,2056232,1748227161.9729996
2026-03-27 00:58:34.826294,TCS,837.12916763365,839.8970299310246,821.8625350394891,837.7397756615019,1699399,1423654137.0193806
2026-03-30 00:58:34.826294,TCS,832.6693680751223,838.1609160964811,820.1114361093182,832.8761640137508,1781507,1483774716.323645
2026-03-31 00:58:34.826294,TCS,816.6417379840562,821.7223293409479,803.3964839524616,816.6584909769177,4697930,3836604424.515191
2026-04-01 00:58:34.826294,TCS,837.5933218284546,845.7622305191368,833.7454656858707,834.5293294446633,2805289,2341095948.06849
2026-04-02 00:58:34.826294,TCS,876.0001182022,888.7835799961546,873.0295667544198,875.4195147664672,754043,660103957.1730512
2026-04-03 00:58:34.826294,TCS,871.5843286337036,889.3808571040802,873.6039160262872,873.9556258665995,2345733,2050066552.130936
2026-04-06 00:58:34.826294,TCS,922.2271958746395,928.618856318471,911.6826177838273,919.9023529871413,4674904,4300455189.588999
2026-04-07 00:58:34.826294,TCS,923.0434549503071,942.8174382776502,920.9401203479333,927.6157049250045,3704288,3436155724.365235
2026-04-08 00:58:34.826294,TCS,904.6779031825655,916.5590413978626,891.6013672180168,904.3092558055272,971678,878697409.062603
2026-04-09 00:58:34.826294,TCS,879.1876879987122,884.4975066481317,868.2002976135441,875.1969643657533,997619,873113120.3935984
2026-04-10 00:58:34.826294,TCS,848.5981723155688,855.6140915906036,839.7280985316305,844.7654408749704,2825452,2386844204.451067
2026-04-13 00:58:34.826294,TCS,839.4721577082487,856.8187028219936,836.5160166919221,842.6196433514192,1428252,1203473190.855951
2026-04-14 00:58:34.826294,TCS,855.3454783162883,862.0164168824351,850.577485242728,853.9751068418177,2753840,2351710808.225271
2026-04-15 00:58:34.826294,TCS,857.1230055953317,857.291512019723,849.1738029229467,856.252311658372,4100957,3511453911.2615824
2026-04-16 00:58:34.826294,TCS,868.5483901935198,875.7147342469136,855.1446048000166,868.1437055289936,4877987,4234793709.7022586
2026-04-17 00:58:34.826294,TCS,923.1334448944602,934.3088186412828,919.4019060076954,920.1161544133362,1729003,1590883591.3291216
2026-04-20 00:58:34.826294,TCS,985.7161577023935,999.351741004689,970.2545032845579,988.740430213385,2648164,2618346812.6355987
2026-04-21 00:58:34.826294,TCS,984.9243509742745,998.1775427440411,975.6834903513013,981.6362937021487,558123,547873793.1499243
2026-04-22 00:58:34.826294,TCS,971.2806509198571,981.1166008919137,968.9071958436327,971.9663936502656,1670642,1623807879.820667
2026-04-23 00:58:34.826294,TCS,972.6802673036005,995.7704274948813,972.5581748942622,977.2629647968508,519156,507351931.7520739
2026-04-24 00:58:34.826294,TCS,915.3113970376809,919.2282160545878,900.6560885177115,917.6978804362603,1381809,1268083190.4677484
2026-04-27 00:58:34.826294,TCS,922.1684900988552,933.7263710566542,904.6346109246293,921.4337653982456,1145649,1055639671.8947346
2026-04-28 00:58:34.826294,TCS,954.6308694603566,967.9914543287584,955.3649771544201,956.1069056864833,698110,667467791.9287908
2026-04-29 00:58:34.826294,TCS,944.3280778019431,963.0439711508317,932.7681461223005,947.2952668163782,3303089,3129000575.573244
2026-04-30 00:58:34.826294,TCS,913.1371700324539,921.3949365163629,904.7443040639309,914.5030471702498,1717933,1571054963.334329
2026-05-01 00:58:34.826294,TCS,939.913081418639,949.1917266003145,940.6999178594949,944.6339746799022,3609823,3409961448.3809285
2026-05-04 00:58:34.826294,TCS,961.3805033013276,979.3197162894772,958.3944009096558,963.7853120115174,658998,635132593.0449659
2026-05-05 00:58:34.826294,TCS,1001.3335434323475,1014.561969142126,987.0423704550175,1004.4320019930008,4550230,4570396628.428612
2026-05-06 00:58:34.826294,TCS,1006.8977962650683,1011.094554721238,1002.3130189950651,1009.5088940092099,3873195,3910024800.732002
2026-05-07 00:58:34.826294,TCS,980.3573385574662,988.7062598007963,961.9600394891394,977.9354635389438,4525129,4425284126.188518
2026-05-08 00:58:34.826294,TCS,952.8035134948636,963.4804647922191,936.9910622493384,948.4445368789392,2102525,1994128349.9013915
2026-05-11 00:58:34.826294,TCS,905.2770200564136,906.0628219133157,887.5144330683257,905.3373011434392,3983974,3606840268.985632
2026-05-12 00:58:34.826294,TCS,845.9818971245764,849.547426513248,835.6751439748944,846.9687756340852,2387717,2022321744.0506911
2026-05-13 00:58:34.826294,TCS,826.5653828259403,838.0568504115806,818.6312254407866,828.3522356056814,4309697,3569947144.733098
2026-05-14 00:58:34.826294,TCS,832.5824851232915,846.9648887810896,828.6200400113274,833.0345744788021,3897570,3246810566.451345
2026-05-15 00:58:34.826294,TCS,831.7849459486478,841.161913386194,821.1668970522843,832.2124319071535,2217826,1845702369.0069146
2026-05-18 00:58:34.826294,TCS,864.4306025270884,868.7891558326888,850.8451867224906,861.9828139791914,3674209,3167105012.967671
2026-05-19 00:58:34.826294,TCS,843.4900821320813,862.2362295352906,839.9626937003917,846.4474769044132,2520880,2133792515.578797
2026-05-20 00:58:34.826294,TCS,833.8104124383301,832.2394567204888,828.4871135094617,831.9010213846117,4763397,3962674829.5603952
2026-05-21 00:58:34.826294,TCS,803.1333024616913,817.3459588597502,794.7668427199341,803.2370602529261,4950627,3976527077.8887625
2026-05-22 00:58:34.826294,TCS,808.6575577619961,812.9872857326986,797.2981011936138,805.1962567297795,785291,632313373.6435853
2026-05-25 00:58:34.826294,TCS,787.1973039750795,802.8872852904252,786.2990211174844,790.2020727339859,2688077,2124124017.0685546
2026-05-26 00:58:34.826294,TCS,781.7278651336911,792.8000705016328,763.9268819056356,778.6164166883015,2040450,1588727867.4316447
2026-05-27 00:58:34.826294,TCS,760.2131279246523,770.3519936291001,748.22499850145,760.0593641978013,2105196,1600073933.2717545
2026-05-28 00:58:34.826294,TCS,787.6123675784053,800.0307906254131,789.9870352279836,790.5293051496916,1934730,1529460762.5522628
2026-05-29 00:58:34.826294,TCS,808.6234541391175,811.1473852712678,805.684748469391,808.6431358387266,4854489,3925549207.8546042
2026-06-01 00:58:34.826294,TCS,821.2763948278807,829.4988324319144,812.1364566944475,822.3862250497702,1484588,1220904721.0741882
2026-06-02 00:58:34.826294,TCS,824.4616476871851,836.3263055607001,824.9610993690859,827.9853178996675,4531103,3751686757.891137
2026-06-03 00:58:34.826294,TCS,815.8424989829838,825.6321715735528,806.1623975169198,815.23942419201,1911910,1558664407.5069458
2026-06-04 00:58:34.826294,TCS,834.447002527314,838.0509273494638,819.7248170499643,832.46327990492,2150375,1790108225.5255423
2026-06-05 00:58:34.826294,TCS,792.8538001152007,801.0701333324429,783.1032986268732,793.3872174948766,1473215,1168829949.6217146
2026-06-08 00:58:34.826294,TCS,796.8974367551446,811.2279746557765,790.8475090837903,800.7542022349833,4184815,3351008196.8259916
2026-06-09 00:58:34.826294,TCS,797.4085095199091,800.298562167393,797.4746765790329,798.9276935642781,2590053,2069265069.4992392
2026-06-10 00:58:34.826294,TCS,794.1062852462585,801.6606876713026,788.749450577866,790.7596028255348,3440504,2720611576.559664
2026-06-11 00:58:34.826294,TCS,797.9910975715158,808.6055650898883,785.7813645659273,799.1360744118423,1070993,855869141.7425622
2026-06-12 00:58:34.826294,TCS,815.800513065835,823.4190043041092,804.9566912995181,819.5403960982113,1750469,1434580057.6176398
2026-06-15 00:58:34.826294,TCS,815.9375903465129,823.2650407524511,804.234975157508,819.9622475328914,3093449,2536511394.6683755
2026-06-16 00:58:34.826294,TCS,770.301502927682,773.455706814004,768.3980585267543,769.4289562835801,3925077,3020067899.4426856
2026-06-17 00:58:34.826294,TCS,765.8743573306245,773.2715993095646,755.9387943116313,769.5049483124498,2685028,2066142332.3574803
2026-06-18 00:58:34.826294,TCS,808.6681708160573,821.0087404242028,794.4844661738676,809.3487225808655,761420,616254304.3475226
2026-06-19 00:58:34.826294,TCS,817.0758194525441,820.9565295812508,809.3696208776597,817.8278902052602,4347593,3555582810.661158
2026-06-22 00:58:34.826294,TCS,844.7550204818334,854.8564771446307,840.2140422255537,841.3217237714315,4064507,3419558035.5210495
2026-06-23 00:58:34.826294,TCS,821.5480827395913,829.3478107001374,805.0872111004251,819.9690453891161,3538783,2901692518.3492327
2026-06-24 00:58:34.826294,TCS,801.3209426849077,812.9486613863266,790.2094928738965,804.3575418804726,644375,518307891.0492295
2026-06-25 00:58:34.826294,TCS,811.2291441537665,819.786923876635,810.8154901234858,811.9597147582886,1041797,845897194.9560407
2026-06-26 00:58:34.826294,TCS,830.9928089440737,838.2457643191619,817.0977931924504,832.8405185995049,2296218,1912383389.937518
2026-06-29 00:58:34.826294,TCS,839.1651578560001,848.7446567203855,829.7016647322016,840.992909944845,4303074,3618854724.9680037
2026-06-30 00:58:34.826294,TCS,836.9749172928931,847.9823441855137,827.4072635775045,839.8119416723666,1905419,1600193630.0894191
2026-07-01 00:58:34.826294,TCS,854.9224503773017,862.466509300638,840.3996231346064,851.7975865266899,4026844,3430056000.519482
2026-07-02 00:58:34.826294,TCS,846.1031800747171,865.341594671807,847.0252263659227,849.2770688445385,1961742,1666062495.5892227
2026-07-03 00:58:34.826294,TCS,872.6954088451687,874.9143357055257,854.0547027033658,870.3049167678448,4241372,3691286905.4414673
2026-07-06 00:58:34.826294,TCS,831.0510693708829,841.7287605120623,825.594109170751,829.2271052498485,1747486,1449062757.2446368
2026-07-07 00:58:34.826294,TCS,821.531622194453,832.1566803532959,809.3414697724928,821.9998334916688,3655200,3004573791.378748
2026-07-08 00:58:34.826294,TCS,824.888120467178,844.1080054216832,813.4229567066957,828.1680021915514,4331854,3587502872.965481
2026-07-09 00:58:34.826294,TCS,813.4590300389308,828.7478962489381,806.8793342894875,815.3314502064627,4121301,3360226321.067345
2026-07-10 00:58:34.826294,TCS,800.3767752252114,805.7178223228415,791.3791554913715,800.6825840755901,2625629,2102295412.5438075
2026-07-13 00:58:34.826294,TCS,801.7541362002734,806.4894478493335,789.8487780019121,799.9152181628618,1858356,1486527245.1642632
2026-07-14 00:58:34.826294,TCS,793.1093070722587,802.7891911154665,790.7090258933107,791.5316821546865,1656543,1311206267.3515708
2026-07-15 00:58:34.826294,TCS,805.3598742789147,809.8277134891495,798.2613589053484,802.472995287154,2658344,2133249272.1836343
2026-07-16 00:58:34.826294,TCS,834.0320754980302,844.2692636498156,821.3602000664295,836.1914185260737,2234428,1868409518.9143777
2026-07-17 00:58:34.826294,TCS,867.6994475346377,881.7828900704485,867.0740729251816,868.756310595762,2778214,2413590944.6854944
2026-07-20 00:58:34.826294,TCS,858.2123864709737,875.4435431095324,845.1907677066401,858.4179200303552,734085,630151718.8254833
2026-07-21 00:58:34.826294,TCS,822.5682324820878,833.2295913090683,821.1016416376062,824.9562457964985,521576,430277378.8575545
2026-07-22 00:58:34.826294,TCS,812.137786135633,825.555124776135,800.334785212118,812.8729408859041,4165842,3386300237.8060164
2026-07-23 00:58:34.826294,TCS,838.8064370707472,856.6068850678095,831.1252633989577,841.093366756446,2800457,2355445806.5866566
2026-07-24 00:58:34.826294,TCS,866.2848275534523,876.0331140873941,856.8303917928131,867.3262757287063,2663769,2310356846.1715803
2026-07-27 00:58:34.826294,TCS,889.4237995096919,897.5386631269682,879.9148287767421,888.8914377001216,1279957,1137742817.9243345
2026-07-28 00:58:34.826294,TCS,856.8296556194329,873.5839422992469,850.2971898845991,859.6112552580693,754265,648374683.4472276
2026-07-29 00:58:34.826294,TCS,867.3630454043132,883.9147119196792,854.3395269937239,870.5747710536482,4608949,4012434720.472941
2026-07-30 00:58:34.826294,TCS,897.7672742403116,900.3657171446217,891.3469654837594,893.7693821307731,4703887,4204190177.602976
2026-07-31 00:58:34.826294,TCS,909.5363839473047,911.4171304234648,892.3822781542599,909.3690634349161,3986444,3625148846.7157407
2026-08-03 00:58:34.826294,TCS,899.946424104064,907.3670328867537,895.4608228108865,902.8030769644441,968298,874182413.8185173
2026-08-04 00:58:34.826294,TCS,901.1975615868649,916.5914312749875,894.0174595170339,902.2517121697128,4688695,4230383091.591572
2026-08-05 00:58:34.826294,TCS,898.6553832933569,906.4422711757704,892.4432400148308,901.6238150679293,3160891,2849934602.433882
2026-08-06 00:58:34.826294,TCS,881.0799261181008,895.0136122969147,874.1924855790129,884.1971284567056,2842094,2512971353.6040325
2026-08-07 00:58:34.826294,TCS,872.1277835420144,886.5802401863054,854.3813560119338,870.2593166306759,3345376,2911344631.632664
2026-08-10 00:58:34.826294,TCS,895.1125102818348,895.4988680186611,888.7925085680513,891.1373637785174,2090346,1862785423.8249688
2026-08-11 00:58:34.826294,TCS,849.385338012754,866.3036666465744,834.5224239021995,851.0680979370172,4934921,4199953828.939443
2026-08-12 00:58:34.826294,TCS,832.8843394770112,831.7283726487932,814.176840097383,829.9022934670778,647631,537470452.2203771
2026-08-13 00:58:34.826294,TCS,785.2206458479808,785.9692408290773,778.8700532445735,785.8229160323576,3853030,3027799270.160155
2026-08-14 00:58:34.826294,TCS,775.3345754585664,787.3423120954526,773.5963147709122,778.8701070024322,3960096,3084400395.2599034
2026-08-17 00:58:34.826294,TCS,758.7582771885179,768.2673296456237,745.7721916128124,758.9598953887224,2061014,1564226969.8346925
2026-08-18 00:58:34.826294,TCS,767.8196963722024,773.2332449669082,754.0154765128038,766.5785935443578,4154250,3184559122.2316484
2026-08-19 00:58:34.826294,TCS,761.9268424529643,760.6666809301602,750.775949030832,758.8490861085709,759427,576290484.9161737
2026-08-20 00:58:34.826294,TCS,766.231009552701,768.6084638519096,757.6183623317148,767.8857114236657,3355825,2576890067.538323
2026-08-21 00:58:34.826294,TCS,757.9614187831023,757.6822475452362,742.9506467742334,755.2216951680006,4926111,3720305900.0057344
2026-08-24 00:58:34.826294,TCS,781.5661228836607,793.0558476489156,774.6816741280827,778.8138280431604,2045288,1592898576.7307394
2026-08-25 00:58:34.826294,TCS,786.7314010864463,788.5913712367134,774.9102940173084,783.5661615590378,2095123,1641667487.1040561
2026-08-26 00:58:34.826294,TCS,733.0655708799248,737.0217830349228,725.7662198084239,736.3755238462332,4569305,3364724362.9882126
2026-08-27 00:58:34.826294,TCS,716.547521352978,720.6205233524894,714.2152474434685,716.9455696911577,4607560,3303369729.0861907
2026-08-28 00:58:34.826294,TCS,734.2070935708957,732.9672864102212,721.1476576909909,732.961400084801,858062,2532565610.6044087
2024-09-24 00:58:34.826294,INFY,1472.2748079972725,1485.6347043933624,1444.9254679523558,1469.7174794322073,2387145,3508428732.4391966
2024-09-25 00:58:34.826294,INFY,1477.0845733008775,1474.9462071890446,1443.8104526999941,1473.228505139046,3398845,5007275338.549321
2024-09-26 00:58:34.826294,INFY,1493.4831677345253,1515.4626041651172,1470.3209850530664,1489.723070151837,3156040,4701625598.322003
2024-09-27 00:58:34.826294,INFY,1498.9541047166667,1496.989691508821,1483.2446634487135,1493.6325142008982,1805927,2697391285.4732857
2024-09-30 00:58:34.826294,INFY,1540.2027733232924,1540.6153727129777,1532.0257336559296,1534.4268692232415,2782373,4269347891.401278
2024-10-01 00:58:34.826294,INFY,1552.6063163450997,1574.0149029415777,1543.1096280160832,1548.1458150340172,2892735,4478375584.252428
2024-10-02 00:58:34.826294,INFY,1549.3434954110949,1565.0784870043242,1527.8140133839263,1543.8728440090754,3568929,5509972565.296465
2024-10-03 00:58:34.826294,INFY,1484.2773105217564,1491.7962933514061,1473.6517562039517,1479.3916168551007,2619228,3874863945.8321514
2024-10-04 00:58:34.826294,INFY,1531.1668775758296,1549.9714078241407,1518.1620403548213,1534.4682449330633,794957,1219836272.587253
2024-10-07 00:58:34.826294,INFY,1564.6429976183313,1584.5645620881837,1541.739116229796,1559.8763146844574,1964458,3064311505.3924
2024-10-08 00:58:34.826294,INFY,1532.679847978185,1534.2504417573357,1526.8579945424156,1528.3883553469225,2450408,3745175053.0489416
2024-10-09 00:58:34.826294,INFY,1516.1619054054252,1512.8006274965744,1503.0655521326441,1510.5180988909501,1906427,2879692487.7143774
2024-10-10 00:58:34.826294,INFY,1590.0786255093992,1599.974660086663,1559.165118321425,1586.9789548839597,536382,851226945.778568
2024-10-11 00:58:34.826294,INFY,1570.3139485950592,1573.8663113743087,1564.0311325787143,1573.4927218226594,2218303,3490483625.297371
2024-10-14 00:58:34.826294,INFY,1548.826650759495,1559.2545295160157,1531.062769171727,1547.6183469739017,1333142,2063195018.3214812
2024-10-15 00:58:34.826294,INFY,1591.986870180347,1614.9582522936494,1577.5771997481684,1586.0139713995957,1342653,2129466416.7415814
2024-10-16 00:58:34.826294,INFY,1587.594473879046,1605.6387211791014,1558.0482297321385,1588.1957572762983,677946,1076710960.8624372
2024-10-17 00:58:34.826294,INFY,1643.6449715276813,1643.1902591252515,1611.7107663132188,1635.4901344640189,1364899,2232278849.039805
2024-10-18 00:58:34.826294,INFY,1651.7151398416333,1654.000355136528,1653.4261555325127,1653.732179414373,1794416,2967483482.4560213
2024-10-21 00:58:34.826294,INFY,1665.6334581547449,1682.5646999890007,1665.5383896022859,1666.2905430414787,2060121,3432760139.821154
2024-10-22 00:58:34.826294,INFY,1654.935865691332,1661.561087520714,1633.3509414758723,1651.8481086927175,1189317,1964571037.0860968
2024-10-23 00:58:34.826294,INFY,1610.194536091005,1618.7996326151274,1600.2677854474757,1613.4065207461158,4784874,7719946912.54855
2024-10-24 00:58:34.826294,INFY,1691.6988965192031,1714.3832014292175,1689.4949644338724,1696.240183286989,3353501,5688343150.893101
2024-10-25 00:58:34.826294,INFY,1757.9688657955815,1763.3539692584557,1734.2320336756222,1757.8211037641447,2959622,5202486010.764646
2024-10-28 00:58:34.826294,INFY,1807.7973788945046,1807.1996261570494,1786.3473303612716,1803.2183280268898,1715442,3093316455.067104
2024-10-29 00:58:34.826294,INFY,1828.0211747916276,1857.8635967854536,1826.1911446871889,1835.8995392621482,3815537,7004942620.337679
2024-10-30 00:58:34.826294,INFY,1799.1645903313217,1817.2825264034043,1765.4155916913562,1798.6677181438513,1951469,3510044293.2584634
2024-10-31 00:58:34.826294,INFY,1731.2935504126922,1750.621119309101,1716.5434262595131,1730.4441926381921,548926,949885808.8881123
2024-11-01 00:58:34.826294,INFY,1769.761330524322,1789.2349128607307,1751.7924032252306,1761.8492250159409,983791,1733291410.9276576
2024-11-04 00:58:34.826294,INFY,1669.7758486280484,1678.4386020538454,1636.4691971267828,1664.048035776983,2550181,4243623683.925782
2024-11-05 00:58:34.826294,INFY,1685.1124704309432,1686.0338185436067,1656.1349749215553,1679.6889552101259,1745749,2932315313.869122
2024-11-06 00:58:34.826294,INFY,1641.497974567418,1654.7289382433823,1635.1922691889927,1644.9417758259235,574723,945385872.2280022
2024-11-07 00:58:34.826294,INFY,1662.738311867844,1666.6217536796837,1658.966087796629,1658.9961433402243,2033017,3372767362.345113
2024-11-08 00:58:34.826294,INFY,1641.2396259436812,1643.3216957319748,1634.2924134284576,1637.7146604395273,2689568,4404744943.849018
2024-11-11 00:58:34.826294,INFY,1626.4634091613839,1643.1342576783695,1615.222222555704,1630.7438488790954,1220892,1990962119.1456964
2024-11-12 00:58:34.826294,INFY,1550.237302655221,1587.5599057918575,1535.0269220119058,1557.3298493541042,4879455,7598920920.080131
2024-11-13 00:58:34.826294,INFY,1565.5882367524266,1578.3578406268991,1554.2916578662189,1568.3611924177712,2336082,3663820351.105692
2024-11-14 00:58:34.826294,INFY,1507.685410327572,1510.1925611445965,1500.0946839767216,1505.7844354358629,4958434,7466332741.335987
2024-11-15 00:58:34.826294,INFY,1442.7045645745438,1444.9050789992916,1426.6066656769485,1437.5375574518414,877332,1261197700.354339
2024-11-18 00:58:34.826294,INFY,1396.203206860122,1409.4879573525475,1381.531983059966,1391.0386718357654,1626018,2261853919.1010475
2024-11-19 00:58:34.826294,INFY,1424.5787565824544,1422.526387879978,1401.0454243847041,1421.9666103788327,1468410,2088029990.3463817
2024-11-20 00:58:34.826294,INFY,1427.454878203654,1450.8588735921544,1400.382659855357,1427.6402424343055,2967286,4236216904.4119205
2024-11-21 00:58:34.826294,INFY,1442.7313504606009,1462.7396760923048,1421.898596009571,1436.6144107990297,642617,923192842.82444
2024-11-22 00:58:34.826294,INFY,1411.892883919872,1427.020285637345,1394.3618237333415,1413.8702930205081,2601847,3678674180.28453
2024-11-25 00:58:34.826294,INFY,1429.1139488055355,1429.540684613733,1397.5035133733763,1423.6471753018868,1372109,1953399102.0562966
2024-11-26 00:58:34.826294,INFY,1426.9914796578023,1450.3566261485394,1397.4647115297728,1422.5080155944615,2208175,3141146637.3353
2024-11-27 00:58:34.826294,INFY,1426.272215409788,1432.4469358357032,1426.209042665064,1429.4178304573525,4400838,6290636306.154274
2024-11-28 00:58:34.826294,INFY,1442.9673489833006,1463.7482552146394,1422.7255087124943,1445.9862310503024,2710846,3919845990.497788
2024-11-29 00:58:34.826294,INFY,1467.5064338633563,1479.9051501026534,1461.5060865723844,1461.6707090703335,4995433,7301678095.223343
2024-12-02 00:58:34.826294,INFY,1527.8396777287317,1535.7042373065851,1521.5103695081232,1532.6473352946869,4230864,6484422435.59422
2024-12-03 00:58:34.826294,INFY,1532.7475054272295,1534.0571187573946,1522.044367742776,1532.7267983857607,4686080,7182480395.379545
2024-12-04 00:58:34.826294,INFY,1592.0381547183433,1617.8316954971335,1582.331810257602,1597.1621756068866,4578140,7312032042.632912
2024-12-05 00:58:34.826294,INFY,1549.7151715905788,1563.0443679000664,1520.155185629909,1549.7877381242527,1458395,2260202688.3417196
2024-12-06 00:58:34.826294,INFY,1503.2040228187668,1523.0818763043826,1485.31341489349,1507.5044033688237,1827878,2755534133.8209987
2024-12-09 00:58:34.826294,INFY,1484.2125261861645,1510.9309350766405,1472.1559803997854,1483.3693136052275,2609571,3870957543.074107
2024-12-10 00:58:34.826294,INFY,1478.0791610435256,1481.234067171163,1460.6067367686817,1478.6162564844003,4265444,6306954839.523847
2024-12-11 00:58:34.826294,INFY,1491.3049255613053,1499.2615753443724,1478.194320230017,1494.4700342289316,4455199,6658161402.026702
2024-12-12 00:58:34.826294,INFY,1463.670083179135,1465.4176239136598,1442.7647806606867,1463.1973202711877,4753459,6955248470.818959
2024-12-13 00:58:34.826294,INFY,1506.9748011753773,1510.8017344140142,1490.9808513522862,1505.111891215873,2391369,3599277918.185011
2024-12-16 00:58:34.826294,INFY,1429.0350797716535,1440.991889329231,1414.6150034684126,1425.8935096054124,2175259,3101687689.81076
2024-12-17 00:58:34.826294,INFY,1416.6674710208943,1436.5141068406983,1392.5333723890403,1419.1888237679434,1860764,2640775472.469733
2024-12-18 00:58:34.826294,INFY,1481.7172672154948,1481.3881054982855,1465.5481662561338,1479.1768572815768,3682999,5447806886.19119
2024-12-19 00:58:34.826294,INFY,1503.5544446004512,1500.530596930167,1468.0802632190096,1497.7010674111161,1340597,2007813557.86814
2024-12-20 00:58:34.826294,INFY,1479.9008990274708,1475.5912398819094,1445.7811541232595,1473.2848277846683,1021727,1505294887.2379458
2024-12-23 00:58:34.826294,INFY,1403.6501285499276,1429.3199243263252,1393.8125271371716,1405.5739011404075,2505464,3521614808.64685
2024-12-24 00:58:34.826294,INFY,1414.3369011183877,1433.1251895535593,1393.2534994671166,1415.1739041290482,4517641,6393247651.423457
2024-12-25 00:58:34.826294,INFY,1426.5839009095762,1450.2689479643548,1427.9131814134064,1433.265942228007,2261987,3242028928.8625026
2024-12-26 00:58:34.826294,INFY,1355.3205627039342,1366.8583964220861,1344.6775023945452,1357.4116619136933,2050642,2783565365.2100196
2024-12-27 00:58:34.826294,INFY,1346.993222280665,1352.1282046146634,1345.3013689269849,1349.231105404171,2132748,2877569941.5885353
2024-12-30 00:58:34.826294,INFY,1347.157307537094,1366.2014744910387,1327.6357277974537,1353.4720942046838,3174691,4296855676.222762
2024-12-31 00:58:34.826294,INFY,1389.7430635582934,1421.5075596164654,1374.6424736070312,1395.1047969490423,954623,1331799126.5778856
2025-01-01 00:58:34.826294,INFY,1434.9138339188514,1451.436485682366,1409.2504725973456,1432.9435536858111,541340,775709663.352277
2025-01-02 00:58:34.826294,INFY,1464.0224632673696,1484.6377125640101,1449.3082644516635,1469.7999549235285,1445161,2124097572.6572413
2025-01-03 00:58:34.826294,INFY,1467.6312375763769,1490.7811862880412,1464.2386147393595,1466.3581389137996,3586810,5259548036.237406
2025-01-06 00:58:34.826294,INFY,1456.379027159741,1469.1323122976519,1442.5839659366486,1453.6069835319133,553010,803859197.9629834
2025-01-07 00:58:34.826294,INFY,1502.83435600965,1523.9286234715303,1478.4153860464457,1505.23859862873,4874984,7338014084.49748
2025-01-08 00:58:34.826294,INFY,1522.9856501044733,1548.1656839882644,1510.793856005061,1523.0438924284322,2250652,3427841782.5818357
2025-01-09 00:58:34.826294,INFY,1469.0940984265537,1476.772983871416,1473.4442940883457,1474.9586155535035,3119909,4601736659.292915
2025-01-10 00:58:34.826294,INFY,1460.586263148607,1472.2019916714407,1441.341529835842,1462.3388742134496,762530,1115077261.7539816
2025-01-13 00:58:34.826294,INFY,1470.5217166536922,1468.4516376480688,1460.4720453003542,1466.9596232688273,717767,1052935207.9147964
2025-01-14 00:58:34.826294,INFY,1469.6093638236473,1489.0662684607448,1468.67710983315,1472.9343385478596,3888284,5727187021.626225
2025-01-15 00:58:34.826294,INFY,1492.603084614961,1526.364520109929,1473.9916456574208,1498.0869634858248,594702,890915313.3589469
2025-01-16 00:58:34.826294,INFY,1487.4565539348205,1504.3556790607727,1481.6085527478372,1492.2218913949125,3763647,5616196444.882789
2025-01-17 00:58:34.826294,INFY,1469.7198153647507,1480.4091650496773,1461.7081193495292,1465.4552807940333,1460655,2140524583.1682088
2025-01-20 00:58:34.826294,INFY,1453.3663742622407,1461.410192729481,1442.2769416332692,1449.9012254099057,4800546,6960317528.036621
2025-01-21 00:58:34.826294,INFY,1416.8778820818718,1432.7669019307205,1408.9089373991999,1418.6441135518658,1427281,2024803789.0344205
2025-01-22 00:58:34.826294,INFY,1425.9920336954056,1441.0765835397724,1429.133737012737,1429.6819603052504,3555450,5083162725.7673025
2025-01-23 00:58:34.826294,INFY,1410.1620743828773,1411.1379539672375,1405.09496843763,1406.3298558167673,4271414,6007017034.753721
2025-01-24 00:58:34.826294,INFY,1400.6101005580126,1420.1070697383163,1375.6985238717616,1398.4606847647378,3959544,5537266613.596109
2025-01-27 00:58:34.826294,INFY,1404.1295578340857,1409.988348369524,1383.516095887134,1404.2207032349747,1811414,2543625040.9296784
2025-01-28 00:58:34.826294,INFY,1385.3718214233681,1389.4204977021495,1357.6293451173312,1382.6105673143236,4517763,6246306864.42166
2025-01-29 00:58:34.826294,INFY,1380.985626482634,1413.720274073521,1362.6167299397534,1386.470901092733,2739665,3798465801.2422223
2025-01-30 00:58:34.826294,INFY,1468.0101759171478,1492.767174389032,1444.0895483108106,1465.2569779028806,2215979,3246978692.6362476
2025-01-31 00:58:34.826294,INFY,1474.57885715477,1492.2378568848733,1477.0422009807785,1479.15748565452,2344348,3467659893.179203
2025-02-03 00:58:34.826294,INFY,1509.4527504267867,1533.5331848303385,1499.440912602085,1511.1201593629517,1292644,1953340407.2795632
2025-02-04 00:58:34.826294,INFY,1544.1653618939613,1565.2081650101475,1519.808004155372,1546.7903552200669,856440,1324733131.8246741
2025-02-05 00:58:34.826294,INFY,1557.344202908845,1576.4826784502006,1559.4708048989444,1564.421910571763,1535340,2401919536.1772504
2025-02-06 00:58:34.826294,INFY,1553.0514208203888,1553.3008950710748,1529.414032815285,1550.0233842519146,2511562,3892979830.998507
2025-02-07 00:58:34.826294,INFY,1585.4508712893544,1595.169104691382,1559.0936922728642,1588.8481325306752,2958884,4701217317.774895
2025-02-10 00:58:34.826294,INFY,1585.086243451695,1606.7004056576188,1592.0660371779127,1592.7549671712827,716194,1140721550.9582696
2025-02-11 00:58:34.826294,INFY,1611.0256818423131,1627.4366984674944,1600.924214662063,1611.290045424966,2695814,4343738262.517259
2025-02-12 00:58:34.826294,INFY,1675.1711580686508,1694.012655056899,1658.74956322506,1681.3558274578513,1534023,2579238510.5043755
2025-02-13 00:58:34.826294,INFY,1697.9686059787107,1711.1603181701978,1673.2131165781013,1693.1871165291243,2064458,3495513688.2154827
2025-02-14 00:58:34.826294,INFY,1680.6263098439335,1695.3598380022122,1680.2148776836018,1685.6729386586596,2077586,3502130497.93609
2025-02-17 00:58:34.826294,INFY,1709.4259249330037,1721.4301762771993,1695.9184869973944,1713.7223064432653,2114340,3623391621.4052534
2025-02-18 00:58:34.826294,INFY,1767.9270412690407,1800.2104736784331,1759.9086837023895,1766.8194441424394,1928931,3408072797.20912
2025-02-19 00:58:34.826294,INFY,1721.3821850173363,1747.0433598539423,1699.6863488108568,1718.946854853424,1481598,2546788222.257123
2025-02-20 00:58:34.826294,INFY,1716.263692033633,1729.513044364211,1719.1281213440084,1720.4788022586602,3688027,6345172275.657599
2025-02-21 00:58:34.826294,INFY,1713.203522125723,1742.1060429210008,1714.911830321001,1716.54315593939,1622207,2784588323.36697
2025-02-24 00:58:34.826294,INFY,1675.6547877338792,1704.1063319471493,1654.0687600063998,1680.3716702838183,927557,1558640505.3734477
2025-02-25 00:58:34.826294,INFY,1705.3304018639246,1729.912302028379,1692.8550638682834,1706.0927112131121,984103,1678970955.3829572
2025-02-26 00:58:34.826294,INFY,1702.6492201113226,1722.0639098737126,1688.6424342338833,1708.4594644640968,2205096,3767317131.251922
2025-02-27 00:58:34.826294,INFY,1759.190478928392,1753.751657478145,1733.5710995444986,1751.3435267801353,2284210,4000436397.3064528
2025-02-28 00:58:34.826294,INFY,1770.989649900236,1792.0598047785934,1773.1739945196587,1774.0246552149742,1528719,2711985196.8955803
2025-03-03 00:58:34.826294,INFY,1778.8693393596031,1811.4250110479236,1762.4568875507246,1782.2016044880975,763356,1360454287.9956162
2025-03-04 00:58:34.826294,INFY,1753.1993963265866,1764.08280974317,1743.6104857428882,1754.0662121229725,843288,1479182987.8887572
2025-03-05 00:58:34.826294,INFY,1648.7874514973848,1678.3029335953315,1618.7852082328964,1650.7171161416293,2988489,4933149943.700981
2025-03-06 00:58:34.826294,INFY,1652.915273838424,1666.9414310058646,1625.9271585046808,1653.9298708104047,4184796,6921359107.647899
2025-03-07 00:58:34.826294,INFY,1687.7101689080478,1707.591260921169,1681.1437436217338,1688.9446976194029,1174502,1983668925.243384
2025-03-10 00:58:34.826294,INFY,1724.6284155673443,1738.744172824599,1692.6012092118813,1720.4391027256725,2890514,4972953312.5759945
2025-03-11 00:58:34.826294,INFY,1730.879736811547,1733.4563055354924,1701.329965285158,1726.0341938977895,4351072,7510099052.111242
2025-03-12 00:58:34.826294,INFY,1825.7483982418667,1832.8868353093278,1814.0025872902847,1820.2865482165969,2010902,3660417860.381851
2025-03-13 00:58:34.826294,INFY,1813.5192996825517,1839.0204455747937,1809.7374807706183,1822.5842476679238,4796841,8742646845.167652
2025-03-14 00:58:34.826294,INFY,1805.425871485324,1811.2212179935564,1773.4108461250416,1804.4350591928337,1780280,3212399647.179818
2025-03-17 00:58:34.826294,INFY,1845.2446321719415,1858.102147980783,1831.9417147819865,1849.7254957104972,4227661,7820012338.920937
2025-03-18 00:58:34.826294,INFY,1821.5255468599303,1829.3822308070742,1811.6423370218383,1821.5464759964266,948402,1727558320.927963
2025-03-19 00:58:34.826294,INFY,1773.352542116777,1804.7953502754879,1751.825944606317,1779.2292430901214,1736968,3090464259.9117618
2025-03-20 00:58:34.826294,INFY,1818.4295367512193,1845.0949504195687,1792.3398050096089,1819.1148246386015,2488022,4525997704.226982
2025-03-21 00:58:34.826294,INFY,1821.2167554360922,1863.1486120729476,1797.8143471205399,1827.8284582817666,3693796,6751625447.887357
2025-03-24 00:58:34.826294,INFY,1852.5204072683553,1864.9290716688924,1853.3415413117216,1858.0111374724097,786539,1461398222.0564117
2025-03-25 00:58:34.826294,INFY,1828.7392439384064,1862.8395278706164,1818.1365119123307,1835.3763583080859,3301818,6060078696.636087
2025-03-26 00:58:34.826294,INFY,1843.7615496292428,1866.0003186727938,1816.3273055215586,1838.5596361324226,3589809,6600077928.824896
2025-03-27 00:58:34.826294,INFY,1781.89413712462,1779.2324012283798,1767.4890325743936,1778.5794589416853,4562118,8114089364.068124
2025-03-28 00:58:34.826294,INFY,1723.178063747538,1721.1280279686318,1719.6714721292815,1720.8064108512672,4401407,7573969382.3656435
2025-03-31 00:58:34.826294,INFY,1734.057644527292,1751.6166867170657,1718.8060443284555,1727.9771007698428,3658562,6321911357.746717
2025-04-01 00:58:34.826294,INFY,1754.1537646003742,1778.6124511116261,1740.1196992586736,1750.8627931677545,4443855,7780580377.7324915
2025-04-02 00:58:34.826294,INFY,1814.4759735776959,1856.9415947068205,1810.3489053724597,1822.9337046000094,857054,1562352623.2622564
2025-04-03 00:58:34.826294,INFY,1829.8393775624875,1855.1400734963063,1808.8340166319463,1837.068577435663,2465629,4529529559.514116
2025-04-04 00:58:34.826294,INFY,1824.2270794819465,1839.178703734859,1820.4389752249524,1829.3190381488462,4083650,7470298690.136536
2025-04-07 00:58:34.826294,INFY,1775.2953159672218,1773.5840794561484,1746.2749855265592,1766.6093737278036,3335148,5891903719.569536
2025-04-08 00:58:34.826294,INFY,1748.851325134759,1746.5618204504956,1707.6317779643073,1741.445572859686,2583805,4499555778.382721
2025-04-09 00:58:34.826294,INFY,1692.968373094849,1715.2440942152264,1678.1940885027673,1685.426473324246,3140955,5293848708.520157
2025-04-10 00:58:34.826294,INFY,1688.4708950780062,1711.8709077020123,1652.9574328956255,1686.2104447218712,4279404,7215975721.984554
2025-04-11 00:58:34.826294,INFY,1605.769379159017,1635.5975780468857,1600.0018731058713,1610.9174876956176,3269785,5267353837.504815
2025-04-14 00:58:34.826294,INFY,1524.0376187373593,1541.8829652099837,1504.7218222311162,1528.9972812599513,2597951,3972260015.8465714
2025-04-15 00:58:34.826294,INFY,1484.6466845444436,1501.1349742061946,1455.609131632578,1485.1687242663493,787555,1169652054.6395848
2025-04-16 00:58:34.826294,INFY,1533.8831495921702,1554.3303813590112,1524.2161033682355,1535.4322579520392,1305231,2004093781.4789982
2025-04-17 00:58:34.826294,INFY,1587.4405789302004,1611.253841529937,1559.335613643872,1589.1443697951802,2979129,4734266077.243546
2025-04-18 00:58:34.826294,INFY,1673.218213573643,1698.2128835475628,1669.5257791957217,1672.5097559941223,1342606,2245521633.4562445
2025-04-21 00:58:34.826294,INFY,1646.5300870321382,1667.8831304880785,1650.6388265125847,1651.2997335905225,4199446,6934544061.027785
2025-04-22 00:58:34.826294,INFY,1672.385567784078,1693.8777914085135,1676.0273681381964,1676.5290258009454,1608837,2697261928.2825155
2025-04-23 00:58:34.826294,INFY,1718.8298823474943,1740.5988175646098,1703.1370607181125,1722.886482554779,1192019,2053713422.048465
2025-04-24 00:58:34.826294,INFY,1729.6189478120587,1744.5156831128272,1708.0004091050641,1722.2862847952836,1055134,1817242816.8211868
2025-04-25 00:58:34.826294,INFY,1756.2688673688742,1776.1943052331644,1741.747846183208,1748.7431307207837,2820886,4933005015.046429
2025-04-28 00:58:34.826294,INFY,1787.791781111612,1818.6697491717268,1774.322738599451,1794.4160048627423,2150882,3859577085.371185
2025-04-29 00:58:34.826294,INFY,1790.2191448665271,1811.4243852880388,1762.727674759664,1785.048330858582,3331455,5946808187.080477
2025-04-30 00:58:34.826294,INFY,1844.103950712814,1854.7626146164096,1831.026588380881,1835.1779722381868,3315845,6085165703.356131
2025-05-01 00:58:34.826294,INFY,1939.1657179071901,1942.55652647318,1902.7730633789515,1932.8207782369673,3576511,6912754774.393074
2025-05-02 00:58:34.826294,INFY,1919.7793337737808,1937.67595205097,1888.263021804024,1911.043816879156,1924241,3677308865.2353644
2025-05-05 00:58:34.826294,INFY,1951.4739975712805,1966.4757213679056,1938.4643055650758,1952.2473574098335,4214528,8227801150.729751
2025-05-06 00:58:34.826294,INFY,1871.8090450906152,1897.3463788094998,1843.8933900260504,1869.2598848089574,1254108,2344253775.617992
2025-05-07 00:58:34.826294,INFY,1859.593466766991,1883.6466614844628,1835.687139628548,1865.218778192661,1501622,2800853552.1472197
2025-05-08 00:58:34.826294,INFY,1841.047714327589,1861.25890558823,1813.0942571122455,1841.4951225427142,861911,1587204902.5659132
2025-05-09 00:58:34.826294,INFY,1822.1599949194767,1834.1200344078268,1786.6470486589706,1819.2262141935025,2024205,3682486798.901559
2025-05-12 00:58:34.826294,INFY,1794.1260893120677,1836.0431441691449,1795.9213892638359,1800.2005588276563,4174777,7515435888.380847
2025-05-13 00:58:34.826294,INFY,1741.5221217950489,1781.1613977729528,1741.4371239955783,1750.0105484660623,1710213,2992890790.12379
2025-05-14 00:58:34.826294,INFY,1741.651395311283,1765.8453762481427,1707.807470983038,1737.6599967724062,2742019,4764696726.689877
2025-05-15 00:58:34.826294,INFY,1733.3640095308303,1735.0282675953122,1700.3828206621195,1724.8845763814788,3291004,5676602040.409753
2025-05-16 00:58:34.826294,INFY,1726.4564001266576,1747.2229923251705,1703.7292219880194,1733.121989755423,1654258,2867030916.5288267
2025-05-19 00:58:34.826294,INFY,1754.281522294737,1777.3726861161026,1738.9076177383004,1756.6062493281456,1912210,3359000036.0277734
2025-05-20 00:58:34.826294,INFY,1859.4062613523804,1892.823774457548,1854.626705540102,1856.696384551026,3908168,7256281395.818014
2025-05-21 00:58:34.826294,INFY,1827.6946809536544,1857.8676360437782,1808.7604818180191,1826.343889298331,1602020,2925839437.5337124
2025-05-22 00:58:34.826294,INFY,1726.6839584004554,1753.431682412315,1722.4759932348409,1733.992264392747,3729065,6466169863.417739
2025-05-23 00:58:34.826294,INFY,1712.0365508310097,1747.1367521087072,1700.0427393331156,1717.9645285617926,3930460,6752390860.930984
2025-05-26 00:58:34.826294,INFY,1645.817994356751,1665.1344887232096,1616.006112094952,1638.7178165920045,2966507,4861267873.944898
2025-05-27 00:58:34.826294,INFY,1570.6753673197697,1591.9947707206609,1572.2538863199127,1578.4884827416568,1276385,2014759022.0442095
2025-05-28 00:58:34.826294,INFY,1614.2915163371592,1613.3006996710014,1598.4892695185056,1607.6871710223984,4643315,7464997956.515868
2025-05-29 00:58:34.826294,INFY,1635.2150225506539,1643.5514245382867,1628.0774294755242,1634.9397515420878,719356,1176103719.91031
2025-05-30 00:58:34.826294,INFY,1634.8266146443002,1636.1129247904646,1631.308115310258,1633.2081164234014,3789363,6188818407.67453
2025-06-02 00:58:34.826294,INFY,1615.5089336307126,1640.890045152369,1599.6266264168114,1617.5754623878288,3286202,5315679719.649808
2025-06-03 00:58:34.826294,INFY,1609.7545211471383,1629.2254601257575,1599.2221541558743,1610.9969789101674,3257867,5248413894.691131
2025-06-04 00:58:34.826294,INFY,1602.3170639461696,1597.1108244844002,1573.8729416355595,1595.3589642864465,2892001,4613779720.075368
2025-06-05 00:58:34.826294,INFY,1657.1127970483537,1677.1927851881046,1644.5783121238035,1650.6540738012961,550818,909209975.6230823
2025-06-06 00:58:34.826294,INFY,1619.515150019854,1646.0998059939075,1620.0917815223993,1622.8269121492074,4812946,7810578295.520879
2025-06-09 00:58:34.826294,INFY,1657.247384538753,1675.8491858545772,1627.9875406975239,1652.0951325754518,4307114,7115762074.847585
2025-06-10 00:58:34.826294,INFY,1653.206042788055,1683.6687754131794,1637.2735966307062,1659.8414020325513,4481048,7437828994.89516
2025-06-11 00:58:34.826294,INFY,1593.9250517364565,1589.9894358261786,1587.9334892126958,1588.6677927059495,3790633,6022056561.068332
2025-06-12 00:58:34.826294,INFY,1572.4852197451128,1579.1700010718023,1556.901347159615,1574.4847035320965,3497439,5506664207.0365925
2025-06-13 00:58:34.826294,INFY,1569.4878614011086,1575.2022259096414,1536.552290085049,1562.964844790439,2611278,4081335713.974688
2025-06-16 00:58:34.826294,INFY,1571.3027186657728,1584.5172385081025,1578.2339952671837,1579.1948892338664,716651,1131731596.5643396
2025-06-17 00:58:34.826294,INFY,1559.307629795176,1590.3636538918558,1558.9631882678916,1561.9919570134314,4540114,7091621551.924078
2025-06-18 00:58:34.826294,INFY,1590.011358824596,1602.6636414550312,1558.5094500471207,1588.3212297500445,1270008,2017180668.3523946
2025-06-19 00:58:34.826294,INFY,1602.0365517480907,1614.926116028129,1607.1567144239468,1608.1068472640627,1544654,2483968674.0538235
2025-06-20 00:58:34.826294,INFY,1598.024563800385,1607.9665388430067,1571.259991780548,1599.0809926663821,848737,1357199204.4726872
2025-06-23 00:58:34.826294,INFY,1544.6981268543382,1562.0306154774514,1526.663204929767,1543.0788074055645,681601,1051764058.2064402
2025-06-24 00:58:34.826294,INFY,1608.942743368926,1629.915429334072,1583.2418070263282,1615.536550351123,3999585,6461475753.736096
2025-06-25 00:58:34.826294,INFY,1547.1660620810776,1569.551057730111,1516.6085881772863,1541.9968370194692,3064878,4726032181.850556
2025-06-26 00:58:34.826294,INFY,1567.576376108121,1580.9830699268257,1573.7255418306006,1573.823800414627,1089306,1714375708.7344556
2025-06-27 00:58:34.826294,INFY,1496.6947951815332,1502.8988819941756,1485.4610289200557,1499.641438771852,2953039,4428499654.709392
2025-06-30 00:58:34.826294,INFY,1511.0787219452452,1534.7891154014387,1485.8044315448303,1508.4069186527606,3796581,5726789047.625617
2025-07-01 00:58:34.826294,INFY,1491.9374924625067,1487.023877534217,1485.0607986488803,1485.422642715126,2475516,3677187518.8035774
2025-07-02 00:58:34.826294,INFY,1478.8817985349515,1485.0442164632739,1469.0137586721366,1476.499641861973,4902140,7238007954.357252
2025-07-03 00:58:34.826294,INFY,1517.6685396308894,1528.4425531290067,1504.6893447256,1520.239460857173,3527929,5363296880.902386
2025-07-04 00:58:34.826294,INFY,1504.090799604028,1520.41557332491,1484.742994264302,1504.9915604220864,2821991,4247072638.5870843
2025-07-07 00:58:34.826294,INFY,1516.2838397781752,1525.6268827722733,1512.9513565112725,1517.9971954865532,1393155,2114805382.878069
2025-07-08 00:58:34.826294,INFY,1513.8510283407425,1538.6267497104757,1493.1878924364098,1516.1332011908933,2397465,3634876285.193125
2025-07-09 00:58:34.826294,INFY,1543.6709870277455,1548.3120209494673,1522.9728298251114,1541.0988100995633,794977,1225138108.7565205
2025-07-10 00:58:34.826294,INFY,1490.7663866107296,1504.141669361297,1473.3270929499374,1489.713313311085,2806456,4180814866.421774
2025-07-11 00:58:34.826294,INFY,1542.0889367462223,1559.656654817538,1520.1462548009908,1542.2155428858728,2352829,3628569453.552625
2025-07-14 00:58:34.826294,INFY,1535.7754265862884,1564.9095283538102,1537.60398682901,1541.7941562727124,1217884,1877726434.218036
2025-07-15 00:58:34.826294,INFY,1528.847597046165,1565.477479790875,1506.112776808607,1535.5020329407698,3453661,5303103486.588252
2025-07-16 00:58:34.826294,INFY,1596.403890214598,1617.666792626047,1597.479382903259,1603.4520795758037,4948388,7934503029.147952
2025-07-17 00:58:34.826294,INFY,1692.2473899349775,1720.596850626328,1660.3173052509549,1692.4954268807821,2094575,3545058608.7588143
2025-07-18 00:58:34.826294,INFY,1656.6745556307665,1666.1638167751635,1634.4899272657156,1654.4534080303665,1894994,3135179281.4970965
2025-07-21 00:58:34.826294,INFY,1730.035544259215,1764.8339537946395,1703.120914555718,1733.294114555879,3700890,6414730855.618708
2025-07-22 00:58:34.826294,INFY,1704.781477179213,1714.8571093646017,1693.7918468501084,1703.789330830792,1787256,3045107704.263318
2025-07-23 00:58:34.826294,INFY,1710.6525291281012,1746.7141028584247,1703.1903250514752,1718.671541269791,1056831,1816345363.6316946
2025-07-24 00:58:34.826294,INFY,1719.8916870601329,1739.1380424910856,1694.6923326415829,1722.9044796701928,3888449,6699426201.069081
2025-07-25 00:58:34.826294,INFY,1716.1720753088136,1752.187242416045,1691.716948375702,1722.638615925542,2530888,4359805401.382563
2025-07-28 00:58:34.826294,INFY,1722.1832131957829,1728.1543538729723,1707.0784474802463,1714.5242974538771,4869246,8348440577.280102
2025-07-29 00:58:34.826294,INFY,1685.4266059935208,1698.7951677523297,1681.613589343925,1687.558991723354,772743,1304049397.9412796
2025-07-30 00:58:34.826294,INFY,1711.5751547240209,1726.0392513198408,1680.1386797115733,1709.7411723011394,4978597,8512112271.194936
2025-07-31 00:58:34.826294,INFY,1677.74353459119,1707.336905452421,1659.9094408747897,1685.63043791869,3208562,5408449769.149267
2025-08-01 00:58:34.826294,INFY,1679.5982621401597,1704.9391399643432,1650.8249170496429,1675.251210249398,3728939,6246909572.696179
2025-08-04 00:58:34.826294,INFY,1708.7929299524747,1712.83407834351,1684.3893290528556,1701.513683215367,1335358,2272129908.991106
2025-08-05 00:58:34.826294,INFY,1694.045904876297,1702.5546938228933,1694.1423768578381,1702.31781332681,4898884,8339457498.621696
2025-08-06 00:58:34.826294,INFY,1726.202178597157,1742.140225598018,1726.9839237127646,1733.120671583011,2087916,3618610380.128914
2025-08-07 00:58:34.826294,INFY,1766.649463143643,1807.2989494231256,1774.7263948964119,1775.0183190735204,4318362,7665171658.390965
2025-08-08 00:58:34.826294,INFY,1745.2784520774264,1746.4661658743037,1709.4009675654265,1741.1678656437066,845535,1472218371.2770514
2025-08-11 00:58:34.826294,INFY,1837.760382217307,1854.5102138118525,1805.958544621814,1830.5699776736533,1707935,3126494534.818051
2025-08-12 00:58:34.826294,INFY,1773.860615980363,1817.7930242096902,1751.3809583984237,1782.6788303786388,2884272,5141730635.453857
2025-08-13 00:58:34.826294,INFY,1791.4822329069495,1807.9593703812548,1772.126856233672,1784.4318316462059,4226713,7542281220.43283
2025-08-14 00:58:34.826294,INFY,1782.2225205330285,1785.5845517560258,1755.2554375130037,1775.234334556855,795182,1411634388.621589
2025-08-15 00:58:34.826294,INFY,1744.6635721314476,1783.9743168433938,1746.7433027709835,1751.6749845598408,1222153,2140814837.4047632
2025-08-18 00:58:34.826294,INFY,1716.7476144989123,1740.6998450660742,1695.1760011190634,1721.4834705151225,637980,1098272024.5192378
2025-08-19 00:58:34.826294,INFY,1740.6335458199997,1746.6301214749908,1738.5257627889025,1738.5585534819518,4920605,8554759911.056059
2025-08-20 00:58:34.826294,INFY,1686.5059445201284,1715.3261336479643,1654.931811923254,1682.1802083525329,1490391,2507106242.9067397
2025-08-21 00:58:34.826294,INFY,1705.253158011322,1736.7673159932676,1691.9485607849356,1705.9320060484774,4447061,7586383692.7499485
2025-08-22 00:58:34.826294,INFY,1674.624337424896,1690.1831681416963,1659.2185898403607,1674.206889268716,1049666,1757358048.631136
2025-08-25 00:58:34.826294,INFY,1669.8748356814774,1682.8365875795332,1654.743575065426,1665.2921055252918,4384817,7302001134.273093
2025-08-26 00:58:34.826294,INFY,1668.7444767541406,1674.0528493734646,1653.278722204391,1672.7899826995267,2942367,4921962043.025659
2025-08-27 00:58:34.826294,INFY,1660.5139906342865,1669.9430502105986,1643.2374898448277,1665.0101605051436,3039065,5060074103.435564
2025-08-28 00:58:34.826294,INFY,1659.6814921282366,1681.6010264665322,1639.9941258501358,1656.6794356184703,1216079,2014653071.3874738
2025-08-29 00:58:34.826294,INFY,1688.7218416188468,1713.5937955311701,1654.93200702585,1682.0934748174943,4943769,8315881575.905009
2025-09-01 00:58:34.826294,INFY,1640.648309582861,1648.3792002104826,1606.217045480899,1638.4267097569495,558031,914292895.2723804
2025-09-02 00:58:34.826294,INFY,1650.0726175745422,1660.511084308531,1639.183211685057,1653.8079716465884,2581552,4269391276.820194
2025-09-03 00:58:34.826294,INFY,1711.749717167955,1753.0171303411355,1699.1345727681035,1719.3692641864702,3141532,5401453563.25825
2025-09-04 00:58:34.826294,INFY,1711.0102695028436,1732.465077795891,1693.0377977537064,1710.0363680230362,1752876,2997481708.6347475
2025-09-05 00:58:34.826294,INFY,1723.7832534034717,1753.0964702798985,1707.0807362485791,1731.8873863269332,2418715,4188941999.619748
2025-09-08 00:58:34.826294,INFY,1792.1257760840904,1820.7849749762368,1785.4759039514818,1793.618980734377,4824917,8654062711.667967
2025-09-09 00:58:34.826294,INFY,1775.1835756521523,1785.8921708982466,1766.901163050169,1780.1452571969853,621173,1105778169.848823
2025-09-10 00:58:34.826294,INFY,1746.861821612851,1769.6458968275092,1727.4923952253748,1740.820963355431,3007413,5235367595.867647
2025-09-11 00:58:34.826294,INFY,1764.841716428115,1788.690192441948,1754.7640573178257,1763.2703122139553,1321929,2330918160.554682
2025-09-12 00:58:34.826294,INFY,1767.8747389846792,1808.2464450067907,1751.8531403148763,1773.7611233875743,4272217,7577892425.275493
2025-09-15 00:58:34.826294,INFY,1652.4084037499156,1655.6003002448942,1621.36896884218,1644.4915628222611,3289850,5410130567.950816
2025-09-16 00:58:34.826294,INFY,1668.8806239527178,1682.2654051064512,1656.389317051996,1673.5229156624143,808710,1353394717.1253512
2025-09-17 00:58:34.826294,INFY,1659.2748834276808,1667.8459802865912,1653.5337316452044,1662.2733232072615,3280596,5453247215.020449
2025-09-18 00:58:34.826294,INFY,1719.1193090841764,1751.4703030757985,1710.138509621587,1727.1375729965964,4577411,7905818525.147923
2025-09-19 00:58:34.826294,INFY,1740.6899402168924,1753.7833579246037,1744.197525833212,1747.7816855902868,1206412,2108544798.876349
2025-09-22 00:58:34.826294,INFY,1743.6771862930868,1744.9978933954276,1715.4412249208776,1741.7161391797902,791799,1379089097.2864187
2025-09-23 00:58:34.826294,INFY,1684.465503040395,1701.023020929048,1662.4307310647612,1692.5812452932068,973818,1648266083.12894
2025-09-24 00:58:34.826294,INFY,1721.0402827741493,1719.793623905486,1689.0852803855857,1717.2874718260198,4383424,7527599118.901499
2025-09-25 00:58:34.826294,INFY,1729.9189098659085,1759.3387650976508,1709.2533353686806,1730.039405007774,1087371,1881194677.862708
2025-09-26 00:58:34.826294,INFY,1733.0269059247325,1764.2542077109638,1721.8431512701475,1729.881410106164,1162643,2011234512.2900608
2025-09-29 00:58:34.826294,INFY,1702.3712798639872,1715.9172346638688,1698.9223034184631,1700.2638780279053,3418634,5812579902.39805
2025-09-30 00:58:34.826294,INFY,1667.311188612524,1679.4411914918724,1653.6956078601445,1675.4459706859616,2491226,4173914563.7681055
2025-10-01 00:58:34.826294,INFY,1637.4782844151625,1654.491654497913,1635.3366466884315,1636.3792415865394,1554853,2544329172.9185553
2025-10-02 00:58:34.826294,INFY,1616.9068118583787,1647.3130662616763,1604.541978131253,1617.4033062101594,2269819,3671212755.0986376
2025-10-03 00:58:34.826294,INFY,1596.9444128620623,1619.8274259768586,1569.9454962812356,1594.9519594823375,849760,1355326377.0897112
2025-10-06 00:58:34.826294,INFY,1552.6543600899977,1578.9919857096709,1540.203909445103,1552.355064754446,1736664,2695919156.176715
2025-10-07 00:58:34.826294,INFY,1571.1684670131579,1572.6046065871722,1556.3138370756217,1565.0850874725431,1679418,2628432067.4329634
2025-10-08 00:58:34.826294,INFY,1512.3040157849964,1543.263775437404,1506.421617133396,1519.0925269874376,4114962,6251008023.03728
2025-10-09 00:58:34.826294,INFY,1505.0370642365078,1516.1210434350191,1481.918528901659,1509.1250332268235,1045501,1577791731.3636773
2025-10-10 00:58:34.826294,INFY,1540.4114321922582,1552.2814129460742,1516.366749482714,1535.284861176425,2512236,3856997898.502417
2025-10-13 00:58:34.826294,INFY,1554.2433396589522,1566.8205141992064,1526.177700170953,1554.642485247022,1578290,2453676688.0405226
2025-10-14 00:58:34.826294,INFY,1529.4037245297568,1547.9987166487488,1524.5720432773132,1535.151135362317,855439,1313228152.0832052
2025-10-15 00:58:34.826294,INFY,1542.4254778971747,1556.5715245150805,1526.4467374909132,1542.4540021866726,4749012,7325132565.832535
2025-10-16 00:58:34.826294,INFY,1584.6793986579353,1606.7282173771393,1582.6952619402264,1590.4061493868924,3009180,4785818376.612049
2025-10-17 00:58:34.826294,INFY,1577.611889255099,1584.659828245802,1558.4680895685997,1582.6076855870008,1897955,3003718169.898276
2025-10-20 00:58:34.826294,INFY,1584.6965059682313,1605.7223883982533,1562.7701293775197,1585.847166210184,4842486,7679442700.512489
2025-10-21 00:58:34.826294,INFY,1534.291253200779,1545.9567977822874,1519.6632573217528,1531.5449378903756,4533743,6943631141.345925
2025-10-22 00:58:34.826294,INFY,1513.7731915228753,1535.0550493943933,1500.6544760944469,1515.653209133018,2717939,4119452967.577786
2025-10-23 00:58:34.826294,INFY,1546.915812289616,1568.5014744440782,1536.2753287851679,1541.5338206082233,667071,1028312507.2469481
2025-10-24 00:58:34.826294,INFY,1514.722065346351,1539.4195996650722,1511.093449062931,1520.252231375721,3165880,4812936134.267768
2025-10-27 00:58:34.826294,INFY,1506.5129635306616,1540.7054045123887,1506.931192594115,1513.8008440535164,3292063,4983527748.077352
2025-10-28 00:58:34.826294,INFY,1505.799371020277,1520.8767881304673,1476.4930092995576,1499.3628962082987,2764381,4144810302.383193
2025-10-29 00:58:34.826294,INFY,1428.6109330172799,1439.600148103746,1417.9502843437078,1432.8886573819775,3159245,4526846326.390725
2025-10-30 00:58:34.826294,INFY,1391.332530282233,1404.4368216861628,1386.9350683583525,1395.909720312011,2691951,3757720567.5036383
2025-10-31 00:58:34.826294,INFY,1402.0061899365746,1412.5674989252911,1384.6078894624964,1406.7944973060517,679340,955691773.7998931
2025-11-03 00:58:34.826294,INFY,1465.00277324536,1470.7312309097092,1451.3929343716154,1469.8946435528917,1596376,2346504531.496391
2025-11-04 00:58:34.826294,INFY,1500.1001000124932,1502.8837048023672,1489.4506576656895,1492.9937020172983,741324,1106792063.1542716
2025-11-05 00:58:34.826294,INFY,1525.0504869237436,1551.6030736390248,1500.079944790117,1523.977799711332,3967766,6046787298.449432
2025-11-06 00:58:34.826294,INFY,1502.9782564218096,1510.597995448374,1484.8703722300638,1501.139122789441,624078,936827901.4721887
2025-11-07 00:58:34.826294,INFY,1480.7585635096807,1507.0256937991412,1465.2741042126931,1486.8360826990627,3450161,5129823865.921081
2025-11-10 00:58:34.826294,INFY,1479.451401113115,1480.272570300786,1472.0597502659948,1472.6033299488286,3517721,5180207658.430923
2025-11-11 00:58:34.826294,INFY,1478.8693669957572,1499.0906712769356,1454.8276543719808,1478.1951848707015,4943131,7306912442.385096
2025-11-12 00:58:34.826294,INFY,1499.0335408817543,1511.5102348566359,1488.2235704731156,1503.6386005031059,2067431,3108669055.4767365
2025-11-13 00:58:34.826294,INFY,1550.397828978151,1579.7566267205796,1538.3133851164037,1553.028646926979,2592195,4025753093.4208803
2025-11-14 00:58:34.826294,INFY,1582.2618791530838,1595.8548889807246,1553.1443691065715,1577.535918438404,1724858,2721025449.2058287
2025-11-17 00:58:34.826294,INFY,1596.5979339880419,1625.867210251083,1590.4916242876664,1599.2739513279976,3783287,6050512349.497846
2025-11-18 00:58:34.826294,INFY,1598.3596341696623,1604.4612033025107,1582.428905363902,1597.6231489416157,3637358,5811127341.787977
2025-11-19 00:58:34.826294,INFY,1574.28226559965,1585.5625409884456,1546.6483083462956,1577.149915128566,4885500,7705165910.360609
2025-11-20 00:58:34.826294,INFY,1479.246759467451,1507.6646860117141,1455.076484681919,1484.2922531862857,4042140,5999717088.294413
2025-11-21 00:58:34.826294,INFY,1464.4736755682993,1492.1114253094595,1464.095120890777,1471.5385101215863,4436906,6529078044.789527
2025-11-24 00:58:34.826294,INFY,1426.2687537228815,1444.3985171276324,1406.0522964097586,1432.8528871990243,4110680,5889999706.351285
2025-11-25 00:58:34.826294,INFY,1380.8429320837672,1403.9329789903798,1373.7028331420352,1387.6177663759797,4828974,6700770115.76768
2025-11-26 00:58:34.826294,INFY,1370.190293186355,1367.3866546291897,1346.4863194799038,1365.0932511576343,3183525,4345808492.391608
2025-11-27 00:58:34.826294,INFY,1331.0486819308828,1346.4351830740652,1303.614883347329,1328.6556442567953,2135335,2837124900.129084
2025-11-28 00:58:34.826294,INFY,1324.1412677291771,1320.9848866790142,1307.4414824874505,1319.876910034614,2449428,3232943459.9922643
2025-12-01 00:58:34.826294,INFY,1362.3541261508642,1372.2050263702724,1351.435615898353,1363.7457870477294,3916356,5340913995.579098
2025-12-02 00:58:34.826294,INFY,1407.5678798854528,1421.3847122539125,1381.6003024161823,1409.199815217487,2868403,4042152977.5692854
2025-12-03 00:58:34.826294,INFY,1435.8215920723758,1468.3450593793589,1427.904836873076,1441.7524863871004,4590602,6618511847.513596
2025-12-04 00:58:34.826294,INFY,1441.1235206384968,1463.2407976109916,1428.9658512142307,1439.3424459754187,523446,753418045.9760491
2025-12-05 00:58:34.826294,INFY,1455.1320977513942,1468.0716236805717,1445.2319998222729,1456.1452558358724,2741678,3992281412.729583
2025-12-08 00:58:34.826294,INFY,1475.8114771163862,1493.9212889326022,1466.354440292762,1469.5580766018152,2851130,4189901118.9417334
2025-12-09 00:58:34.826294,INFY,1466.5312550482115,1484.8999113722523,1469.3957914843284,1472.3008582931416,4514398,6646552050.076841
2025-12-10 00:58:34.826294,INFY,1480.6574581648078,1483.146294334841,1463.4454782623732,1478.8961949104423,1051556,1555142167.135245
2025-12-11 00:58:34.826294,INFY,1445.4940435577923,1461.8505140123211,1432.9779700094014,1452.6524249472993,3043951,4421802801.570757
2025-12-12 00:58:34.826294,INFY,1481.0355582261068,1510.2536485995124,1455.3762756322806,1481.2719849330101,2361317,3497752719.6460605
2025-12-15 00:58:34.826294,INFY,1462.3072515810572,1465.7031616171491,1439.6047659468468,1464.3709781925422,3746532,5486312729.6696615
2025-12-16 00:58:34.826294,INFY,1447.860381395187,1465.5964238658862,1438.2407688834132,1441.930667758415,2419587,3488876698.60958
2025-12-17 00:58:34.826294,INFY,1435.7706270624544,1436.0456908292854,1407.9643168062598,1428.6571270082206,2769590,3956794492.390698
2025-12-18 00:58:34.826294,INFY,1403.878621363762,1404.7642154572088,1372.7755231040599,1398.1735855031955,2653883,3710589109.615977
2025-12-19 00:58:34.826294,INFY,1314.55832460249,1342.7876249750975,1309.658811865411,1317.067580958669,4765630,6276656775.844062
2025-12-22 00:58:34.826294,INFY,1334.0017602036585,1329.4023468785463,1309.1422380586496,1327.9802221308187,2193465,2912878137.9361763
2025-12-23 00:58:34.826294,INFY,1304.44333641966,1316.4878686158297,1298.195757663276,1304.0245993352999,4807997,6269746361.530324
2025-12-24 00:58:34.826294,INFY,1240.5530026970587,1242.732183400925,1224.3192628387326,1238.0077109662036,2728553,3377969653.779968
2025-12-25 00:58:34.826294,INFY,1284.5093489788196,1312.2975960761125,1286.9494156140872,1287.6867758076423,4191316,5397102186.4309845
2025-12-26 00:58:34.826294,INFY,1260.7404931087497,1270.6657589046984,1254.065455523802,1264.5375417339533,3345157,4230076609.494126
2025-12-29 00:58:34.826294,INFY,1254.3732716456618,1270.0945536047145,1235.7882111524502,1257.7348164474972,4553492,5727085424.815147
2025-12-30 00:58:34.826294,INFY,1279.864359522476,1291.9700170759832,1274.882560039023,1277.15597885698,4238163,5412795214.820435
2025-12-31 00:58:34.826294,INFY,1288.813433045059,1290.5993115311724,1266.0877058037931,1286.3180774859513,4824155,6205397785.094239
2026-01-01 00:58:34.826294,INFY,1286.1802548454566,1300.157908459843,1280.3650837560406,1289.4030305759466,786172,1013692559.353953
2026-01-02 00:58:34.826294,INFY,1245.314308931266,1244.0024076965958,1226.8241797495784,1240.8619236871743,1061133,1316719535.6679423
2026-01-05 00:58:34.826294,INFY,1230.1243459613265,1251.945269047175,1212.1960883303486,1234.5432502018282,2165418,2673302175.7655425
2026-01-06 00:58:34.826294,INFY,1235.352814002421,1248.2283827712324,1213.2322868424453,1236.1611687926763,1195519,1477854164.3538516
2026-01-07 00:58:34.826294,INFY,1263.3876768669124,1275.4404613605045,1248.5125195210016,1263.122529907542,3367492,4253555014.4834085
2026-01-08 00:58:34.826294,INFY,1205.1920664767954,1205.4872260908376,1183.1612556772359,1202.9157920947462,4133803,4972616910.108638
2026-01-09 00:58:34.826294,INFY,1257.6066804764669,1260.2391907839783,1238.6313638973977,1258.4182970116476,3808769,4793024598.690756
2026-01-12 00:58:34.826294,INFY,1257.8569092232176,1261.934679146543,1243.442899186525,1259.406609412685,757471,953963983.8384359
2026-01-13 00:58:34.826294,INFY,1281.8406027692981,1299.6593599267376,1252.527912945698,1276.9863771705964,2157106,2754594976.1129565
2026-01-14 00:58:34.826294,INFY,1282.7397832308916,1278.095082679213,1268.321087915642,1278.0403590526332,858349,1097004664.1524687
2026-01-15 00:58:34.826294,INFY,1301.5317300044169,1306.9024872749321,1281.7899937256334,1297.3989618795783,1288525,1671730997.3558836
2026-01-16 00:58:34.826294,INFY,1278.6242080785378,1286.59094766389,1254.1611770200193,1277.26625758363,3596750,4594007411.963922
2026-01-19 00:58:34.826294,INFY,1258.9518516191172,1270.6136505553209,1233.795584893947,1258.9112096171664,1318706,1660133765.589415
2026-01-20 00:58:34.826294,INFY,1255.2571106759415,1259.8177077256025,1242.4571850431282,1255.3387031213,949110,1191454516.5194569
2026-01-21 00:58:34.826294,INFY,1246.3501648471008,1261.7528496681,1222.8532208241013,1242.4486680990253,4728021,5874323394.1942215
2026-01-22 00:58:34.826294,INFY,1259.4090626977418,1263.1846230026106,1235.1253779391407,1256.7946309493584,884533,1111676325.2975287
2026-01-23 00:58:34.826294,INFY,1228.2021866803768,1228.1393280790694,1220.1968838147388,1223.388843220583,846407,1035484880.6238041
2026-01-26 00:58:34.826294,INFY,1221.6243955797515,1236.9566828819059,1194.1211148576103,1215.8417916086778,1303995,1585451617.0487578
2026-01-27 00:58:34.826294,INFY,1197.6580319980935,1205.9735465221452,1177.624603992434,1193.0483748206414,2516211,3001961444.2558208
2026-01-28 00:58:34.826294,INFY,1197.210887270248,1197.8935845497306,1178.825650128109,1196.6680445146842,1534472,1836253607.6025364
2026-01-29 00:58:34.826294,INFY,1210.9150055461525,1226.5360189945811,1198.6780099904765,1210.8504425969056,2710980,3282591332.8713593
2026-01-30 00:58:34.826294,INFY,1191.6890821515362,1195.881393148171,1185.1433278910822,1191.7866737208512,1489269,1774890947.7855785
2026-02-02 00:58:34.826294,INFY,1155.8650212090856,1164.3604821889994,1137.2521157787658,1159.8217217912256,771609,894928878.9296058
2026-02-03 00:58:34.826294,INFY,1134.3207234824115,1144.3992711308515,1124.824225723197,1138.2692263796353,4185266,4763959492.012991
2026-02-04 00:58:34.826294,INFY,1171.4190902786827,1173.7332523922003,1151.5548086888516,1170.1298578611713,3724400,4358031642.618147
2026-02-05 00:58:34.826294,INFY,1195.8991309399337,1198.1581103713063,1185.613411876877,1192.498092181227,963723,1149237838.8911688
2026-02-06 00:58:34.826294,INFY,1210.9574680077774,1225.5866074590028,1188.850396963794,1205.6767501454738,4149175,5002563829.784846
2026-02-09 00:58:34.826294,INFY,1175.0925236233663,1189.893483182891,1166.8224913898146,1180.0222646237426,1823020,2151204188.8543754
2026-02-10 00:58:34.826294,INFY,1214.4462455384428,1229.1754510451215,1203.6103231374807,1218.2543711864157,2344040,2855636976.235806
2026-02-11 00:58:34.826294,INFY,1232.1450334130172,1253.5537050359762,1213.5287514745607,1234.275681070209,1934636,2387874166.522945
2026-02-12 00:58:34.826294,INFY,1234.1612577994906,1257.0793901784807,1233.7809268203252,1236.34204809774,4457874,5511457071.321665
2026-02-13 00:58:34.826294,INFY,1187.7731855413504,1187.3916756742683,1181.811889935967,1183.7752321201924,4347075,5145959717.168885
2026-02-16 00:58:34.826294,INFY,1123.0724332984942,1132.067836459273,1101.1187795798794,1121.4824470234917,772667,866532477.8943002
2026-02-17 00:58:34.826294,INFY,1124.134834834279,1132.1396814785192,1114.4015855820069,1125.6748796865816,612035,688952424.988977
2026-02-18 00:58:34.826294,INFY,1096.4770142051004,1104.5167446744479,1081.7401342377532,1096.9602670433353,1716733,1883187890.122106
2026-02-19 00:58:34.826294,INFY,1151.5462823918808,1168.1591973257987,1126.2172640782926,1148.5650458950615,1365144,1567956681.013368
2026-02-20 00:58:34.826294,INFY,1130.9079388871096,1149.78761317274,1124.614762427723,1133.553014655704,3997172,4531006370.69737
2026-02-23 00:58:34.826294,INFY,1143.717241346911,1152.5640275552742,1119.003778756831,1141.6955044339823,914399,1043965227.558929
2026-02-24 00:58:34.826294,INFY,1097.9067920173982,1116.2665673652677,1077.106896536415,1095.3993993967401,2661513,2915419741.686616
2026-02-25 00:58:34.826294,INFY,1088.1132130630658,1101.399270056293,1073.7945416636742,1083.746786302602,3301516,3578007354.9266214
2026-02-26 00:58:34.826294,INFY,1109.1740900829209,1120.1694709247329,1111.4840116405135,1111.9340387582854,621701,691290503.8300648
2026-02-27 00:58:34.826294,INFY,1110.4069502551056,1121.3542956750885,1098.478555120362,1110.1405923636864,1564641,1736971486.5765107
2026-03-02 00:58:34.826294,INFY,1114.584258108138,1129.5476950176103,1105.7378650203686,1109.3257078662098,2590923,2874177491.001844
2026-03-03 00:58:34.826294,INFY,1121.1656955610333,1132.1566533136017,1114.5427130702778,1122.6376697656938,4210407,4726761503.245166
2026-03-04 00:58:34.826294,INFY,1109.2841633441988,1117.5743826852101,1093.3281974694341,1105.9828491812411,679354,751353872.5226729
2026-03-05 00:58:34.826294,INFY,1104.729443824264,1118.5873300936098,1097.9324342214873,1100.8433176497479,1917003,2110319942.4645195
2026-03-06 00:58:34.826294,INFY,1093.1190923830302,1100.2850930228794,1084.3577661478496,1090.7857425985069,2582214,2816642215.538261
2026-03-09 00:58:34.826294,INFY,1071.8414161833282,1087.1786004444143,1069.0324257932248,1076.6863018998015,1484943,1598817787.201997
2026-03-10 00:58:34.826294,INFY,1001.7423975177966,1018.1901096494661,988.782871283962,1004.2377974952132,3315263,3329312413.237373
2026-03-11 00:58:34.826294,INFY,996.0602470958038,999.5963743304387,981.6573630806403,998.6088014209247,2193152,2190100890.053904
2026-03-12 00:58:34.826294,INFY,969.9010635344354,992.945021979962,962.4428372393804,974.6773750656301,1324255,1290721387.317536
2026-03-13 00:58:34.826294,INFY,984.1620809123117,990.7786706996299,985.7409509189217,985.9185279440176,1681597,1657917638.835076
2026-03-16 00:58:34.826294,INFY,1013.3211285144437,1018.807425318461,1003.5694372135846,1016.0087620958611,2875804,2921842062.070326
2026-03-17 00:58:34.826294,INFY,1025.5688560192111,1039.879305391139,1016.8555050748706,1029.0001022535498,640689,659269046.5127245
2026-03-18 00:58:34.826294,INFY,999.9892454426017,1002.7156042856417,1001.2663162907029,1002.0128936649925,2868524,2874298033.787479
2026-03-19 00:58:34.826294,INFY,998.1908721141228,1017.7673040234899,996.5624289534271,1002.941330482483,2297511,2304268739.1381397
2026-03-20 00:58:34.826294,INFY,984.6885685305892,990.2568830704436,972.884668419744,981.7795538866307,2581530,2534493371.7449536
2026-03-23 00:58:34.826294,INFY,1012.4185233465673,1026.7239796606557,1006.750840286464,1012.2881142925513,2175125,2201853184.6005855
2026-03-24 00:58:34.826294,INFY,1047.4247167162666,1063.0961710499628,1044.5276526033867,1051.4033600380803,4244795,4462991725.672843
2026-03-25 00:58:34.826294,INFY,1038.19959095417,1052.2379153156535,1028.5310628102525,1038.7969894564624,3843473,3992588181.4571977
2026-03-26 00:58:34.826294,INFY,1052.2217112961137,1062.396254798146,1035.407739025658,1050.9576318882475,4821613,5067310980.3615885
2026-03-27 00:58:34.826294,INFY,1012.8840015269278,1021.6015976540383,997.0776533632911,1010.8023892747073,4676672,4727191231.4541235
2026-03-30 00:58:34.826294,INFY,979.255175973303,984.0452583398902,967.5567672529929,975.6106885653692,4316707,4211425488.604949
2026-03-31 00:58:34.826294,INFY,976.7129192478855,985.4885660440401,972.7553909337855,974.1388001275245,4030202,3925976140.5515494
2026-04-01 00:58:34.826294,INFY,964.1626590108423,960.9881075259916,946.021677924713,960.3968276513057,4257654,4089037394.836892
2026-04-02 00:58:34.826294,INFY,983.0969750273296,999.2509845046301,979.4977048762822,980.559344877048,2539436,2490067700.5171914
2026-04-03 00:58:34.826294,INFY,944.5378566979404,951.6983039084056,937.3840291031211,943.6238922183253,3817837,3602602209.7951345
2026-04-06 00:58:34.826294,INFY,947.2718092220788,961.8721486067191,942.0556006716768,951.1685703149277,4768584,4535727225.706639
2026-04-07 00:58:34.826294,INFY,890.7067442508531,905.1972772236574,881.0448002119786,894.2429882813086,796508,712271694.1099685
2026-04-08 00:58:34.826294,INFY,891.1987474308864,904.917448475403,881.5441748915813,888.8231161067841,2821554,2507862418.5435615
2026-04-09 00:58:34.826294,INFY,898.8074605006307,910.2404967971705,889.4476588853445,894.7535757028481,1881880,1683818859.043676
2026-04-10 00:58:34.826294,INFY,904.3068265079187,915.2999206588851,900.1048414810978,907.3984870722081,3265453,2963067111.805403
2026-04-13 00:58:34.826294,INFY,932.1122012369384,942.274346151445,917.4360846286103,931.4069463673424,4190339,3902910852.233983
2026-04-14 00:58:34.826294,INFY,930.4276838723077,932.2860790025242,914.3656931903145,930.3356741559954,4667973,4342781807.896984
2026-04-15 00:58:34.826294,INFY,933.4800938763767,953.4275877104628,933.0546930545257,935.2592882817387,1770242,1655635273.0064416
2026-04-16 00:58:34.826294,INFY,899.0711906161391,896.5990368908413,890.834572034749,894.9699801907858,2790860,2497735918.9152565
2026-04-17 00:58:34.826294,INFY,865.1080309005115,881.3040210200326,854.2694546430346,869.0484709809292,1395318,1212598974.4321682
2026-04-20 00:58:34.826294,INFY,826.1880463210072,842.0859012287721,816.9727068517159,826.7331025117624,1019676,842999903.0367838
2026-04-21 00:58:34.826294,INFY,839.512757003041,852.5991214053221,833.445866737755,838.4227476059464,4473883,3751005277.327534
2026-04-22 00:58:34.826294,INFY,844.9935712670867,861.5596299310303,830.9784244378828,846.2268138101251,1656714,1401955809.6146276
2026-04-23 00:58:34.826294,INFY,875.1193077388724,886.6787586372707,868.7505464568784,870.9692890903577,4911045,4277369372.340756
2026-04-24 00:58:34.826294,INFY,895.8453869514449,900.2740195087072,875.2598617300278,892.9546758016791,3441507,3073109767.4542093
2026-04-27 00:58:34.826294,INFY,933.1423323505894,943.7400858769579,923.5112127522085,933.401062123955,2587403,2415084708.342707
2026-04-28 00:58:34.826294,INFY,929.861496995767,932.919750489743,914.8356783701932,931.5220558801041,3880635,3614897093.3202877
2026-04-29 00:58:34.826294,INFY,912.8302147563077,912.615234401595,895.9372783602576,910.075635930651,2973758,2706344702.9538608
2026-04-30 00:58:34.826294,INFY,904.4777341026913,910.7328361161696,898.7515557667188,903.3409096847819,4974445,4493619671.476914
2026-05-01 00:58:34.826294,INFY,945.9227417472198,955.7311815536781,932.2069323511611,942.5321821940959,3044306,2869356377.446579
2026-05-04 00:58:34.826294,INFY,863.4118067664083,864.0376457217978,854.2920131917297,862.4668145223752,4303454,3711586262.8235736
2026-05-05 00:58:34.826294,INFY,881.0714208684772,887.4617316371227,872.0895080447037,883.778431616943,2653592,2345187375.911267
2026-05-06 00:58:34.826294,INFY,916.6282945458728,920.2456224769385,909.0810655025467,912.8740438819101,4291343,3917455638.094328
2026-05-07 00:58:34.826294,INFY,920.1087258886755,934.7500498832184,904.9918850043042,918.7421251164618,2197152,2018616097.6838844
2026-05-08 00:58:34.826294,INFY,988.6280535294461,995.5658923170416,970.1839112479017,984.9958102586348,1612762,1588563812.9443364
2026-05-11 00:58:34.826294,INFY,980.4259027663957,990.821369110832,976.3014759607062,983.9675507057937,2441042,2401906117.909972
2026-05-12 00:58:34.826294,INFY,1011.8433386914988,1030.528527329291,994.0380316678186,1011.7290563445968,761161,770088700.2563096
2026-05-13 00:58:34.826294,INFY,978.0130006479143,984.9927084183633,974.5792973961882,981.6005002438675,835983,820601330.9953691
2026-05-14 00:58:34.826294,INFY,968.4891061684366,982.4529286046911,952.9967349427707,970.5199787567416,899769,873243790.7659746
2026-05-15 00:58:34.826294,INFY,1000.261825785893,1008.6742915060732,978.9685638576914,995.6589785441796,634607,631852157.3969861
2026-05-18 00:58:34.826294,INFY,1051.4254745731023,1055.5402603825378,1040.1299236933048,1051.16055898428,3846953,4043765265.866253
2026-05-19 00:58:34.826294,INFY,1041.2717735474478,1056.152019633345,1036.1218916421567,1040.6985297241524,4956367,5158083849.673308
2026-05-20 00:58:34.826294,INFY,1006.935140108455,1015.6036256569339,988.9155703692946,1008.2629176923252,3691833,3722338312.21281
2026-05-21 00:58:34.826294,INFY,981.1182093075545,996.493522968286,966.9275265557409,981.6684839657016,2884333,2831458803.362244
2026-05-22 00:58:34.826294,INFY,964.1953830810705,977.515106376722,949.1751249416195,966.4613078188785,2059284,1990218307.8104913
2026-05-25 00:58:34.826294,INFY,960.9059738130162,979.3122467590641,957.0218531840823,961.1443595334914,3179590,3056044994.129094
2026-05-26 00:58:34.826294,INFY,945.997629162627,966.9816976810893,933.9366251675847,950.0433020556347,1174267,1115604498.174964
2026-05-27 00:58:34.826294,INFY,937.8221994428824,945.9057692936431,915.7424104080085,933.2252264576912,3416971,3188803535.2743635
2026-05-28 00:58:34.826294,INFY,927.5778509203162,940.169399501229,914.0309732684208,924.5550272722835,3113456,2878561396.9910545
2026-05-29 00:58:34.826294,INFY,936.1243013152481,954.7446695000452,929.1269757868844,937.2268118437929,2842854,2664398990.957374
2026-06-01 00:58:34.826294,INFY,888.0797828651437,895.6557968921505,877.7069880536744,887.7351696894174,1333230,1183555160.285022
2026-06-02 00:58:34.826294,INFY,895.1440832770813,896.2671941030331,879.6123199386195,895.4081832134165,3570321,3196894640.098708
2026-06-03 00:58:34.826294,INFY,889.1704373714581,900.1443989265531,887.1885354459348,889.6651461836883,615064,547201003.472324
2026-06-04 00:58:34.826294,INFY,842.4456865007575,850.8037529543778,834.7194956807778,846.6502545499384,3558321,3012653380.420391
2026-06-05 00:58:34.826294,INFY,859.4981786810968,878.6435721719394,859.2458529246577,862.9569573690032,3828359,3303709034.35624
2026-06-08 00:58:34.826294,INFY,829.0029692685239,834.4774818197185,831.2266482357462,831.4591527001556,4875446,4053734200.195363
2026-06-09 00:58:34.826294,INFY,821.0761939514601,833.1809629815758,808.7923645892512,818.8505134771672,4741307,3882421671.5028872
2026-06-10 00:58:34.826294,INFY,810.6086911141764,817.7835167432794,805.4041350103437,813.1440744873972,4115383,3346399300.6961684
2026-06-11 00:58:34.826294,INFY,809.1886239800826,809.5137095369814,793.741500760352,805.5287367753814,4319128,3479181721.8111796
2026-06-12 00:58:34.826294,INFY,777.2943054850418,782.3983625501744,770.6733446552952,777.7652561662609,912610,709796350.4298913
2026-06-15 00:58:34.826294,INFY,840.9178453689077,858.0296280371595,840.4296124297299,844.5391726087871,552055,466232072.93454397
2026-06-16 00:58:34.826294,INFY,886.5529698953795,885.768229955566,867.6622447770542,884.5590665226349,2799820,2476606165.6314034
2026-06-17 00:58:34.826294,INFY,879.9584468809503,898.2514712184767,868.3781820032078,882.6681056940344,2338346,2063983434.2772224
2026-06-18 00:58:34.826294,INFY,916.942118149578,921.3952405743669,899.3945870104908,912.6720911965933,2542896,2320830210.0154524
2026-06-19 00:58:34.826294,INFY,915.2339528527798,919.7979550106584,908.2979225186914,916.4187846782727,4704851,4311613835.512356
2026-06-22 00:58:34.826294,INFY,915.5864628020288,936.700328121449,916.888732731363,918.6570831476536,1914447,1758720296.860776
2026-06-23 00:58:34.826294,INFY,916.502759426786,927.1587421741805,905.8316237069947,915.6858602894099,3136859,2872377432.021578
2026-06-24 00:58:34.826294,INFY,953.6762443216736,954.3444092922359,941.5630023928466,952.1320205709645,2008797,1912639946.526892
2026-06-25 00:58:34.826294,INFY,922.0848283717656,941.4265073107616,909.9672300487908,924.0510929338892,2652304,2450864409.992926
2026-06-26 00:58:34.826294,INFY,968.5851821582181,964.7541043509382,958.5324620902044,964.0300007921106,4816841,4643579233.045471
2026-06-29 00:58:34.826294,INFY,973.9292240914865,977.1225943861535,972.1700723425795,976.9046550207582,1721793,1682027596.6821563
2026-06-30 00:58:34.826294,INFY,1001.5871205306108,1004.4205715373092,989.6216887174527,999.7997187501807,4913115,4912130995.187294
2026-07-01 00:58:34.826294,INFY,987.4992608288111,997.3331309512117,975.9205458675959,983.6843547071801,1871242,1840711479.2709732
2026-07-02 00:58:34.826294,INFY,1008.8722778193292,1019.3678730594828,1006.5837407063798,1010.1605462826948,4779319,4827879491.899262
2026-07-03 00:58:34.826294,INFY,1003.9831744277287,1009.9419105831206,985.5473240677442,1002.6396296296083,2550276,2557007784.093279
2026-07-06 00:58:34.826294,INFY,977.4130115065833,986.8157795797957,967.8105479766839,974.9118492241798,3750060,3655977929.3016276
2026-07-07 00:58:34.826294,INFY,989.7827671247795,1008.0712958633862,983.0053659051306,992.662164081802,3351957,3327360889.529145
2026-07-08 00:58:34.826294,INFY,992.7225304314874,999.348321058045,992.1695326021458,995.4625406947083,1889068,1880496430.8250713
2026-07-09 00:58:34.826294,INFY,1004.5844538715098,1006.395854412626,991.2559444247009,1001.8078313025902,578563,579608944.3019205
2026-07-10 00:58:34.826294,INFY,1000.1781276035972,1012.2628886882617,983.1082564119714,1000.6629852343389,1872407,1873648378.1936727
2026-07-13 00:58:34.826294,INFY,958.4994155718047,963.602914029162,954.6939825208416,954.9874740603402,3991650,3811975750.8329573
2026-07-14 00:58:34.826294,INFY,952.1528579224238,964.4060164678498,942.2243761266622,952.8537408713177,790160,752906911.8868804
2026-07-15 00:58:34.826294,INFY,955.5567396850239,957.0529351342763,941.7754739357312,954.1128224945203,4904309,4679264102.375278
2026-07-16 00:58:34.826294,INFY,976.2213584210657,994.0294455750758,972.6876756054174,979.3292439238269,592447,580200672.5749395
2026-07-17 00:58:34.826294,INFY,978.5986784545976,977.4838088145118,968.5830412417694,976.5489468105076,1578562,1541543058.5750885
2026-07-20 00:58:34.826294,INFY,965.5027605218884,967.8991153906378,948.2015831925161,963.5271971363626,3732567,3596429819.6336813
2026-07-21 00:58:34.826294,INFY,992.954535217595,1003.3108504926406,984.6456594880236,991.6576479922361,1649707,1635944563.4963279
2026-07-22 00:58:34.826294,INFY,1050.4197990554742,1063.1557179055076,1040.6767513482255,1050.604164638483,4283938,4500723103.853054
2026-07-23 00:58:34.826294,INFY,1039.66145668292,1046.6038614813842,1033.406161957779,1037.6037501965734,4672975,4848696384.574833
2026-07-24 00:58:34.826294,INFY,1022.3510193182435,1025.4030207305404,1019.1126678306399,1025.2840105026341,3732607,3826982274.5902057
2026-07-27 00:58:34.826294,INFY,1039.4260634248521,1053.3136483079636,1032.6466230113333,1036.8451728850912,3725327,3862587317.3684983
2026-07-28 00:58:34.826294,INFY,1010.865905498082,1016.3576139794849,987.7926515605745,1006.2467900148079,3301133,3321754484.6619525
2026-07-29 00:58:34.826294,INFY,971.2684243683184,983.2689011032943,967.6157273010565,969.2643222604124,4994445,4840937347.991905
2026-07-30 00:58:34.826294,INFY,968.8573102892706,971.7491003079587,957.6623398236213,971.5778143786316,1266230,1230240975.9006548
2026-07-31 00:58:34.826294,INFY,961.5695913400282,978.2197494934734,956.5393851294875,963.0677560248937,2868029,2762106253.24432
2026-08-03 00:58:34.826294,INFY,989.7747036157718,989.2030808073107,983.2029972949033,986.6240799202783,3936005,3883357311.686615
2026-08-04 00:58:34.826294,INFY,994.8919412269382,1004.6185412395762,989.5280802221591,996.4775708198968,3578921,3566314504.2363157
2026-08-05 00:58:34.826294,INFY,980.9669147753282,980.2845458301273,971.5148990500347,978.3874253617815,4095908,4007384882.638724
2026-08-06 00:58:34.826294,INFY,981.1561464928618,979.1647784572081,959.428846163521,977.8584167728752,4232529,4138814106.8852806
2026-08-07 00:58:34.826294,INFY,982.0377946367862,979.0162197535138,971.5919667564016,977.285092634292,3593348,3511725433.047248
2026-08-10 00:58:34.826294,INFY,948.3986716125737,964.3557539853431,938.2924025290451,949.6103681175509,1105743,1050025017.2734051
2026-08-11 00:58:34.826294,INFY,1002.5906278112292,1016.3128656002648,998.7830349042066,1001.1453173608726,3973135,3977685500.4925904
2026-08-12 00:58:34.826294,INFY,1002.7201049637432,1013.4938309560358,987.8502514001889,999.3900428296154,2906967,2905193874.6342783
2026-08-13 00:58:34.826294,INFY,978.281364524857,988.1321973068416,970.5523926149085,974.4834581568041,3165748,3084969058.692986
2026-08-14 00:58:34.826294,INFY,1029.7841996247223,1040.6904835242583,1029.3701348989496,1030.5081792190167,4856164,5004316721.628937
2026-08-17 00:58:34.826294,INFY,1056.8735748952352,1054.7958753419289,1037.4145316085965,1052.0903773652813,4070714,4282759028.4061337
2026-08-18 00:58:34.826294,INFY,1052.2784215939898,1052.752269489136,1032.7522341440394,1052.2128578310655,1737087,1827785276.5711923
2026-08-19 00:58:34.826294,INFY,1026.2298996474647,1033.354361851777,1017.9494294466803,1022.631904189799,1583685,1619526807.186822
2026-08-20 00:58:34.826294,INFY,1013.37689483774,1024.6188890198453,1012.0292796053774,1017.2258445837309,2973139,3024353830.339829
2026-08-21 00:58:34.826294,INFY,1043.2209631368505,1063.3133834347639,1031.1558956838635,1043.1511637956814,4722042,4925803607.792088
2026-08-24 00:58:34.826294,INFY,1014.5227368894949,1023.737494061352,1000.9766499321915,1010.5821631899315,4755313,4805634498.185203
2026-08-25 00:58:34.826294,INFY,994.9428404920226,1000.7737077674893,974.203533499837,991.4271647866958,1107648,1098152316.221654
2026-08-26 00:58:34.826294,INFY,970.7731278721686,975.3068593455203,956.1596607674753,972.8006704551199,1897636,1846021573.0797718
2026-08-27 00:58:34.826294,INFY,930.8762275056389,946.6014538460142,912.6184395519581,930.0632112261702,944842,878762784.6213571
2026-08-28 00:58:34.826294,INFY,955.3219759055361,969.2200386593388,952.4090219085487,959.605381894782,4186788,4425525373.119229
2024-09-24 00:58:34.826294,HDFCBANK,2087.886651086962,2106.068660661261,2046.4179228258554,2087.1823944046473,4908355,10244632141.488022
2024-09-25 00:58:34.826294,HDFCBANK,2119.752606324044,2137.031213349833,2101.7636150458834,2129.3388839558334,3609848,7686589711.570197
2024-09-26 00:58:34.826294,HDFCBANK,2115.6533497391147,2148.4042004213793,2099.263273245903,2123.3746693342364,2051870,4356888782.76684
2024-09-27 00:58:34.826294,HDFCBANK,2155.655034180724,2183.456372044573,2104.974757447267,2145.549385358139,2180913,4679256546.669575
2024-09-30 00:58:34.826294,HDFCBANK,2145.7906726597143,2191.5159346868277,2148.5525982326094,2154.114118572706,1342721,2892374263.4040623
2024-10-01 00:58:34.826294,HDFCBANK,2252.724933055156,2282.1340031336536,2242.496759541917,2249.7343122224665,3173605,7139768061.940781
2024-10-02 00:58:34.826294,HDFCBANK,2344.2212767451256,2343.571888976206,2327.3841714688497,2341.1155674435654,1760561,4121676764.534011
2024-10-03 00:58:34.826294,HDFCBANK,2270.6074912090935,2268.8507150073356,2258.1331210891094,2261.0847407682995,751442,1699074039.7724125
2024-10-04 00:58:34.826294,HDFCBANK,2276.5919707939147,2316.6269484734476,2274.381909048388,2277.87491095336,4241761,9662200960.160435
2024-10-07 00:58:34.826294,HDFCBANK,2391.604584862505,2438.1649833943657,2389.404802684388,2395.0646061983452,4753618,11385222223.187365
2024-10-08 00:58:34.826294,HDFCBANK,2418.778575233139,2461.0947446381338,2397.038782623699,2423.3667717493254,2833728,6867162275.375672
2024-10-09 00:58:34.826294,HDFCBANK,2371.141552284301,2368.5622045919504,2319.7768799856103,2363.287564498998,3960054,9358746372.944515
2024-10-10 00:58:34.826294,HDFCBANK,2409.068319243805,2406.087155944318,2397.0112683598104,2398.63636677716,1436232,3444998306.3290944
2024-10-11 00:58:34.826294,HDFCBANK,2477.0205985189828,2488.720756926274,2436.743568952078,2464.9462716375315,552748,1362494121.7551022
2024-10-14 00:58:34.826294,HDFCBANK,2442.5245107700853,2478.227818931372,2400.076697928656,2439.6967867071803,528669,1289792060.5316982
2024-10-15 00:58:34.826294,HDFCBANK,2461.1341782838495,2480.3738724542113,2425.397633927485,2468.6902163257078,2367691,5845095606.982431
2024-10-16 00:58:34.826294,HDFCBANK,2479.103537352333,2501.732908157885,2422.045431723164,2471.2075940394434,3923261,9695192376.598782
2024-10-17 00:58:34.826294,HDFCBANK,2406.074117154941,2410.790709719625,2359.782520172091,2400.4286942895733,2601794,6245420974.230446
2024-10-18 00:58:34.826294,HDFCBANK,2369.3579258896207,2373.0945729243062,2356.135699641594,2371.379939045292,1021315,2421925902.446042
2024-10-21 00:58:34.826294,HDFCBANK,2432.061120394174,2472.2510758558965,2412.2719351000296,2425.6682418087003,2670972,6478891955.160268
2024-10-22 00:58:34.826294,HDFCBANK,2457.5969218669716,2491.6156084103427,2423.8451365429087,2463.8423600419565,4101627,10105762347.69181
2024-10-23 00:58:34.826294,HDFCBANK,2413.6935914810006,2434.7227588831083,2377.3531807699305,2407.7578500164636,2523106,6075028277.923639
2024-10-24 00:58:34.826294,HDFCBANK,2411.101698586584,2438.2495805801746,2404.989942808008,2417.3360334217045,2484030,6004735227.100516
2024-10-25 00:58:34.826294,HDFCBANK,2427.154633878504,2423.3027663421,2384.9895962755213,2417.8599456408915,2326669,5625559781.864347
2024-10-28 00:58:34.826294,HDFCBANK,2530.3786193696887,2560.5845890686255,2521.269973190216,2536.458937640222,1600620,4059906904.7656918
2024-10-29 00:58:34.826294,HDFCBANK,2479.8692914950334,2497.1980186988585,2446.857666042104,2484.260337978845,3633105,9025578655.212633
2024-10-30 00:58:34.826294,HDFCBANK,2530.9490768802975,2571.1692018728886,2511.2354725370174,2534.3523101560536,897046,2273430602.4162474
2024-10-31 00:58:34.826294,HDFCBANK,2516.0584263022374,2542.1961998388574,2465.787422397408,2514.8702496453225,4691161,11797661235.1964
2024-11-01 00:58:34.826294,HDFCBANK,2492.0134660454783,2505.695507368621,2449.826249027778,2495.3306973964877,2960436,7387266828.477669
2024-11-04 00:58:34.826294,HDFCBANK,2541.7572518325815,2592.6053923419563,2542.3879024066755,2550.0490093140684,3393059,8652466741.494183
2024-11-05 00:58:34.826294,HDFCBANK,2501.782709632146,2505.3385357954458,2451.704055850674,2497.818064538995,3329380,8316185507.714839
2024-11-06 00:58:34.826294,HDFCBANK,2453.484576188691,2468.03751309965,2445.009522206383,2451.8906441883787,3430424,8411024511.199275
2024-11-07 00:58:34.826294,HDFCBANK,2414.3480678584738,2451.5491286506112,2398.849864270189,2417.4619465338255,4478222,10825931273.130602
2024-11-08 00:58:34.826294,HDFCBANK,2443.0289659567234,2477.5321254513415,2428.7807649585234,2449.2477496145452,956082,2341681686.946974
2024-11-11 00:58:34.826294,HDFCBANK,2456.340713163766,2472.167482121037,2429.705282910138,2464.5771763955004,4216714,10392417083.787376
2024-11-12 00:58:34.826294,HDFCBANK,2513.104962453342,2512.8927640619163,2462.5558303062116,2501.2323156095727,3604632,9016022044.280365
2024-11-13 00:58:34.826294,HDFCBANK,2528.8056303596486,2558.655982790202,2513.545004415589,2539.2774403297562,1572374,3992693825.96106
2024-11-14 00:58:34.826294,HDFCBANK,2505.689252566558,2538.097860333133,2467.163493799515,2511.497166483011,3799380,9542132104.392221
2024-11-15 00:58:34.826294,HDFCBANK,2498.1646044286285,2492.1128652734983,2473.5887193246754,2487.1109392487233,2286936,5687863542.961719
2024-11-18 00:58:34.826294,HDFCBANK,2510.067305765516,2511.6087048020363,2463.489052668473,2498.098070616337,703474,1757347042.128757
2024-11-19 00:58:34.826294,HDFCBANK,2390.5607931464974,2413.549582797886,2387.301315375358,2396.4691994352393,2302572,5518042877.4819975
2024-11-20 00:58:34.826294,HDFCBANK,2402.3907447153856,2436.1201881868697,2379.646063960064,2393.8614118680584,1400794,3353306702.576305
2024-11-21 00:58:34.826294,HDFCBANK,2420.9951456294157,2430.476397243104,2408.40727392337,2413.1863202587806,4780424,11536053801.836761
2024-11-22 00:58:34.826294,HDFCBANK,2415.5491106615586,2438.0719265917214,2396.109631892601,2409.3311955133436,813678,1960419788.5029063
2024-11-25 00:58:34.826294,HDFCBANK,2396.083574424373,2448.885831439342,2360.581725872551,2402.0165615643855,2942716,7068452567.980502
2024-11-26 00:58:34.826294,HDFCBANK,2375.9608704167053,2374.6874297605186,2332.847838517137,2368.6229161931747,1033885,2448883703.70838
2024-11-27 00:58:34.826294,HDFCBANK,2383.3150847611087,2436.859855755473,2387.647960398839,2390.137967315544,4907300,11729124047.007568
2024-11-28 00:58:34.826294,HDFCBANK,2306.620530213137,2329.8400252004535,2271.95741376057,2310.03618474621,3098677,7158055994.840832
2024-11-29 00:58:34.826294,HDFCBANK,2283.0062612969527,2294.0212415989613,2251.189527276712,2276.9445154435507,3535633,8050440167.971228
2024-12-02 00:58:34.826294,HDFCBANK,2224.462155650539,2217.8289151539548,2181.453008368402,2217.0219372529955,880703,1952537871.204525
2024-12-03 00:58:34.826294,HDFCBANK,2378.596312630653,2369.532337845,2365.8550252018663,2368.0137532876574,3330273,7886132266.202547
2024-12-04 00:58:34.826294,HDFCBANK,2438.4195290779185,2446.5038803321136,2418.806911978275,2442.216834208822,2239528,5469412982.282015
2024-12-05 00:58:34.826294,HDFCBANK,2322.0524945680445,2343.021150500423,2307.652143451764,2316.753831009299,3183838,7376168883.812984
2024-12-06 00:58:34.826294,HDFCBANK,2359.5344705732114,2388.156090102352,2311.9525393033236,2355.887290831026,2736149,6446058654.920021
2024-12-09 00:58:34.826294,HDFCBANK,2425.9894279902032,2468.299542891449,2390.2094660370285,2434.588470002352,1309063,3187029686.3066893
2024-12-10 00:58:34.826294,HDFCBANK,2315.8625827570263,2332.58366439315,2307.9178360897263,2315.826359682121,2487214,5759955743.370407
2024-12-11 00:58:34.826294,HDFCBANK,2311.417779883642,2321.1295427117598,2260.371240115489,2302.970785044409,4661011,10734172161.770624
2024-12-12 00:58:34.826294,HDFCBANK,2396.5268559180067,2406.2116057851226,2360.808925887514,2388.2216170669035,1856258,4433155482.453376
2024-12-13 00:58:34.826294,HDFCBANK,2387.421989572111,2411.3920887611484,2364.6884300849015,2398.7639684228407,3396283,8146881286.967031
2024-12-16 00:58:34.826294,HDFCBANK,2396.641612459265,2409.293215138203,2353.695257814888,2392.3852971488204,623844,1492475213.3145087
2024-12-17 00:58:34.826294,HDFCBANK,2306.5996538484783,2334.0446874873564,2290.852480208528,2312.708997243664,2571979,5948238974.021761
2024-12-18 00:58:34.826294,HDFCBANK,2334.489324791677,2382.855587745756,2305.6314746911644,2338.2113651934405,2990388,6992159207.938083
2024-12-19 00:58:34.826294,HDFCBANK,2329.979421150582,2352.846914034658,2321.6462189175677,2329.066442585757,4693352,10931128646.442749
2024-12-20 00:58:34.826294,HDFCBANK,2357.133778800878,2391.907283832074,2316.507865469457,2360.150360210121,4967255,11723468677.505526
2024-12-23 00:58:34.826294,HDFCBANK,2391.880575295067,2398.659610462975,2363.6410524010203,2384.335011926823,3372325,8040752569.096124
2024-12-24 00:58:34.826294,HDFCBANK,2419.4225634912827,2434.5204823521635,2406.706795697071,2429.555815120654,3396695,8252460089.441251
2024-12-25 00:58:34.826294,HDFCBANK,2459.7179660174625,2471.9595983061186,2427.3631486959166,2458.97487839543,2462821,6056014968.984712
2024-12-26 00:58:34.826294,HDFCBANK,2441.9013939719116,2451.5237102177653,2399.980329625171,2436.9451182831353,2889490,7041528549.827937
2024-12-27 00:58:34.826294,HDFCBANK,2416.0292789948144,2449.539147002421,2384.184868557096,2423.162951527778,4010420,9717901164.066032
2024-12-30 00:58:34.826294,HDFCBANK,2584.5338851668407,2630.4935717966973,2580.5548770275454,2583.577726672301,1749247,4519315587.648343
2024-12-31 00:58:34.826294,HDFCBANK,2467.7803964909867,2493.3042455002033,2433.039545727123,2465.6029277309576,3679249,9071567106.251198
2025-01-01 00:58:34.826294,HDFCBANK,2441.4788252658905,2468.691138896238,2394.9048773372397,2433.3658172211663,3996619,9725236059.05664
2025-01-02 00:58:34.826294,HDFCBANK,2373.8814471403257,2397.341688569992,2349.084435964191,2378.9052972391123,2207621,5251721291.196306
2025-01-03 00:58:34.826294,HDFCBANK,2310.474628376173,2353.6284663215024,2300.6111603505037,2309.240074641989,655647,1514046327.218796
2025-01-06 00:58:34.826294,HDFCBANK,2304.442059750869,2334.311310514403,2267.8113413318188,2307.8743680728494,1678102,3872848592.8117847
2025-01-07 00:58:34.826294,HDFCBANK,2225.22844171078,2230.6065175521226,2212.741435855351,2215.715300755633,3748394,8305373939.060611
2025-01-08 00:58:34.826294,HDFCBANK,2113.642339964402,2131.9834445816205,2073.5659905595144,2115.3003187440863,1451710,3070802625.7239776
2025-01-09 00:58:34.826294,HDFCBANK,2191.349999398431,2206.269896299311,2176.8372897504523,2192.8617309901992,4014734,8803756548.705206
2025-01-10 00:58:34.826294,HDFCBANK,2312.89669563308,2353.3251160654568,2311.5316957679374,2315.283144083777,1170774,2710673307.73154
2025-01-13 00:58:34.826294,HDFCBANK,2378.9309036567424,2429.364715129578,2376.0063021375877,2383.304098681696,2801348,6676464170.233771
2025-01-14 00:58:34.826294,HDFCBANK,2364.9053440683597,2375.997879724064,2331.731179412536,2359.1819375106006,3438926,8113052103.63558
2025-01-15 00:58:34.826294,HDFCBANK,2330.5561240740353,2354.266020287786,2316.486663212113,2339.926405261353,3019379,7065124649.591619
2025-01-16 00:58:34.826294,HDFCBANK,2371.8966894644054,2404.05193546533,2367.8246195441056,2378.277592592081,1668964,3969259684.04285
2025-01-17 00:58:34.826294,HDFCBANK,2382.1848899333563,2421.6367846262424,2374.5476859306254,2378.6145763088903,4684737,11143183714.37358
2025-01-20 00:58:34.826294,HDFCBANK,2301.757650999923,2347.282616804502,2279.1427146323344,2308.299000212867,4457100,10288319473.84877
2025-01-21 00:58:34.826294,HDFCBANK,2274.787196210078,2306.6316901294845,2274.8277228720303,2284.411216962938,3782178,8640049847.75045
2025-01-22 00:58:34.826294,HDFCBANK,2235.5989971473964,2284.5313500841626,2208.1935005932914,2242.3462980155614,1265127,2836852844.969533
2025-01-23 00:58:34.826294,HDFCBANK,2341.7766048365565,2348.3587647754453,2331.647748791202,2337.1903223951317,1868240,4366432447.911481
2025-01-24 00:58:34.826294,HDFCBANK,2415.5351169356823,2406.8936163709272,2387.930680195697,2406.6106196905525,2434062,5857839458.1852255
2025-01-27 00:58:34.826294,HDFCBANK,2381.79063997685,2414.33014225559,2375.1394802616187,2387.0992502513127,2637154,6295148336.19725
2025-01-28 00:58:34.826294,HDFCBANK,2497.8585476383305,2545.129201521533,2472.392685357026,2502.583290769649,874994,2189745363.9236984
2025-01-29 00:58:34.826294,HDFCBANK,2528.7823012641466,2574.6464912735164,2527.244386564097,2537.774078240258,2278650,5782698903.382164
2025-01-30 00:58:34.826294,HDFCBANK,2544.745072732509,2579.382143200812,2532.6019641768744,2546.451069406109,4964944,12642986958.341446
2025-01-31 00:58:34.826294,HDFCBANK,2539.819129784476,2580.101435349631,2495.0682602364463,2542.766022323088,3772920,9593652780.943224
2025-02-03 00:58:34.826294,HDFCBANK,2561.0084943279207,2560.7703104490934,2542.9286425589175,2560.2597449072123,4113725,10532204519.118422
2025-02-04 00:58:34.826294,HDFCBANK,2633.653938079418,2654.2097142110533,2613.323326569263,2636.3262677363505,1240174,3269503292.763661
2025-02-05 00:58:34.826294,HDFCBANK,2577.5243643368863,2580.345325673552,2560.0737747835424,2574.1093898401973,4972245,12799102543.085972
2025-02-06 00:58:34.826294,HDFCBANK,2676.9808258601706,2693.670485527427,2623.717832723874,2676.7761037212586,1751782,4689128196.529034
2025-02-07 00:58:34.826294,HDFCBANK,2732.165252905538,2781.6012565690608,2685.018069970851,2734.0399439857383,3630108,9924860272.98218
2025-02-10 00:58:34.826294,HDFCBANK,2780.160282010157,2773.44899179942,2718.3287507195464,2770.8500319509926,3788685,10497877953.302246
2025-02-11 00:58:34.826294,HDFCBANK,2802.9657148937044,2815.3465421120445,2790.0948735501797,2813.410711417584,597375,1680661223.7330792
2025-02-12 00:58:34.826294,HDFCBANK,2859.6980316657514,2879.024521810268,2851.9453585581987,2868.457324118474,883829,2535225768.318307
2025-02-13 00:58:34.826294,HDFCBANK,2791.053574350178,2836.4158507399247,2787.6410135001024,2798.0934205562544,2575713,7207085598.541212
2025-02-14 00:58:34.826294,HDFCBANK,2618.481743373977,2668.9897182866885,2594.7192349066604,2617.3531850395616,1710280,4476406805.309462
2025-02-17 00:58:34.826294,HDFCBANK,2538.22749609831,2583.771536023041,2527.654252643205,2534.6315355423267,2240831,5679680918.420848
2025-02-18 00:58:34.826294,HDFCBANK,2526.4915734449323,2571.5447092891936,2481.402011727145,2528.549635614869,3408760,8619218855.898542
2025-02-19 00:58:34.826294,HDFCBANK,2430.0721735179472,2434.5779510791813,2383.8460415303252,2427.6145522428196,3844301,9332481050.801624
2025-02-20 00:58:34.826294,HDFCBANK,2461.6865537192193,2487.1570720584214,2451.1787916508047,2469.726834233771,2254217,5567300215.085949
2025-02-21 00:58:34.826294,HDFCBANK,2334.4367547898146,2372.579147185353,2298.1969926575284,2335.6678493468953,3700034,8642050455.29039
2025-02-24 00:58:34.826294,HDFCBANK,2399.317142751632,2395.118018670346,2367.013027815902,2394.058471860945,4569617,10939930292.009794
2025-02-25 00:58:34.826294,HDFCBANK,2429.2293002063225,2444.7805737149965,2377.4359870433464,2423.231971771522,4175378,10117909463.831432
2025-02-26 00:58:34.826294,HDFCBANK,2419.2380677313126,2442.206925291953,2408.4189262222503,2411.4296049427703,3110320,7500317728.845597
2025-02-27 00:58:34.826294,HDFCBANK,2407.719944429273,2447.887247799581,2385.8132829021324,2404.0574531097172,2642010,6351543831.690404
2025-02-28 00:58:34.826294,HDFCBANK,2424.2234727006867,2431.1862929514446,2388.5060014092287,2416.0540082625594,509290,1230472145.868039
2025-03-03 00:58:34.826294,HDFCBANK,2552.3527214467804,2583.128377761135,2503.5852467142468,2548.5700212160186,4779490,12180864930.70175
2025-03-04 00:58:34.826294,HDFCBANK,2549.5604232402825,2569.7585323952608,2520.3489671351194,2556.344392035378,2508880,6413561318.289719
2025-03-05 00:58:34.826294,HDFCBANK,2675.187185398997,2708.771472074914,2682.775435952395,2683.8508219158393,2380519,6388957874.736272
2025-03-06 00:58:34.826294,HDFCBANK,2719.3419222133925,2766.193436901733,2688.3415503997526,2729.14009909162,3262734,8904458192.069597
2025-03-07 00:58:34.826294,HDFCBANK,2710.007384128019,2732.86207564189,2715.091187547982,2720.472524134357,2638030,7176688132.842158
2025-03-10 00:58:34.826294,HDFCBANK,2713.435344410478,2722.092064178888,2691.4960457041693,2715.2433477362483,1488807,4042473302.813161
2025-03-11 00:58:34.826294,HDFCBANK,2677.4420867701265,2707.752111108795,2656.258622614009,2671.2421802615154,3183684,8504390989.423702
2025-03-12 00:58:34.826294,HDFCBANK,2657.565148189784,2702.1788818121668,2634.515972091104,2652.9553054207036,1232444,3269618848.4339137
2025-03-13 00:58:34.826294,HDFCBANK,2793.765337893117,2830.531483992676,2784.806549892687,2798.5475195787476,3293153,9216045159.74331
2025-03-14 00:58:34.826294,HDFCBANK,2775.0821683845234,2817.0040797836537,2745.4277465756263,2770.8820950093113,1200416,3326211200.9626975
2025-03-17 00:58:34.826294,HDFCBANK,2910.6489316662255,2943.313660302242,2903.1866614269416,2905.4334657742406,3519517,10225722475.161358
2025-03-18 00:58:34.826294,HDFCBANK,2938.614064152632,3000.62836118819,2892.5907015817147,2947.9467832954356,3744181,11037646335.025887
2025-03-19 00:58:34.826294,HDFCBANK,3040.425828279665,3087.786185109523,3013.3587305954347,3031.923114016334,3087033,9359646706.431185
2025-03-20 00:58:34.826294,HDFCBANK,3110.8309793327103,3142.6694481201016,3115.2472141850794,3118.6991150231374,3695335,11524637994.214025
2025-03-21 00:58:34.826294,HDFCBANK,3053.391746323736,3103.8751841014296,2993.7931462256793,3043.95938010963,2259268,6877120020.781523
2025-03-24 00:58:34.826294,HDFCBANK,3060.1290899371324,3076.5097873319523,3046.354725031223,3058.4476980738264,2633527,8054504590.96527
2025-03-25 00:58:34.826294,HDFCBANK,3129.206898742727,3175.2649758259804,3105.449395393413,3133.466443038609,3480631,10906440439.099918
2025-03-26 00:58:34.826294,HDFCBANK,3090.707173090831,3129.924328011967,3071.047184839896,3077.349634802636,4246050,13066580416.853733
2025-03-27 00:58:34.826294,HDFCBANK,2937.4648769180653,2988.2042328793004,2934.721103126987,2948.328724585094,2641997,7789475645.367644
2025-03-28 00:58:34.826294,HDFCBANK,3003.0241571133793,3029.7240107892185,2980.54614479739,2994.309820924193,3227162,9663122870.31336
2025-03-31 00:58:34.826294,HDFCBANK,3009.4891978469996,3034.577607825771,2957.564276321263,3010.130753110509,2314099,6965740565.642276
2025-04-01 00:58:34.826294,HDFCBANK,2939.339827319172,3006.067129906446,2914.641763197529,2953.1557983160856,1307359,3860834811.3307195
2025-04-02 00:58:34.826294,HDFCBANK,2969.028151578456,2962.1467545096098,2924.775481597844,2961.9922887803646,1939605,5745095053.279839
2025-04-03 00:58:34.826294,HDFCBANK,3002.5076634924994,3032.083964710043,2952.703504240952,2999.853208471361,2893666,8680573234.34449
2025-04-04 00:58:34.826294,HDFCBANK,2910.2679610718533,2958.502663003129,2895.110032122331,2908.642870409896,1694882,4929806445.486066
2025-04-07 00:58:34.826294,HDFCBANK,2938.4388965064613,2939.9810588734194,2881.8350440814256,2929.4752124082506,4360872,12775066428.485193
2025-04-08 00:58:34.826294,HDFCBANK,2975.1242573621244,2981.964427630806,2930.6861017054,2962.0773870725993,4835807,14324034562.947386
2025-04-09 00:58:34.826294,HDFCBANK,2851.4006707716608,2851.418159486789,2818.7613117022556,2846.893212564542,1295736,3688822023.6755295
2025-04-10 00:58:34.826294,HDFCBANK,2832.8795772895996,2886.3347964190316,2787.094655869049,2836.8345508428097,4235568,12015605644.844177
2025-04-11 00:58:34.826294,HDFCBANK,2836.613556746663,2868.05582614736,2789.3892213117238,2830.929629272104,3241186,9175569481.381935
2025-04-14 00:58:34.826294,HDFCBANK,2885.6150892256383,2912.8644459854063,2857.48892462016,2889.487380809794,1866825,5394167279.6802435
2025-04-15 00:58:34.826294,HDFCBANK,2938.7638287545988,2968.3150666953848,2893.704045875813,2925.947356341944,3816219,11166055894.271898
2025-04-16 00:58:34.826294,HDFCBANK,2859.3376026706314,2872.7792460251194,2809.966070579984,2851.6264336577856,4802573,13695144116.371172
2025-04-17 00:58:34.826294,HDFCBANK,2923.651655697075,2942.6327764053017,2890.581216865277,2926.2655058320934,2699433,7899257673.204845
2025-04-18 00:58:34.826294,HDFCBANK,2955.4494991522247,2977.0344682949694,2916.5729018227826,2949.9367293811324,1611545,4753955786.550517
2025-04-21 00:58:34.826294,HDFCBANK,3030.082589167641,3070.6480003358147,2970.045627274863,3024.213616506827,1157739,3501250048.1609974
2025-04-22 00:58:34.826294,HDFCBANK,3110.693613976019,3174.506201454373,3075.519490549178,3115.22488906506,1828529,5696279051.177245
2025-04-23 00:58:34.826294,HDFCBANK,3097.3541118994613,3131.692823170994,3075.7704937056083,3088.468529792683,2443419,7546422686.597507
2025-04-24 00:58:34.826294,HDFCBANK,3150.377468508402,3209.895378283807,3131.598119851681,3163.9368875944574,3472703,10987413121.359936
2025-04-25 00:58:34.826294,HDFCBANK,3136.098598805839,3159.6179499047007,3110.2253425360673,3129.769785898348,956982,2995133349.248573
2025-04-28 00:58:34.826294,HDFCBANK,3218.2446258647674,3272.300107134264,3207.324879753627,3225.178181349136,1028118,3315863741.452311
2025-04-29 00:58:34.826294,HDFCBANK,2903.0822307557496,2919.108935434868,2852.1995887401768,2896.863335192772,2367427,6858112475.045419
2025-04-30 00:58:34.826294,HDFCBANK,2765.3783264224908,2786.668973241977,2737.2193003067437,2775.2913918046247,4304153,11945278769.910051
2025-05-01 00:58:34.826294,HDFCBANK,2916.2689186162115,2926.3975980367863,2861.8874446857426,2914.5134745021896,2601674,7582613929.26201
2025-05-02 00:58:34.826294,HDFCBANK,2978.953680303626,3010.786567643736,2973.563996289298,2985.6431886050714,2715728,8108194805.304073
2025-05-05 00:58:34.826294,HDFCBANK,3018.555809316594,3051.654082145964,3004.095171996294,3021.9395469996493,2627868,7941258233.494875
2025-05-06 00:58:34.826294,HDFCBANK,3043.8021764599066,3059.550201594801,2991.342979246672,3035.633478826949,518179,1573001520.4250696
2025-05-07 00:58:34.826294,HDFCBANK,2991.9008485161103,3023.3180447511577,3000.207097874017,3000.690706526004,4179512,12541422816.213911
2025-05-08 00:58:34.826294,HDFCBANK,2947.734595788655,2976.9340797009136,2892.040170802858,2940.130313781177,3967758,11665725573.547775
2025-05-09 00:58:34.826294,HDFCBANK,3050.3075607500314,3100.4729348940473,3012.138106496773,3051.6621695368567,3388899,10341774874.681284
2025-05-12 00:58:34.826294,HDFCBANK,3007.3373181140873,3037.6748295398324,2992.4856720944567,3022.3398221259886,3088279,9333828603.535425
2025-05-13 00:58:34.826294,HDFCBANK,3039.8684377891623,3040.247800236412,2993.4485885982735,3036.2647755967687,2044718,6208305239.428674
2025-05-14 00:58:34.826294,HDFCBANK,3193.7160420108667,3225.89540917039,3173.680133850875,3192.3262277471354,998515,3187585623.2989306
2025-05-15 00:58:34.826294,HDFCBANK,3179.9137710493724,3178.6481786913564,3172.7904034092985,3176.901334736018,3197017,10156607574.47374
2025-05-16 00:58:34.826294,HDFCBANK,3028.4456748750445,3040.8306903690172,3000.4131871475365,3021.3795718353617,599074,1810029945.6176975
2025-05-19 00:58:34.826294,HDFCBANK,2986.070057280429,3021.4942737772058,2991.6891449253503,2994.8033469735747,4777214,14306816476.409018
2025-05-20 00:58:34.826294,HDFCBANK,2997.4174120148036,3035.076749828824,2975.443627171121,3003.4133295687902,1531810,4600658572.366769
2025-05-21 00:58:34.826294,HDFCBANK,3027.0008495001794,3035.369846465154,2988.6386000506977,3011.9510444652597,4260501,12832420436.895283
2025-05-22 00:58:34.826294,HDFCBANK,3021.226196683714,3032.616549950297,2968.1696058768675,3021.1179869619928,3643197,11006527986.745972
2025-05-23 00:58:34.826294,HDFCBANK,3058.677002057806,3068.21157775166,3007.965580882577,3056.4681601011553,884382,2703085424.36658
2025-05-26 00:58:34.826294,HDFCBANK,3045.688372791612,3120.069218605619,3006.9914592409477,3059.937517393242,1183098,3620205956.95291
2025-05-27 00:58:34.826294,HDFCBANK,3146.672400850857,3151.1670483772036,3130.6313252213686,3144.168402254229,983843,3093368073.3790073
2025-05-28 00:58:34.826294,HDFCBANK,3117.6796871924917,3139.633810223404,3093.4806569235675,3124.571392763371,1478062,4618310241.9306135
2025-05-29 00:58:34.826294,HDFCBANK,3178.571068948017,3192.614651981223,3122.6324824890403,3164.502942947734,928410,2937956177.262106
2025-05-30 00:58:34.826294,HDFCBANK,3129.674655805346,3178.236317989645,3121.6707165571743,3123.7837243101967,1586706,4956526378.065335
2025-06-02 00:58:34.826294,HDFCBANK,3068.9584080097125,3120.109803735938,3021.8335348193305,3071.89729032427,3529407,10841975799.75151
2025-06-03 00:58:34.826294,HDFCBANK,3123.502708622108,3153.9285450198727,3094.962145652694,3110.2117593733287,4366527,13580823623.021143
2025-06-04 00:58:34.826294,HDFCBANK,3091.9913327606578,3093.816272077197,3051.812488433786,3091.8161584004815,1961215,6063716227.097401
2025-06-05 00:58:34.826294,HDFCBANK,3075.837580839052,3115.167795748149,3016.9802796236136,3074.1684545745056,3148766,9679837108.036747
2025-06-06 00:58:34.826294,HDFCBANK,3073.9444675474606,3087.862529040519,3056.0031789717636,3068.1984494504713,3903734,11977430605.867086
2025-06-09 00:58:34.826294,HDFCBANK,3208.0448006300526,3209.13257901654,3186.375743064639,3196.708116223613,3977915,12716233166.147654
2025-06-10 00:58:34.826294,HDFCBANK,3335.503490085895,3379.3629412020773,3337.009319293588,3345.3182496932695,4829149,16155040280.188004
2025-06-11 00:58:34.826294,HDFCBANK,3389.80942883168,3440.245401658425,3309.2907652947306,3375.022835129155,2987077,10081453085.289091
2025-06-12 00:58:34.826294,HDFCBANK,3404.7435695980116,3485.2373629741633,3352.274529819291,3420.507841790018,3661895,12525540563.311659
2025-06-13 00:58:34.826294,HDFCBANK,3451.3909814309463,3482.297732357729,3387.9971075248704,3436.1882842096834,630775,2167461664.972363
2025-06-16 00:58:34.826294,HDFCBANK,3411.2371927390423,3484.0467711268307,3420.0875776323983,3424.171901430375,4923793,16859913639.05957
2025-06-17 00:58:34.826294,HDFCBANK,3571.1222617523167,3648.562951595724,3547.424443077399,3577.6432124796743,1960461,7013829989.981114
2025-06-18 00:58:34.826294,HDFCBANK,3591.8584444654966,3675.0450035687622,3534.196301521305,3605.1558373880557,2870128,10347258713.250906
2025-06-19 00:58:34.826294,HDFCBANK,3545.918810080923,3618.573883588482,3529.2757483686332,3557.050860940014,4512267,16050363217.141214
2025-06-20 00:58:34.826294,HDFCBANK,3678.451112362214,3702.169460766146,3679.526900440421,3682.820098395132,2603715,9589013932.492882
2025-06-23 00:58:34.826294,HDFCBANK,3668.082406904918,3680.5661521343914,3608.6406722618935,3676.611816022859,3799248,13968360088.801214
2025-06-24 00:58:34.826294,HDFCBANK,3669.732636569363,3728.7757967805273,3611.247202837178,3663.8075024412396,3131866,11474554147.440636
2025-06-25 00:58:34.826294,HDFCBANK,3522.4650903959764,3602.009484827807,3471.8694917005278,3535.500946558937,1523612,5386731668.188555
2025-06-26 00:58:34.826294,HDFCBANK,3504.5907297416766,3517.7526116921704,3460.492561526726,3509.9231426426386,1946876,6833385128.255529
2025-06-27 00:58:34.826294,HDFCBANK,3394.5790672963885,3447.5932405104895,3383.2780866065036,3386.844824333869,1411531,4780636461.736811
2025-06-30 00:58:34.826294,HDFCBANK,3379.6547864476092,3432.3903974323393,3349.8080017646075,3391.8075025507483,2352175,7978124812.312306
2025-07-01 00:58:34.826294,HDFCBANK,3284.978400068291,3326.5714722718,3261.8120026945417,3300.371011574029,2019123,6663855018.002388
2025-07-02 00:58:34.826294,HDFCBANK,3404.7225192698265,3418.1185354889462,3363.7685901759037,3396.6415241373656,4778762,16231741443.169725
2025-07-03 00:58:34.826294,HDFCBANK,3465.1927848294954,3520.2458869621855,3438.43252492578,3454.344248410931,896742,3097655570.008515
2025-07-04 00:58:34.826294,HDFCBANK,3444.9091015298327,3518.3497049060957,3426.09254557376,3453.4376349364575,1688347,5830601070.632063
2025-07-07 00:58:34.826294,HDFCBANK,3489.0652354426647,3524.0950993274014,3461.578256413009,3481.4635181819135,600960,2092220315.8866026
2025-07-08 00:58:34.826294,HDFCBANK,3432.5520784970927,3472.225334041184,3386.67957633972,3427.2890572678284,3251087,11142414899.325693
2025-07-09 00:58:34.826294,HDFCBANK,3454.65854220995,3537.5804393035655,3440.767238430626,3468.5444845892825,906497,3144225169.646731
2025-07-10 00:58:34.826294,HDFCBANK,3423.863116438709,3479.7069232169633,3390.190507792575,3419.1361270509965,4919035,16818850278.728298
2025-07-11 00:58:34.826294,HDFCBANK,3482.512487578488,3540.5019794137734,3448.06747110343,3472.999072895204,1946846,6761394353.0697365
2025-07-14 00:58:34.826294,HDFCBANK,3410.448588533217,3475.5093653358877,3402.7829836134474,3413.6823845269687,3006214,10262259775.918356
2025-07-15 00:58:34.826294,HDFCBANK,3221.9235482450704,3296.0286150146867,3183.9909410937707,3237.183799768973,3154676,10212266040.719986
2025-07-16 00:58:34.826294,HDFCBANK,3281.833629385367,3270.2017450839176,3256.194446619985,3266.39719048739,790714,2582785988.0790462
2025-07-17 00:58:34.826294,HDFCBANK,3319.4029584526043,3378.1065915377626,3292.164887163326,3332.556138994497,2917490,9722699209.955055
2025-07-18 00:58:34.826294,HDFCBANK,3298.9453563450234,3307.3864232772034,3261.3286992190906,3303.5923479343032,4201190,13879019136.218115
2025-07-21 00:58:34.826294,HDFCBANK,3391.0741538266975,3396.3498800328475,3327.0975727283876,3388.697982362381,3147349,10665415206.090258
2025-07-22 00:58:34.826294,HDFCBANK,3336.3910508659683,3396.228151204364,3287.22807679238,3346.465595256214,2528277,8460791995.777595
2025-07-23 00:58:34.826294,HDFCBANK,3568.879208472437,3583.6505810217363,3543.9892112805196,3566.0450944654767,3733095,13312385111.9236
2025-07-24 00:58:34.826294,HDFCBANK,3594.5622499685765,3602.109280558841,3527.3111712664636,3580.7495967106183,2512039,8994982636.171345
2025-07-25 00:58:34.826294,HDFCBANK,3523.9291334129007,3576.862264212151,3469.324813536558,3506.7403123177824,3251663,11402737724.172176
2025-07-28 00:58:34.826294,HDFCBANK,3475.3217447286142,3532.6145251925145,3438.0524084676567,3464.00981986062,3440656,11918466170.762362
2025-07-29 00:58:34.826294,HDFCBANK,3399.678974390394,3415.903558946202,3398.513096325899,3408.1171457729033,2745560,9357190110.748253
2025-07-30 00:58:34.826294,HDFCBANK,3320.821387850207,3348.084905204693,3251.2975760417803,3309.121777226864,4560011,15089631704.494051
2025-07-31 00:58:34.826294,HDFCBANK,3398.853026214963,3434.7102620626088,3347.7435603642953,3389.0432680062167,1701507,5766480843.815454
2025-08-01 00:58:34.826294,HDFCBANK,3508.0838081566217,3585.478308602823,3494.5508353346404,3524.000346739473,2351246,8285791719.269799
2025-08-04 00:58:34.826294,HDFCBANK,3602.2694714294944,3601.6977781187984,3532.7175906373554,3600.1170745797126,2841059,10228145015.788364
2025-08-05 00:58:34.826294,HDFCBANK,3604.4296209276595,3628.9784050350127,3548.5207092393603,3589.9713537445177,3387939,12162603958.233849
2025-08-06 00:58:34.826294,HDFCBANK,3670.1132834649507,3681.9937675912784,3646.348531855854,3662.6043141986106,1478778,5416178682.541993
2025-08-07 00:58:34.826294,HDFCBANK,3556.6515421223794,3557.8878858698718,3518.2302076604083,3550.4729045555796,4323828,15351634157.958742
2025-08-08 00:58:34.826294,HDFCBANK,3521.8968303263855,3549.014353723482,3509.1009663427885,3522.151819184203,3188828,11231536341.265524
2025-08-11 00:58:34.826294,HDFCBANK,3461.9010314553725,3490.32275689267,3432.2988425595695,3466.91709662351,706823,2450496742.986719
2025-08-12 00:58:34.826294,HDFCBANK,3615.4807582276817,3679.06684247599,3598.770006629553,3609.1762188345697,4495705,16225791572.89567
2025-08-13 00:58:34.826294,HDFCBANK,3607.082750595873,3614.102600790231,3551.173654902483,3593.6777178322186,3860408,13873062211.34124
2025-08-14 00:58:34.826294,HDFCBANK,3650.8564653455023,3689.798740727598,3596.3580680587806,3649.1509635578113,567173,2069699899.4539745
2025-08-15 00:58:34.826294,HDFCBANK,3681.875767074492,3709.7625784720954,3623.3620090895947,3686.237016542872,4283288,15789214778.113886
2025-08-18 00:58:34.826294,HDFCBANK,3802.34956787142,3826.768050282972,3811.8321765896812,3813.0224067032354,3218063,12270546325.182634
2025-08-19 00:58:34.826294,HDFCBANK,3691.790334378646,3740.9035270104705,3662.6295610428583,3702.5062099720544,3599815,13328337392.250551
2025-08-20 00:58:34.826294,HDFCBANK,3708.5145814108014,3723.018147358929,3662.278161106709,3717.6443541548315,1860247,6915736756.883463
2025-08-21 00:58:34.826294,HDFCBANK,3746.0674177176597,3810.9952377166805,3669.1704335191935,3736.4283536485545,3179968,11881722598.895086
2025-08-22 00:58:34.826294,HDFCBANK,3733.3688279327566,3776.8767744008387,3671.766839007768,3717.529843532343,2482167,9227529899.131145
2025-08-25 00:58:34.826294,HDFCBANK,3829.0892588385445,3891.2011460517074,3839.064419131923,3843.365595707839,721099,2771447087.699327
2025-08-26 00:58:34.826294,HDFCBANK,3680.63621104069,3701.8412307654303,3615.363372864076,3666.509183741059,2174112,7971401614.481642
2025-08-27 00:58:34.826294,HDFCBANK,3530.89752644584,3584.67566758351,3525.4081611421516,3546.778451697984,731944,2596043207.049629
2025-08-28 00:58:34.826294,HDFCBANK,3468.661887342404,3503.2266287274806,3476.092227272974,3476.1366843400842,4800675,16687802477.094334
2025-08-29 00:58:34.826294,HDFCBANK,3468.636731665984,3503.55924885131,3409.895808884609,3469.7935302350947,3528450,12242992981.75802
2025-09-01 00:58:34.826294,HDFCBANK,3306.5485488233985,3332.3061638828276,3242.4339836237027,3308.251451147596,4912176,16250713380.292395
2025-09-02 00:58:34.826294,HDFCBANK,3402.328530852049,3432.044166175359,3366.1846260804414,3399.907343799125,2752313,9357609181.1338
2025-09-03 00:58:34.826294,HDFCBANK,3636.145350473119,3649.6363334040857,3596.724072179274,3624.937720993465,1585052,5745714784.536134
2025-09-04 00:58:34.826294,HDFCBANK,3547.773425977097,3543.8841659492577,3477.4869802554817,3538.7187873384282,4590798,16245543131.475681
2025-09-05 00:58:34.826294,HDFCBANK,3616.932474704132,3661.5380783591,3564.625684928401,3619.4587593205915,3832299,13870848183.885544
2025-09-08 00:58:34.826294,HDFCBANK,3651.254293299969,3724.9840934864555,3588.1406917874074,3659.816363324216,4377995,16022657739.551601
2025-09-09 00:58:34.826294,HDFCBANK,3693.2738508495922,3762.696614662314,3693.4019554560537,3693.485326470904,3393630,12534322608.471455
2025-09-10 00:58:34.826294,HDFCBANK,3760.282404246022,3768.8166680665727,3722.1819396598944,3745.5161626178697,3855672,14441481793.753166
2025-09-11 00:58:34.826294,HDFCBANK,3671.8915301734332,3705.2473234052504,3666.182443781813,3681.9030345126466,4739756,17451321999.249523
2025-09-12 00:58:34.826294,HDFCBANK,3736.6346956277907,3788.4450326566644,3713.9225046368133,3721.530154448873,2361591,8788732118.975069
2025-09-15 00:58:34.826294,HDFCBANK,3711.2453413731478,3788.759830923888,3694.829996400018,3724.5472479320224,2760375,10281147109.510357
2025-09-16 00:58:34.826294,HDFCBANK,3669.745328214377,3719.5273918454063,3651.2396994364362,3681.9224887029322,734537,2704508299.084386
2025-09-17 00:58:34.826294,HDFCBANK,3715.393026568447,3779.565053654041,3678.8147947029843,3725.856664535078,4771061,17776289423.753395
2025-09-18 00:58:34.826294,HDFCBANK,3644.637928853718,3727.0125812417964,3618.415418369973,3659.28746123138,4440243,16248125534.720406
2025-09-19 00:58:34.826294,HDFCBANK,3710.4441455771916,3735.082900216705,3709.622067216288,3719.735878895761,4632044,17229980259.423836
2025-09-22 00:58:34.826294,HDFCBANK,3654.04560196767,3666.71439389058,3626.390301079581,3656.801462392885,1362634,4982882003.906266
2025-09-23 00:58:34.826294,HDFCBANK,3674.939463269856,3736.337141825231,3629.974669883839,3687.8924320661886,1335489,4925139776.207643
2025-09-24 00:58:34.826294,HDFCBANK,3594.422862997344,3641.5077279015723,3525.2184782162403,3592.6436871347714,3749950,13472234194.571035
2025-09-25 00:58:34.826294,HDFCBANK,3621.8138792130717,3643.1510596954354,3584.2955650729546,3616.809244939198,2630586,9514327764.407625
2025-09-26 00:58:34.826294,HDFCBANK,3570.3633403274544,3566.8383689265643,3534.3610865590463,3557.537520140371,3958398,14082149404.648603
2025-09-29 00:58:34.826294,HDFCBANK,3427.3739757149638,3471.056341133242,3372.4318208454906,3424.727344061422,2447188,8380951659.658983
2025-09-30 00:58:34.826294,HDFCBANK,3609.340829857273,3626.4625989636697,3546.8619809854176,3615.914316346996,4560097,16488920026.230988
2025-10-01 00:58:34.826294,HDFCBANK,3544.117191966165,3566.014013034074,3523.962283026593,3559.1942156711343,4201844,14955178859.952461
2025-10-02 00:58:34.826294,HDFCBANK,3385.234524296655,3426.7315241287197,3311.1762592236273,3374.4608484515006,4809462,16229341221.115252
2025-10-03 00:58:34.826294,HDFCBANK,3363.106450168245,3400.566207103694,3356.1573514147276,3375.2030911146308,4333574,14626692360.373995
2025-10-06 00:58:34.826294,HDFCBANK,3378.3444271431513,3399.07478396846,3364.3893198554592,3366.196828489089,2039605,6865711882.370488
2025-10-07 00:58:34.826294,HDFCBANK,3348.8726956149353,3367.9026657462014,3306.42165756286,3341.9226859241558,1779938,5948415181.73847
2025-10-08 00:58:34.826294,HDFCBANK,3425.2749588329298,3429.358525540979,3395.4446730819222,3411.8395636017135,4868110,16609210297.965137
2025-10-09 00:58:34.826294,HDFCBANK,3484.7540546616706,3516.6462003346446,3485.5259975239182,3493.025801590761,2902910,10139939529.695837
2025-10-10 00:58:34.826294,HDFCBANK,3509.1725319813813,3516.792683056,3437.3932124085454,3502.2653760860476,1624232,5688491496.330994
2025-10-13 00:58:34.826294,HDFCBANK,3587.3106616331675,3615.9326004420373,3576.1681203662856,3597.538957251056,3582745,12889064711.396435
2025-10-14 00:58:34.826294,HDFCBANK,3567.7653621328695,3588.6404875494027,3499.902915613781,3558.2102121415187,669162,2381019061.977043
2025-10-15 00:58:34.826294,HDFCBANK,3651.6015709966437,3708.919150867204,3586.1300081106247,3641.22939389275,4220257,15366923838.181635
2025-10-16 00:58:34.826294,HDFCBANK,3749.2826666074657,3829.22507980942,3695.499801907775,3766.1584017382247,3888669,14645343425.92898
2025-10-17 00:58:34.826294,HDFCBANK,3789.3757723764597,3780.207018595041,3724.509812583641,3770.759938085141,2970319,11200359888.53312
2025-10-20 00:58:34.826294,HDFCBANK,3505.646782014814,3534.675263767466,3463.78177124073,3516.21445986286,2479681,8719090188.047197
2025-10-21 00:58:34.826294,HDFCBANK,3449.5975339214133,3474.043391558808,3374.7937518401345,3433.1982541766038,1250506,4293235016.0373683
2025-10-22 00:58:34.826294,HDFCBANK,3474.210120102139,3493.914620963714,3449.689187787956,3491.3567385110805,3782750,13206929702.602789
2025-10-23 00:58:34.826294,HDFCBANK,3381.2660411675993,3445.261020787291,3364.579669405483,3385.0239898111686,3539933,11982758127.324219
2025-10-24 00:58:34.826294,HDFCBANK,3436.6231004612177,3475.2690089285334,3420.1804467238776,3438.9598383359157,4080697,14033353095.417856
2025-10-27 00:58:34.826294,HDFCBANK,3599.1645618456164,3617.8245903941643,3554.1140715389606,3584.521973560885,606948,2175618442.8088317
2025-10-28 00:58:34.826294,HDFCBANK,3599.5562217042198,3609.3919392823695,3528.3654067792245,3587.0105429646046,4699287,16856392013.416508
2025-10-29 00:58:34.826294,HDFCBANK,3514.2033666540938,3540.4236294178063,3460.445388615332,3527.5277967702955,4322417,15247446116.73247
2025-10-30 00:58:34.826294,HDFCBANK,3670.448017851654,3686.2996323366133,3611.2130851203788,3657.921557263092,2864054,10476484867.765587
2025-10-31 00:58:34.826294,HDFCBANK,3659.9414228284354,3659.239904380015,3639.5000253846542,3643.8004729708305,4776977,17406351051.97078
2025-11-03 00:58:34.826294,HDFCBANK,3537.8584277817677,3546.6193295427242,3523.284152786029,3536.533357182247,4976176,17598412415.209724
2025-11-04 00:58:34.826294,HDFCBANK,3559.9407097929616,3546.581570525023,3488.126709442343,3546.0565088707053,981537,3480585667.5474253
2025-11-05 00:58:34.826294,HDFCBANK,3515.204531896156,3553.922797713872,3467.3887470053883,3514.6087784230535,3083092,10835862207.88589
2025-11-06 00:58:34.826294,HDFCBANK,3510.31801229772,3520.848420074077,3505.502576185456,3512.7261619882697,2075685,7291313003.546621
2025-11-07 00:58:34.826294,HDFCBANK,3470.2410801956735,3476.7384764338044,3459.491050341202,3461.436494205657,723626,2504785444.5560627
2025-11-10 00:58:34.826294,HDFCBANK,3528.2059317130534,3580.215185902029,3484.8090931050942,3511.3649377745364,2991231,10503303654.184265
2025-11-11 00:58:34.826294,HDFCBANK,3542.172975346101,3610.8274349308685,3499.9074323182435,3559.059865767103,783197,2787445009.689198
2025-11-12 00:58:34.826294,HDFCBANK,3605.6826569841282,3629.059549040923,3559.7376093698067,3619.2543653741673,2246176,8129482293.398685
2025-11-13 00:58:34.826294,HDFCBANK,3594.8635219486296,3636.374503579955,3565.387873175645,3579.7602489599763,1125329,4028408021.201881
2025-11-14 00:58:34.826294,HDFCBANK,3600.91880920715,3647.417695759903,3592.5533809322824,3604.107679732455,3648681,13150239212.993893
2025-11-17 00:58:34.826294,HDFCBANK,3624.9219101060626,3656.011113551863,3598.396664017584,3635.44279092477,1411974,5133150699.2732115
2025-11-18 00:58:34.826294,HDFCBANK,3570.849504937739,3628.6119011414244,3516.6918083087,3570.4637203610387,3906820,13949159071.980913
2025-11-19 00:58:34.826294,HDFCBANK,3339.4305199134938,3381.0701750645294,3308.7847682519773,3325.6710324155933,3662633,12180712470.469421
2025-11-20 00:58:34.826294,HDFCBANK,3356.3377441565945,3395.6581175173797,3361.049969087995,3362.0095629055245,566538,1904706173.74937
2025-11-21 00:58:34.826294,HDFCBANK,3507.975527557262,3496.962394535894,3471.3324245079125,3493.8637418072826,4841387,16915146499.357134
2025-11-24 00:58:34.826294,HDFCBANK,3521.6485264168946,3555.6620119066088,3473.150427517338,3519.2141173994287,636322,2239353365.6118393
2025-11-25 00:58:34.826294,HDFCBANK,3602.8850267189887,3618.3905554505545,3587.408533761931,3601.893779237031,3297678,11877885874.126814
2025-11-26 00:58:34.826294,HDFCBANK,3594.4606773043265,3598.781107826509,3559.7644087158856,3579.8817139479042,3267189,11696150157.11174
2025-11-27 00:58:34.826294,HDFCBANK,3429.1429816910763,3441.701962793047,3397.3100193883183,3432.130551938594,3537099,12139785543.131449
2025-11-28 00:58:34.826294,HDFCBANK,3498.1653951056956,3547.302413877593,3442.708141028482,3492.401822851726,3358968,11730865966.100616
2025-12-01 00:58:34.826294,HDFCBANK,3686.593785308307,3733.375544098194,3696.7748574328616,3699.6299507167478,1843961,6821973343.553605
2025-12-02 00:58:34.826294,HDFCBANK,3668.3930993427434,3718.615766848868,3667.5187777140222,3686.167874678673,759966,2801362255.0480523
2025-12-03 00:58:34.826294,HDFCBANK,3640.1903464850643,3686.1588627078872,3568.458392924199,3633.5278808807366,4681717,17011149249.89332
2025-12-04 00:58:34.826294,HDFCBANK,3778.6291662463477,3772.4410052278167,3740.7930619504386,3768.804551810315,2288976,8626703167.784567
2025-12-05 00:58:34.826294,HDFCBANK,3778.4387170907494,3816.2803382573093,3774.9101602967366,3787.034400841774,2259144,8555456044.455289
2025-12-08 00:58:34.826294,HDFCBANK,3914.6732477831033,3971.4398724356297,3873.856464451476,3930.4854293705,4681497,18400555746.14171
2025-12-09 00:58:34.826294,HDFCBANK,3990.229837913354,4018.104277118562,3940.5930869738713,3982.1893634529683,3604490,14353761738.67259
2025-12-10 00:58:34.826294,HDFCBANK,4034.5836414267133,4089.7198130878187,4030.0584217515952,4033.924953014928,2301220,9282948780.377012
2025-12-11 00:58:34.826294,HDFCBANK,4038.0589916766908,4076.5217627646634,4013.635034383047,4029.6010159411944,1242003,5004776550.602012
2025-12-12 00:58:34.826294,HDFCBANK,3895.6694357958963,3921.8102598678574,3872.250526264976,3913.3161886736343,1557721,6095854806.736882
2025-12-15 00:58:34.826294,HDFCBANK,4006.911167647757,4023.3333714442124,3966.2796460804693,3996.583654572108,4393809,17560225230.71182
2025-12-16 00:58:34.826294,HDFCBANK,3899.7836407418395,3899.468337555966,3874.8690295882434,3882.926056468789,1475288,5728434215.995727
2025-12-17 00:58:34.826294,HDFCBANK,4100.815012873945,4168.520266536511,4055.817469746652,4107.246545565599,1234391,5069948170.627266
2025-12-18 00:58:34.826294,HDFCBANK,4033.8765144304202,4115.175531594522,3977.928414161228,4037.276085019248,1881872,7597636820.667342
2025-12-19 00:58:34.826294,HDFCBANK,4016.147302638109,4093.895228171941,4031.88168398968,4033.8210286359017,622994,2513046297.913995
2025-12-22 00:58:34.826294,HDFCBANK,3880.4254564557314,3890.911767708886,3820.6323134600493,3874.6010274337523,2382460,9231081963.819817
2025-12-23 00:58:34.826294,HDFCBANK,3817.1125307649536,3891.161581538471,3798.617516918201,3824.3872968540963,2932833,11216289268.99449
2025-12-24 00:58:34.826294,HDFCBANK,3886.5814400585255,3904.13396843992,3810.7230378458594,3881.9349248439953,1524483,5917943800.030949
2025-12-25 00:58:34.826294,HDFCBANK,4051.352393047868,4059.6590281416247,3963.3373776632375,4040.0001549788453,2370208,9575640687.3321
2025-12-26 00:58:34.826294,HDFCBANK,3935.653555567599,3992.6670694304953,3882.727477881185,3941.283379748864,1334754,5260643756.253315
2025-12-29 00:58:34.826294,HDFCBANK,3923.1907250475824,4017.6028574025263,3914.8421736930272,3941.9979118802617,948431,3738713021.5625086
2025-12-30 00:58:34.826294,HDFCBANK,4104.452061041054,4187.275660913499,4059.3446768151334,4117.224560632971,1811958,7460237980.435396
2025-12-31 00:58:34.826294,HDFCBANK,4118.971393625841,4145.746033659285,4076.902369814153,4136.063956173328,1159830,4797131058.288511
2026-01-01 00:58:34.826294,HDFCBANK,3930.7821471123902,4019.9801121796067,3889.0222663347045,3947.5678666638237,1136480,4486331929.106102
2026-01-02 00:58:34.826294,HDFCBANK,4008.628113361758,4044.379164183725,3974.5594836798546,4015.233485393854,1386357,5566547049.1101675
2026-01-05 00:58:34.826294,HDFCBANK,3925.3897797964187,3992.448893795402,3854.223881090267,3930.854870371321,956435,3759607177.9435945
2026-01-06 00:58:34.826294,HDFCBANK,3967.1073719182286,3999.116817195003,3946.0966925104467,3963.757144311567,3708136,14698150562.078917
2026-01-07 00:58:34.826294,HDFCBANK,3973.986348603094,4022.3042514529907,3913.5229341828076,3967.898266620344,1044162,4143128589.870832
2026-01-08 00:58:34.826294,HDFCBANK,3962.1504678878105,4052.5688660925657,3954.0611874255123,3980.9811042300666,1963497,7816644455.212423
2026-01-09 00:58:34.826294,HDFCBANK,4082.480813937733,4134.423908687552,4019.5488873603354,4072.5370727417267,3821453,15563009014.24009
2026-01-12 00:58:34.826294,HDFCBANK,4003.846408071707,4056.8290327084533,4004.8378456292103,4008.060221136659,4117257,16502214001.896458
2026-01-13 00:58:34.826294,HDFCBANK,4032.124930750225,4029.602648407042,3989.681137744461,4021.592549085228,4080176,16408805400.556368
2026-01-14 00:58:34.826294,HDFCBANK,4001.7532037296614,4084.94044710339,3973.4597643963716,4017.6785265810477,3365530,13521617611.564314
2026-01-15 00:58:34.826294,HDFCBANK,3920.423214403118,3966.3694485440665,3847.087950823998,3912.9512336726934,993466,3887384010.311876
2026-01-16 00:58:34.826294,HDFCBANK,3750.8752591479115,3814.38162349799,3721.403713107797,3764.7079480236475,4330278,16302232003.751944
2026-01-19 00:58:34.826294,HDFCBANK,3818.4173433877636,3851.868905827875,3815.883767657266,3836.4140721904882,3145348,12066857329.136208
2026-01-20 00:58:34.826294,HDFCBANK,3755.03572207408,3797.909354325668,3769.103587221998,3771.1552849121026,3610806,13616910129.69233
2026-01-21 00:58:34.826294,HDFCBANK,3722.6364477614834,3736.396125509173,3699.300865948066,3720.657672076518,3075326,11442235276.03639
2026-01-22 00:58:34.826294,HDFCBANK,3537.9420248307906,3558.9124363056167,3504.521843179273,3523.47914269596,2646909,9326328654.114222
2026-01-23 00:58:34.826294,HDFCBANK,3499.974716521784,3510.6349820544006,3491.32943179315,3496.5319696667448,1939485,6781471307.189107
2026-01-26 00:58:34.826294,HDFCBANK,3501.518032880653,3585.3310483308137,3467.3852981614514,3518.374340775721,959099,3374469311.863653
2026-01-27 00:58:34.826294,HDFCBANK,3516.85141121796,3575.1227347087106,3441.0021944464042,3506.334226632235,1620678,5682638741.749878
2026-01-28 00:58:34.826294,HDFCBANK,3547.4253637191696,3588.1618813052814,3515.198390316271,3539.040908701275,731360,2588312958.9877644
2026-01-29 00:58:34.826294,HDFCBANK,3643.13355902851,3699.5862396832026,3615.4628136816928,3657.6170917070635,4580570,16753971121.760624
2026-01-30 00:58:34.826294,HDFCBANK,3639.3680652493695,3655.0521179780208,3572.927889011635,3622.9835826441613,3620309,13116320071.098902
2026-02-02 00:58:34.826294,HDFCBANK,3662.5081226981238,3672.70239017085,3616.4280571680733,3659.7643743854055,3130174,11455699290.827463
2026-02-03 00:58:34.826294,HDFCBANK,3527.1302539333997,3560.5432966017,3489.5121852251773,3525.7158527517927,4533415,15983533132.602768
2026-02-04 00:58:34.826294,HDFCBANK,3456.019187685906,3499.814744831664,3425.666853785239,3467.670979269142,725683,2516429879.248969
2026-02-05 00:58:34.826294,HDFCBANK,3504.18035442964,3538.8026177515894,3499.1168185773895,3504.5501125489805,2669815,9356500458.734957
2026-02-06 00:58:34.826294,HDFCBANK,3436.245822538035,3469.031786992143,3417.9955611746727,3446.904542338255,4989191,17197265120.49314
2026-02-09 00:58:34.826294,HDFCBANK,3481.204498322045,3537.990617601313,3466.866112869446,3477.9374128174422,4487422,15606972860.900072
2026-02-10 00:58:34.826294,HDFCBANK,3475.884368301928,3524.2035797101826,3462.6363121174354,3492.8214777308167,2549871,8906244194.242956
2026-02-11 00:58:34.826294,HDFCBANK,3566.2451234988466,3623.7937919440087,3507.1965577057945,3564.3951589793537,3545313,12636896494.26657
2026-02-12 00:58:34.826294,HDFCBANK,3523.487127340466,3603.7188559446968,3529.824021596474,3537.6361406574565,1205051,4263031968.9354086
2026-02-13 00:58:34.826294,HDFCBANK,3516.8220644851567,3559.3269259328454,3464.339921670952,3512.095819280941,4002896,14058554306.616402
2026-02-16 00:58:34.826294,HDFCBANK,3564.023848494073,3596.0089971780667,3533.204522144604,3572.4064583916816,4732383,16905995592.783
2026-02-17 00:58:34.826294,HDFCBANK,3570.340441122982,3582.5531845526607,3540.8366154754594,3581.0985088312273,3569474,12782638018.711836
2026-02-18 00:58:34.826294,HDFCBANK,3592.7234599023436,3641.176800712098,3583.426584775904,3593.9713380724015,3298627,11855170892.99175
2026-02-19 00:58:34.826294,HDFCBANK,3517.1141075985133,3515.4147368106173,3442.6780178462777,3505.164130481468,3603300,12630157911.363874
2026-02-20 00:58:34.826294,HDFCBANK,3618.9312450546704,3660.5732081231913,3555.8328635796033,3620.7589617216836,2924523,10588992861.011183
2026-02-23 00:58:34.826294,HDFCBANK,3681.9108463540942,3702.7088995072922,3656.4024760543393,3689.2926395292884,4049292,14939023170.90483
2026-02-24 00:58:34.826294,HDFCBANK,3702.4477839392553,3751.12317448249,3691.501915189533,3711.936710627931,1563205,5802518025.737135
2026-02-25 00:58:34.826294,HDFCBANK,3629.721298010686,3660.4676565950117,3616.5219825499503,3616.539390382056,1468305,5310182869.594925
2026-02-26 00:58:34.826294,HDFCBANK,3496.642811768249,3509.0163802523784,3463.6691533273024,3485.9940156579037,1125070,3921987287.1962376
2026-02-27 00:58:34.826294,HDFCBANK,3531.3296873348895,3580.0293685279676,3504.206165277186,3535.46395946709,1838245,6499048946.170581
2026-03-02 00:58:34.826294,HDFCBANK,3555.49529330927,3561.3516923929833,3482.027863987694,3550.9275382621327,692527,2459113195.29006
2026-03-03 00:58:34.826294,HDFCBANK,3556.1104668597163,3565.718634948548,3496.57754119458,3547.9641181808934,742723,2635154553.747668
2026-03-04 00:58:34.826294,HDFCBANK,3441.9388014266387,3446.8692089440888,3427.100779517507,3439.358407089247,2450908,8429551034.802293
2026-03-05 00:58:34.826294,HDFCBANK,3303.4204071852773,3372.3541924966576,3282.0245317231474,3318.642751284131,4965905,16480064631.815622
2026-03-06 00:58:34.826294,HDFCBANK,3256.2615652073796,3270.483010488451,3230.658190364977,3262.239663474966,4015994,13101134915.077484
2026-03-09 00:58:34.826294,HDFCBANK,3240.6115664577665,3285.276509994636,3176.9452324493054,3239.7931510769286,3370469,10919622382.117104
2026-03-10 00:58:34.826294,HDFCBANK,3159.6327945676226,3187.3646976631067,3138.2975379011923,3161.689614976811,2807846,8877537538.654179
2026-03-11 00:58:34.826294,HDFCBANK,3242.73385822559,3242.2719987968862,3209.9419157687457,3232.167131096268,1500209,4848926219.5748005
2026-03-12 00:58:34.826294,HDFCBANK,3331.3811036391653,3324.946660595599,3304.6658208559948,3323.903291650659,2854112,9486792271.539646
2026-03-13 00:58:34.826294,HDFCBANK,3432.2782539878717,3440.1770080612614,3406.6798639030944,3427.4302511422347,761041,2608414945.7595377
2026-03-16 00:58:34.826294,HDFCBANK,3393.4828151959464,3422.6030312742123,3386.759406007345,3393.9564392891207,893345,3031974015.2567396
2026-03-17 00:58:34.826294,HDFCBANK,3391.3303783048805,3379.5243339263475,3325.902590653407,3376.5332170799416,1207609,4077531901.7446914
2026-03-18 00:58:34.826294,HDFCBANK,3312.445897532836,3357.794481386913,3315.0325639644025,3326.7033907388814,3102807,10322118567.708336
2026-03-19 00:58:34.826294,HDFCBANK,3180.8194154230355,3200.3145895691337,3163.368162966094,3192.2765663637983,1502475,4796315734.047448
2026-03-20 00:58:34.826294,HDFCBANK,3300.3994390408766,3308.69153330835,3235.2505210538447,3299.8884543038457,3113182,10273153337.946554
2026-03-23 00:58:34.826294,HDFCBANK,3312.2113575476956,3350.723542932511,3305.8927478270634,3320.2541457315283,2705349,8982446232.900644
2026-03-24 00:58:34.826294,HDFCBANK,3303.3203150470686,3353.4714161021666,3269.0916519367165,3303.5210817358543,4965943,16405097391.198593
2026-03-25 00:58:34.826294,HDFCBANK,3133.6492856106556,3155.9819256182964,3092.713867513154,3140.380727163082,2889642,9074576045.200983
2026-03-26 00:58:34.826294,HDFCBANK,3068.3004654992783,3102.849327034725,3070.727440795248,3080.0589547536524,618833,1906042123.147067
2026-03-27 00:58:34.826294,HDFCBANK,2969.9443961225757,2986.2410354378735,2924.348726027659,2977.149818280931,2838782,8451479315.4391775
2026-03-30 00:58:34.826294,HDFCBANK,2962.131061216916,2988.431563308784,2942.012871383184,2955.277648258112,883094,2609787959.5108495
2026-03-31 00:58:34.826294,HDFCBANK,3031.0144323255054,3062.2743181341634,2994.9177030001465,3030.704487414659,4484936,13592515660.967552
2026-04-01 00:58:34.826294,HDFCBANK,2973.5633433576418,3044.8176609482753,2958.8997372537738,2986.702290041101,4770924,14249329636.41205
2026-04-02 00:58:34.826294,HDFCBANK,2959.073428587216,2947.0836390899144,2931.9170015743252,2946.5056457823302,3321331,9786320543.011873
2026-04-03 00:58:34.826294,HDFCBANK,3001.106440438696,3059.415864113627,2993.747225102033,3013.0382051994375,2090404,6298467116.301724
2026-04-06 00:58:34.826294,HDFCBANK,3028.6067670181183,3068.5778483570357,2978.0170853736113,3018.3295809158035,2483756,7496794206.577112
2026-04-07 00:58:34.826294,HDFCBANK,2967.694759798942,3004.2714294236443,2922.858683930224,2962.783004698658,2016503,5974460817.323857
2026-04-08 00:58:34.826294,HDFCBANK,2820.2317126714966,2861.983019821428,2772.74954879976,2823.424770113565,1876956,5299444062.813276
2026-04-09 00:58:34.826294,HDFCBANK,2882.723770752863,2942.126751970118,2886.7739562596366,2887.5583087993123,1462217,4222236847.617604
2026-04-10 00:58:34.826294,HDFCBANK,2733.637572440819,2745.002443537665,2730.836226716443,2737.769344443606,3335900,9132924756.129425
2026-04-13 00:58:34.826294,HDFCBANK,2765.4221533741825,2807.3604322190904,2713.845286793283,2756.7266245311416,4651963,12824190258.433764
2026-04-14 00:58:34.826294,HDFCBANK,2847.045429760961,2845.7998683739565,2825.561086541421,2833.54033113876,517829,1467289356.1332529
2026-04-15 00:58:34.826294,HDFCBANK,2887.3524101466915,2934.619308062045,2884.454629048275,2886.7547427367367,4196368,12113885226.268675
2026-04-16 00:58:34.826294,HDFCBANK,2871.303573450718,2891.558619636585,2801.2049810003277,2857.1445461946464,1274474,3641356438.3668756
2026-04-17 00:58:34.826294,HDFCBANK,2778.9931914650642,2808.2389231308794,2740.87498871608,2782.7476291174953,778169,2165447939.802732
2026-04-20 00:58:34.826294,HDFCBANK,2790.686929906263,2795.5109028226234,2730.7981965017493,2782.542415718395,1172947,3263774778.8896446
2026-04-21 00:58:34.826294,HDFCBANK,2806.151700315978,2796.896990922585,2788.6897771016265,2795.8789944319146,3900205,10904501233.478325
2026-04-22 00:58:34.826294,HDFCBANK,2811.6360036512338,2837.667537186975,2771.9094436738483,2811.7457430956906,616905,1734580007.644447
2026-04-23 00:58:34.826294,HDFCBANK,2862.8422403377085,2911.7110397142333,2839.199756459068,2874.6365470701594,2889905,8307426530.560789
2026-04-24 00:58:34.826294,HDFCBANK,2884.9836576916737,2924.0687582495757,2879.8336870142125,2892.689214836939,4264599,12336159532.904394
2026-04-27 00:58:34.826294,HDFCBANK,2855.904924886375,2898.8765681714244,2809.9948977028444,2866.024196361452,745221,2135821417.6366777
2026-04-28 00:58:34.826294,HDFCBANK,2966.055870507196,2995.013690149686,2958.6187994303777,2973.8791547994065,4747136,14117408795.397835
2026-04-29 00:58:34.826294,HDFCBANK,2999.7462494025126,3031.0745029740756,2964.561923893039,3006.768261362776,2534730,7621345715.124068
2026-04-30 00:58:34.826294,HDFCBANK,2784.8403756975968,2851.2992007116654,2795.1538572941304,2797.743441880772,649360,1816742681.4196982
2026-05-01 00:58:34.826294,HDFCBANK,2850.483291524084,2890.4515495553615,2809.869620869731,2839.65700882164,3132691,8895767954.622473
2026-05-04 00:58:34.826294,HDFCBANK,2879.9905786387194,2923.1540218576074,2854.1421110585934,2890.4831240472445,3375656,9757276700.588825
2026-05-05 00:58:34.826294,HDFCBANK,2984.677132012386,3006.804914690114,2949.6079465263915,2974.0372473514662,4251459,12643997421.587618
2026-05-06 00:58:34.826294,HDFCBANK,3064.6444186184094,3114.2346062034735,3014.905021684583,3054.3119502578534,1769343,5404125469.005081
2026-05-07 00:58:34.826294,HDFCBANK,3075.7089972525905,3100.930215958225,3021.963415326027,3064.23689153842,667659,2045865338.76765
2026-05-08 00:58:34.826294,HDFCBANK,3133.2149645253326,3171.4123919212775,3107.2520553711406,3127.330357136077,1897928,5935447850.05856
2026-05-11 00:58:34.826294,HDFCBANK,3100.867987901159,3135.342464271138,3078.998464248504,3098.523601680319,1896615,5876706340.800919
2026-05-12 00:58:34.826294,HDFCBANK,3178.913040496193,3232.228478655055,3146.5890010604585,3183.6932805765564,4571889,14555492288.841871
2026-05-13 00:58:34.826294,HDFCBANK,3211.6344407085458,3276.9332332126523,3166.0156655279643,3222.9401554817946,4458681,14370062035.383724
2026-05-14 00:58:34.826294,HDFCBANK,3108.2788083444398,3122.322841893006,3050.4031360626373,3109.331592327787,1625521,5054283799.292256
2026-05-15 00:58:34.826294,HDFCBANK,3100.5588179366373,3103.848150698871,3082.8461553232187,3088.7514611769047,639244,1974465839.0485692
2026-05-18 00:58:34.826294,HDFCBANK,2923.884398525559,2965.1982686473925,2915.3582395076455,2925.6206488374423,4936134,14441255555.82856
2026-05-19 00:58:34.826294,HDFCBANK,3018.6536009577867,3043.9350564896677,2964.4966035059438,3018.254809259239,2806972,8472156738.456025
2026-05-20 00:58:34.826294,HDFCBANK,2958.9916591210135,2992.6883082040226,2904.5037211712197,2961.077245530222,2759071,8169822356.902316
2026-05-21 00:58:34.826294,HDFCBANK,2954.089725417551,2977.127259314121,2912.682556208548,2960.01888697984,595619,1763043489.4440453
2026-05-22 00:58:34.826294,HDFCBANK,2962.3796222758847,3018.3803919372526,2963.3115804138934,2968.984455196142,4900372,14549128292.678429
2026-05-25 00:58:34.826294,HDFCBANK,3046.9425217070725,3113.9733531702027,3025.7482991094416,3058.8333924838958,4391598,13433166608.765491
2026-05-26 00:58:34.826294,HDFCBANK,2994.6288186851184,3001.5541222052084,2978.153593431309,2988.090450477745,4558143,13620143570.21198
2026-05-27 00:58:34.826294,HDFCBANK,3046.378207259829,3057.98540544123,3008.576821872711,3036.2082981548983,4734217,14374068940.665989
2026-05-28 00:58:34.826294,HDFCBANK,3027.869614123881,3065.7085510271354,2995.3528166181964,3042.229793699605,2227421,6776326529.312168
2026-05-29 00:58:34.826294,HDFCBANK,3126.69398834243,3160.236779979379,3073.5347997311683,3116.6808663635766,4506107,14044097468.686977
2026-06-01 00:58:34.826294,HDFCBANK,3221.2175552885356,3255.695941457924,3173.176003979069,3221.0165874765044,4479337,14428018777.897243
2026-06-02 00:58:34.826294,HDFCBANK,3280.9813677433294,3304.5239039505177,3226.801724696656,3289.2933528773297,3030346,9967696954.718405
2026-06-03 00:58:34.826294,HDFCBANK,3190.7078189933522,3214.7914751580606,3169.2813728000415,3205.849369782113,655205,2100488536.3280895
2026-06-04 00:58:34.826294,HDFCBANK,3016.452196857348,3041.668504255316,2987.9251983562795,3009.2950448414917,3181052,9572724020.983116
2026-06-05 00:58:34.826294,HDFCBANK,2982.441854374607,3010.03858291405,2918.8987187162,2968.2543076225056,4556974,13526257705.22376
2026-06-08 00:58:34.826294,HDFCBANK,2960.1491458124874,2987.853067957039,2951.5670225976532,2973.821382574935,3471176,10322657411.480932
2026-06-09 00:58:34.826294,HDFCBANK,2942.9987393566457,2956.674030747162,2939.078443542879,2952.3695189331843,4391906,12966529404.419765
2026-06-10 00:58:34.826294,HDFCBANK,2953.269803610872,2993.3574376011056,2906.574306612353,2952.276786677808,4804586,14184467717.397182
2026-06-11 00:58:34.826294,HDFCBANK,2908.891088940067,2947.2612578219378,2915.104976104358,2922.2476263051444,3198177,9345865146.753708
2026-06-12 00:58:34.826294,HDFCBANK,2926.4246476932335,2953.856842213038,2899.2597480005525,2928.439402685483,682506,1998677462.9692583
2026-06-15 00:58:34.826294,HDFCBANK,2945.5856850398673,2981.303766535367,2896.6962588492815,2934.0597995543403,1269680,3725317046.298155
2026-06-16 00:58:34.826294,HDFCBANK,3013.9620091901,3043.131131653691,2953.220127700062,3002.3905760469493,4884679,14665714196.614435
2026-06-17 00:58:34.826294,HDFCBANK,3034.040189876883,3063.9567160186175,2988.195566795289,3032.1063639539216,1999758,6063478958.167767
2026-06-18 00:58:34.826294,HDFCBANK,3004.332455395354,3060.514910517733,2962.4091549152113,3018.832229245943,1600100,4830433450.016434
2026-06-19 00:58:34.826294,HDFCBANK,3021.3884504262583,3017.1568449932406,2992.1521915837498,3014.938228873914,2458279,7411559334.337936
2026-06-22 00:58:34.826294,HDFCBANK,3114.8289568264527,3164.749517455485,3082.2270474162588,3105.2157893474573,509012,1580592099.367328
2026-06-23 00:58:34.826294,HDFCBANK,3095.920861407529,3138.697552192211,3077.785940015554,3085.3936815656252,3570890,11017601443.565876
2026-06-24 00:58:34.826294,HDFCBANK,3041.546174089638,3050.7215514037543,2995.1022574698177,3031.06510055319,3929660,11911055283.039848
2026-06-25 00:58:34.826294,HDFCBANK,2994.3538992878184,3032.880583181384,2948.860696366823,2993.1876899275076,1350153,4041261339.1186943
2026-06-26 00:58:34.826294,HDFCBANK,2959.1767272558454,3013.531668330543,2912.989877100963,2960.9271949137915,4310004,12761608053.78722
2026-06-29 00:58:34.826294,HDFCBANK,2923.6348861077986,2942.0326334897923,2913.1232299581325,2915.3139651343963,2350170,6851483421.439904
2026-06-30 00:58:34.826294,HDFCBANK,2912.0214143370126,2964.5768318203195,2901.154169296345,2912.246926904274,2084492,6070555421.156544
2026-07-01 00:58:34.826294,HDFCBANK,2913.80781856954,2946.6565806071185,2858.646055930092,2899.813536738894,1004204,2912004352.8473444
2026-07-02 00:58:34.826294,HDFCBANK,2895.3273211869946,2924.139558260126,2848.549302911123,2890.2070316258983,774233,2237693660.716814
2026-07-03 00:58:34.826294,HDFCBANK,2933.763596136807,2985.6927658864615,2895.166271807112,2936.0564931241984,3414999,10026629987.962645
2026-07-06 00:58:34.826294,HDFCBANK,2932.4592806109895,2970.8794196381396,2919.141186088863,2924.5264116968997,4114773,12033762316.637287
2026-07-07 00:58:34.826294,HDFCBANK,2920.648723746794,2980.6816246734147,2918.4658036411133,2933.684822957867,1022915,3000910210.675946
2026-07-08 00:58:34.826294,HDFCBANK,2863.987887852496,2887.0370394495812,2860.380838937474,2861.64220524518,4251798,12167124604.977045
2026-07-09 00:58:34.826294,HDFCBANK,2857.349854053874,2918.032319324767,2835.6589619236925,2870.5462933574513,2062485,5920458671.855343
2026-07-10 00:58:34.826294,HDFCBANK,2920.8120270431805,2975.268129983668,2910.0054631534576,2920.1157815381816,2318733,6770968826.473372
2026-07-13 00:58:34.826294,HDFCBANK,2762.3458958925967,2810.956732610603,2726.1145309958865,2769.0477990300355,778833,2156625804.46196
2026-07-14 00:58:34.826294,HDFCBANK,2825.093120471274,2881.565622833606,2774.7188248095217,2827.7824208320853,3900633,11030141427.517519
2026-07-15 00:58:34.826294,HDFCBANK,2763.847813353855,2786.962533835034,2731.828710540281,2777.3900976448526,2097506,5825592394.150664
2026-07-16 00:58:34.826294,HDFCBANK,2712.261885177984,2721.925560050294,2674.0858657043855,2716.7386171359126,3658170,9938291707.04808
2026-07-17 00:58:34.826294,HDFCBANK,2572.1272002199953,2598.63827419076,2563.7042293231248,2573.2959010094105,2524131,6495335955.910785
2026-07-20 00:58:34.826294,HDFCBANK,2589.042952695521,2613.381899477126,2574.19949077443,2584.884002185945,2631723,6802698680.884802
2026-07-21 00:58:34.826294,HDFCBANK,2649.4657619367194,2685.3816950980595,2604.6161657808498,2653.7028893105867,1233442,3273188599.1970286
2026-07-22 00:58:34.826294,HDFCBANK,2717.4022347835157,2721.608359850673,2666.2145376400767,2706.0267383421497,2401766,6499243015.241072
2026-07-23 00:58:34.826294,HDFCBANK,2700.2399140544553,2736.3809906689917,2662.081469612128,2692.8206792787514,4189591,11281817282.520144
2026-07-24 00:58:34.826294,HDFCBANK,2638.6787656750903,2692.052528302595,2646.0052210552267,2651.6584215663765,4926202,13062605019.637127
2026-07-27 00:58:34.826294,HDFCBANK,2554.5688482106184,2595.4549840029736,2513.9510965060167,2564.3937745308285,4587682,11764623160.32714
2026-07-28 00:58:34.826294,HDFCBANK,2478.530267465178,2517.0238465839234,2469.8368273345727,2484.9279761214657,1286360,3196511951.363609
2026-07-29 00:58:34.826294,HDFCBANK,2467.626183189002,2487.0014155621943,2447.627324160842,2457.8261883488963,1404640,3452360977.2023935
2026-07-30 00:58:34.826294,HDFCBANK,2449.4200877897447,2476.4974460237095,2449.2674154141478,2455.2603898880006,1270545,3119518812.0702496
2026-07-31 00:58:34.826294,HDFCBANK,2485.0707234636884,2529.5267890614623,2475.261494680702,2495.5837852178383,3321505,8289094020.519976
2026-08-03 00:58:34.826294,HDFCBANK,2520.84491807453,2520.691257422134,2484.4768612785642,2515.1549887843876,1056552,2657392033.710122
2026-08-04 00:58:34.826294,HDFCBANK,2532.5503816273904,2536.9263368071543,2506.376557708301,2533.9869801020036,800489,2028428703.7148728
2026-08-05 00:58:34.826294,HDFCBANK,2579.0380447545394,2632.71603792261,2557.109348730166,2589.8427580326666,3451791,8939595923.592337
2026-08-06 00:58:34.826294,HDFCBANK,2678.7898540488864,2684.4113194242905,2661.872706833383,2677.264682387091,2957806,7918829541.152632
2026-08-07 00:58:34.826294,HDFCBANK,2727.170817831187,2761.9090254274233,2717.3703767103616,2727.365118127698,1128937,3079023394.3637295
2026-08-10 00:58:34.826294,HDFCBANK,2713.367396923041,2745.56099385615,2700.425946144632,2726.7594320078033,3164056,8627619541.400883
2026-08-11 00:58:34.826294,HDFCBANK,2849.036610599509,2886.188405064356,2838.7074481152076,2858.0556767065837,556152,1589513380.71172
2026-08-12 00:58:34.826294,HDFCBANK,3011.2025176544457,3033.490181289909,2974.6895812468238,3012.5554663731236,4603386,13867955658.125507
2026-08-13 00:58:34.826294,HDFCBANK,3089.460635957615,3114.256096977409,3076.7853783816126,3103.647501454989,2880421,8939811439.78848
2026-08-14 00:58:34.826294,HDFCBANK,3055.7625125497543,3084.1291924903912,3010.967335494987,3060.160063069756,619233,1894952096.3348742
2026-08-17 00:58:34.826294,HDFCBANK,3037.6577868459553,3041.0167895859054,2975.349672773929,3025.9675163619672,513869,1554950901.6654077
2026-08-18 00:58:34.826294,HDFCBANK,2908.985901188673,2926.12256665933,2852.8279991142745,2910.185192426772,4495736,13083424336.259966
2026-08-19 00:58:34.826294,HDFCBANK,3008.770342895165,3058.665341069249,2988.9412592574613,2999.0294415433937,3073979,9218953523.68612
2026-08-20 00:58:34.826294,HDFCBANK,3040.13161300423,3081.7140679860445,3012.0279495226146,3050.997965777047,2520779,7690891601.173498
2026-08-21 00:58:34.826294,HDFCBANK,3080.8897165294206,3144.2502503354044,3058.167753598904,3091.057438005738,2022872,6252813541.733542
2026-08-24 00:58:34.826294,HDFCBANK,3198.135371039036,3239.529419485347,3160.336550266176,3200.9861105879872,2931284,9382999370.188797
2026-08-25 00:58:34.826294,HDFCBANK,3149.0351059939517,3226.762345112327,3140.473967567708,3163.4991530275297,4893699,15481212641.671669
2026-08-26 00:58:34.826294,HDFCBANK,3226.757285037124,3296.214580507243,3176.6007193227824,3240.96754555186,3934062,12750167264.18884
2026-08-27 00:58:34.826294,HDFCBANK,3218.495467431148,3263.0082617865196,3168.1812698362046,3208.345593142183,3231315,10367175240.304234
2026-08-28 00:58:34.826294,HDFCBANK,3030.4062762260355,3019.818855412852,2971.387650023316,3017.6619180817443,3885938,11318184620.06754
2024-09-24 00:58:34.826294,ICICIBANK,676.601137073877,683.201087748063,661.9030198981105,673.3571223016614,3605038,2427478013.468137
2024-09-25 00:58:34.826294,ICICIBANK,684.2695712995913,694.3174269444247,677.7714854042126,687.3754719449918,2340980,1609132232.3137867
2024-09-26 00:58:34.826294,ICICIBANK,688.3198016043845,697.1977120259601,676.7699737514911,688.0243186584969,1439044,990097267.619598
2024-09-27 00:58:34.826294,ICICIBANK,686.2393015178505,698.7651863575725,684.8639329719466,687.1027349951263,3741069,2570498741.705482
2024-09-30 00:58:34.826294,ICICIBANK,683.4611282989877,685.6244905430232,680.0377584415114,685.0306289973612,1783425,1221700749.519619
2024-10-01 00:58:34.826294,ICICIBANK,668.1862421134009,679.7639884659179,660.250881838907,668.9896348109248,833060,557308505.1755891
2024-10-02 00:58:34.826294,ICICIBANK,654.9552171669233,663.9174361862424,654.6780660834607,655.3699184859585,2699494,1769167162.733334
2024-10-03 00:58:34.826294,ICICIBANK,682.7724040642547,693.5511383527639,676.1761804789195,684.9624239010449,2048160,1402912638.137164
2024-10-04 00:58:34.826294,ICICIBANK,694.494198828469,698.1778711999243,682.5867992671228,692.595554369276,1625894,1126086956.2756796
2024-10-07 00:58:34.826294,ICICIBANK,705.2340928264084,717.5023866539077,700.910212485087,703.9389835434642,1494670,1052156480.5329098
2024-10-08 00:58:34.826294,ICICIBANK,701.9550765054786,710.0363649096067,687.5796193083472,701.5924965639331,1294609,908287960.3841368
2024-10-09 00:58:34.826294,ICICIBANK,695.5641745847155,704.9493091137621,692.8185443048447,697.6488600104202,4095775,2857412759.609179
2024-10-10 00:58:34.826294,ICICIBANK,693.473837365404,696.5129917245624,692.6341350509639,693.2943228842197,858773,595382445.54625
2024-10-11 00:58:34.826294,ICICIBANK,693.6256098360924,697.7784068610547,690.6004881424085,693.1226422446799,3728763,2584490062.8641996
2024-10-14 00:58:34.826294,ICICIBANK,665.1730607544343,667.0030130822919,653.67978697263,666.3462595242258,559789,373013306.2728069
2024-10-15 00:58:34.826294,ICICIBANK,673.6075801502499,684.0291919196861,667.3657142845084,673.0614048537213,3812844,2566278139.1280823
2024-10-16 00:58:34.826294,ICICIBANK,676.4731032522338,680.2685160918368,666.0217683073429,673.7557474990002,4527876,3050682478.9627833
2024-10-17 00:58:34.826294,ICICIBANK,656.1858086946945,665.8637858411598,648.8024160196455,656.2396598520187,1662493,1090993840.8263621
2024-10-18 00:58:34.826294,ICICIBANK,671.3823681500693,674.8780503856467,664.7618668575636,672.9193231275281,632141,425379893.8411587
2024-10-21 00:58:34.826294,ICICIBANK,678.6912001434536,680.0675409283939,673.3940197821951,678.764642738803,3502946,2377675890.223319
2024-10-22 00:58:34.826294,ICICIBANK,652.2953219404343,662.9849282530088,651.2062896966787,652.1989502712597,2315689,1510289934.954703
2024-10-23 00:58:34.826294,ICICIBANK,658.0029135576698,669.8439608298099,650.4550865448313,659.0013312296034,1031375,679677497.9969321
2024-10-24 00:58:34.826294,ICICIBANK,665.0083230544104,677.6748204583197,659.8333613842905,666.4080577224855,4091006,2726279362.5910344
2024-10-25 00:58:34.826294,ICICIBANK,684.3434266632846,697.7213483923437,671.3914328583478,684.3547055726544,686589,469870412.94442326
2024-10-28 00:58:34.826294,ICICIBANK,680.6470499638697,683.5277136630327,677.1717446480718,681.6113071899991,721120,491523545.8408522
2024-10-29 00:58:34.826294,ICICIBANK,661.2237580957752,664.6188994859631,659.0877125686712,664.3429594995685,1153724,766468416.6056801
2024-10-30 00:58:34.826294,ICICIBANK,686.8504461173458,695.7518859545556,676.8397538621218,683.8345999769849,4471473,3057747950.262889
2024-10-31 00:58:34.826294,ICICIBANK,668.001509976858,667.6453008038027,664.6888555403689,667.5660807804409,2724013,1818458682.4049711
2024-11-01 00:58:34.826294,ICICIBANK,665.1803366670377,678.442568494151,666.4096734632462,668.3565398688205,1044991,698426568.9540586
2024-11-04 00:58:34.826294,ICICIBANK,661.2741658601605,667.3197167592741,655.8197093464321,658.8427258704562,4381610,2886791876.1012497
2024-11-05 00:58:34.826294,ICICIBANK,682.3331456502139,693.2710543461556,672.3410137306488,684.6766547330391,4990759,3417056176.6988072
2024-11-06 00:58:34.826294,ICICIBANK,670.4774586831677,673.6802624512874,661.1572051580583,669.0165925870213,735612,492136633.7061239
2024-11-07 00:58:34.826294,ICICIBANK,700.5050695463624,715.8579336989062,691.3220026278024,701.8332068082397,1591550,1117002640.2956538
2024-11-08 00:58:34.826294,ICICIBANK,711.8397457441367,717.0454310337258,702.2360092991477,711.0264620177765,3953695,2811181767.7473726
2024-11-11 00:58:34.826294,ICICIBANK,702.8698365479642,704.3912436351058,698.4221088819945,703.9848354499827,1395719,982565010.5494144
2024-11-12 00:58:34.826294,ICICIBANK,744.1426270488407,750.2341597290427,739.708822100181,740.9529666453246,2815323,2086021928.9148152
2024-11-13 00:58:34.826294,ICICIBANK,745.7384523267922,746.8732443163686,739.2565959558406,742.8784178627305,1314110,976223957.6975929
2024-11-14 00:58:34.826294,ICICIBANK,754.3473467771145,764.607022987605,747.6467091094542,755.8810977898124,2645696,1999831596.8981156
2024-11-15 00:58:34.826294,ICICIBANK,724.9139244587021,735.3801152733085,720.3865264322998,724.9761726918151,2073663,1503356265.1926274
2024-11-18 00:58:34.826294,ICICIBANK,729.7133402309611,730.2123615777052,716.2712166479306,727.6608670875409,1869943,1360684344.7842774
2024-11-19 00:58:34.826294,ICICIBANK,720.8499062086473,729.5047166816123,712.7398119494594,719.671012365835,3864593,2781235556.69192
2024-11-20 00:58:34.826294,ICICIBANK,710.0784965194863,710.0259855780913,696.8214313110701,708.8946316195893,4729911,3353008515.938443
2024-11-21 00:58:34.826294,ICICIBANK,694.3780381656496,699.5528770372257,689.4320357975654,697.4779984254666,1698279,1184512237.688003
2024-11-22 00:58:34.826294,ICICIBANK,711.4629035852977,710.846059874749,696.6931402347019,709.7636481050667,920431,653288464.3889947
2024-11-25 00:58:34.826294,ICICIBANK,708.6606543068043,713.8679818639766,698.5315892315504,705.3202038727264,2583820,1822420449.170428
2024-11-26 00:58:34.826294,ICICIBANK,718.2005630775705,721.1762086751919,709.4028443915911,716.4710380139642,4583155,3283697820.22889
2024-11-27 00:58:34.826294,ICICIBANK,714.4587984589261,725.096829096419,698.3057382241562,711.4978926728054,1833986,1304877174.1914277
2024-11-28 00:58:34.826294,ICICIBANK,678.4545973323502,683.2320219891576,676.0214623336551,680.0701170413834,2151141,1462926711.6425185
2024-11-29 00:58:34.826294,ICICIBANK,670.6517448998424,675.2619871201388,666.0232972757223,671.0455740826379,3345929,2245270846.644747
2024-12-02 00:58:34.826294,ICICIBANK,667.966361422399,677.3360738676629,657.3467956170743,667.161518101239,3580640,2388865218.174021
2024-12-03 00:58:34.826294,ICICIBANK,674.6293863226075,672.9477309461955,671.8728075301796,672.5148411698644,2280915,1533949188.9469614
2024-12-04 00:58:34.826294,ICICIBANK,675.9352401854866,681.1705838188076,666.1916818690247,673.9848428925316,4513770,3042212564.3030224
2024-12-05 00:58:34.826294,ICICIBANK,657.4237808281606,663.7504749577838,651.9472926675169,660.3784005645928,1074662,709683572.7075464
2024-12-06 00:58:34.826294,ICICIBANK,666.4320168027981,676.2252799560115,657.4008405609316,664.0468806656023,1961121,1302276282.6578066
2024-12-09 00:58:34.826294,ICICIBANK,661.4945277332328,672.2100008386085,654.0843732556515,661.1938549008045,1491166,985949795.837013
2024-12-10 00:58:34.826294,ICICIBANK,675.3389659465518,687.4478427395519,664.5574844132273,675.2251329450797,4414940,2981078448.4445505
2024-12-11 00:58:34.826294,ICICIBANK,673.0302929888842,673.2140966603218,663.2586722336707,670.2883275932935,2496360,1673280969.4707942
2024-12-12 00:58:34.826294,ICICIBANK,694.4255632094463,693.5938753544937,681.0564603715529,692.0554661235662,1126880,779863463.6653243
2024-12-13 00:58:34.826294,ICICIBANK,727.0904718402629,741.1917559237808,720.4749682463389,729.4028730900951,2452317,1788727065.5276828
2024-12-16 00:58:34.826294,ICICIBANK,745.6796365555537,755.0552858651175,737.7732032738305,747.9741520470302,3304700,2471830180.2698207
2024-12-17 00:58:34.826294,ICICIBANK,740.1269745180155,745.4535068686992,725.8425047089564,739.1376173756366,2833793,2094563006.1557574
2024-12-18 00:58:34.826294,ICICIBANK,721.3339684943245,728.4916214533588,720.2971453679966,721.1950417041753,4908545,3540018315.981821
2024-12-19 00:58:34.826294,ICICIBANK,723.3259579584374,722.8369759322227,712.6743057706855,720.2854860570376,4000777,2881701606.0508165
2024-12-20 00:58:34.826294,ICICIBANK,728.5298175269922,729.4547120851356,718.6640429953235,726.3249303575334,3962513,2878071978.7658205
2024-12-23 00:58:34.826294,ICICIBANK,744.9221334771644,758.2065498512465,738.4291872588046,746.8588511850885,2298950,1716991155.9319592
2024-12-24 00:58:34.826294,ICICIBANK,756.8628224594439,767.6712520133126,744.3929182729499,754.1781303709439,3284629,2477195358.1821833
2024-12-25 00:58:34.826294,ICICIBANK,734.4741459253527,740.8720444676725,727.1880683683614,732.8224283220254,1002827,734894117.3268918
2024-12-26 00:58:34.826294,ICICIBANK,738.3507885734069,750.651651366364,731.1147508400713,737.2587761868302,1199830,884585197.4322445
2024-12-27 00:58:34.826294,ICICIBANK,759.1013125022743,766.4209727811169,753.8902389468261,760.5127479105454,924363,702989845.1968355
2024-12-30 00:58:34.826294,ICICIBANK,719.4646406263237,729.7487994899498,715.4025635001848,722.5458577472652,1334175,964002619.7599576
2024-12-31 00:58:34.826294,ICICIBANK,745.2415258712317,749.985980625701,735.4527984591213,744.5829881765281,4302035,3203222075.5400105
2025-01-01 00:58:34.826294,ICICIBANK,767.6603055478968,779.38209838257,755.8412719343705,764.7678288833301,951436,727627644.0414401
2025-01-02 00:58:34.826294,ICICIBANK,766.2230030484012,784.6651507587867,758.8772211454219,769.7438811922345,2799078,2154573163.4797974
2025-01-03 00:58:34.826294,ICICIBANK,778.9506807413354,782.5268811130405,777.9925508235824,780.2305424560504,4069153,3174877452.526665
2025-01-06 00:58:34.826294,ICICIBANK,779.8283299968724,783.141135094523,768.3105769803732,782.4279907641157,4941225,3866152748.663418
2025-01-07 00:58:34.826294,ICICIBANK,754.3544000618859,764.6030341736176,741.5583338798747,754.0469884300154,1902744,1434758382.9532812
2025-01-08 00:58:34.826294,ICICIBANK,797.6107899995201,809.3307742915937,779.9071862681527,795.2921871538026,4800739,3817990219.2645593
2025-01-09 00:58:34.826294,ICICIBANK,821.0764092579462,837.1924661322387,809.6922234794409,821.5769910680257,1143606,939560376.4473406
2025-01-10 00:58:34.826294,ICICIBANK,848.8309970112228,864.1152917616497,840.7826164974746,852.4910121009368,853082,727244737.5850914
2025-01-13 00:58:34.826294,ICICIBANK,864.6035376451555,867.5313388827929,851.0351903765336,861.1086372750449,3871488,3333771755.906689
2025-01-14 00:58:34.826294,ICICIBANK,839.8655160982659,849.5878824471004,842.9319157358361,843.982568132909,4346305,3668205655.788903
2025-01-15 00:58:34.826294,ICICIBANK,841.6350290360082,855.2078212035897,837.9767505858899,841.4509786926087,3149511,2650159113.3531365
2025-01-16 00:58:34.826294,ICICIBANK,810.7159540169624,813.8004997785991,808.5372016281358,810.4935461137304,4236739,3433849616.0683403
2025-01-17 00:58:34.826294,ICICIBANK,784.9020607941668,786.058097934503,775.5964528580516,784.8157562383852,2632343,2065904262.2238197
2025-01-20 00:58:34.826294,ICICIBANK,786.4479264400123,791.8374874830838,781.4594464855179,790.1510685021444,1109251,876475862.8870722
2025-01-21 00:58:34.826294,ICICIBANK,786.8226708002112,786.559848267102,777.0894363363408,786.1041133674901,4883070,3838601412.8613896
2025-01-22 00:58:34.826294,ICICIBANK,815.2152672768436,824.2021855755196,810.3333863095346,812.4650525565677,4091023,3323813216.7051272
2025-01-23 00:58:34.826294,ICICIBANK,796.6755189478328,806.6409227845958,795.3468010571056,795.9394767219145,2557956,2035978160.1176815
2025-01-24 00:58:34.826294,ICICIBANK,784.3840017933477,795.773472267264,768.3121991551552,781.606581029382,558175,436273253.36607534
2025-01-27 00:58:34.826294,ICICIBANK,787.5649742313517,796.712763837033,775.0714707101428,785.0165634375069,1479314,1161285992.524992
2025-01-28 00:58:34.826294,ICICIBANK,782.2533776858426,793.4521666837062,770.5122016816138,780.8585534386406,2904830,2268261351.7851663
2025-01-29 00:58:34.826294,ICICIBANK,796.4943121363656,803.8681778998186,783.5541412772279,797.868825042952,1306575,1042475460.0804951
2025-01-30 00:58:34.826294,ICICIBANK,824.9344716146379,840.5227942909532,813.1082132807517,828.9372264035462,3315702,2748508819.460691
2025-01-31 00:58:34.826294,ICICIBANK,815.6646213816025,830.1665609866309,802.7929151431382,813.9859530469189,4970299,4045753568.443148
2025-02-03 00:58:34.826294,ICICIBANK,831.3455364921756,849.049645014508,830.480042468024,835.2346980390544,3158121,2637772239.8057966
2025-02-04 00:58:34.826294,ICICIBANK,828.2490047267353,833.8686129655484,824.2450319406182,828.6960263541592,2533783,2099735903.7437208
2025-02-05 00:58:34.826294,ICICIBANK,829.6913368023133,836.5500983671891,819.744123823409,830.260848388971,2551763,2118628913.2675858
2025-02-06 00:58:34.826294,ICICIBANK,818.1390477319703,820.4310545874667,812.0988779335157,815.5850334047888,3384509,2760354885.823808
2025-02-07 00:58:34.826294,ICICIBANK,817.7472645541073,827.3295386837077,801.6713608463224,816.3847570025637,2042620,1667563832.3485765
2025-02-10 00:58:34.826294,ICICIBANK,789.7649272566593,807.1459841387702,785.337000016736,793.6064133329808,3250631,2579721608.9790006
2025-02-11 00:58:34.826294,ICICIBANK,791.3383346183124,791.8239500963915,783.5409874208517,790.3795876660837,1419284,1121773102.7010698
2025-02-12 00:58:34.826294,ICICIBANK,759.2829255453394,765.230264547601,753.6831851798863,761.3591335748677,4492910,3420718064.829859
2025-02-13 00:58:34.826294,ICICIBANK,768.8973796643497,777.9045946346084,757.4423396049231,766.5023973139597,902016,691397426.4155487
2025-02-14 00:58:34.826294,ICICIBANK,794.8711785487061,801.3483666686416,779.1004887548892,794.5579781533396,2135543,1696812728.3395174
2025-02-17 00:58:34.826294,ICICIBANK,783.9352886514113,787.443170929059,779.8583461639674,783.463701837777,3267049,2559614303.625407
2025-02-18 00:58:34.826294,ICICIBANK,778.1906699167079,785.4532340098963,777.20542095636,777.3250948646004,2446698,1901879754.955028
2025-02-19 00:58:34.826294,ICICIBANK,780.870283255667,789.2617679077459,767.9993269208479,778.3013799092646,1119165,871047663.8461521
2025-02-20 00:58:34.826294,ICICIBANK,737.3797782941009,745.9358512163187,726.7188914373563,740.5732734933257,854100,632523632.8906494
2025-02-21 00:58:34.826294,ICICIBANK,761.359000896789,762.9406738135135,756.2254448917321,758.6083685684446,1453487,1102627401.8054428
2025-02-24 00:58:34.826294,ICICIBANK,725.6112413432938,731.1473738628896,716.0751872877755,725.9808530261344,2049904,1488191054.5416849
2025-02-25 00:58:34.826294,ICICIBANK,727.4171077023616,729.2964843274984,723.1388776975298,724.0399334140072,1477987,1070121609.0667683
2025-02-26 00:58:34.826294,ICICIBANK,692.8785115796697,690.6582486851942,676.98370918369,690.1344403683697,3916599,2702979859.0123167
2025-02-27 00:58:34.826294,ICICIBANK,666.399195652971,677.8344382328951,662.6475530087693,665.3042417373997,3044398,2025450902.9368563
2025-02-28 00:58:34.826294,ICICIBANK,668.9782891930492,678.6272631227231,666.008120233921,672.0650855068097,1299428,873300189.9299427
2025-03-03 00:58:34.826294,ICICIBANK,690.3303687127159,704.7398968336336,680.1193317153418,691.4955922157012,2215027,1531681407.138768
2025-03-04 00:58:34.826294,ICICIBANK,678.2841615199573,679.395664268297,667.2444157608954,677.1899443193737,2209959,1496562012.1580987
2025-03-05 00:58:34.826294,ICICIBANK,650.3790147892529,654.4225026014828,636.903936551792,648.9059175371601,1169156,758672246.924076
2025-03-06 00:58:34.826294,ICICIBANK,663.7566712263013,669.5353137176709,665.1323976838192,665.9745136554918,1813981,1208065114.2553027
2025-03-07 00:58:34.826294,ICICIBANK,694.4711511892239,701.0358132941658,688.0639206100603,692.4253737877034,2115263,1464661773.4342988
2025-03-10 00:58:34.826294,ICICIBANK,685.8186525145683,688.6845978242353,685.8371990439853,688.1320584715769,1129275,777090330.33049
2025-03-11 00:58:34.826294,ICICIBANK,723.2411166536272,727.1561811769075,719.8312571872086,723.5791392075349,774722,560572677.8851398
2025-03-12 00:58:34.826294,ICICIBANK,738.3416670782442,743.1574953306241,724.8505573400212,735.5790061728895,3304716,2430879710.963647
2025-03-13 00:58:34.826294,ICICIBANK,759.8911667645858,769.0112901536236,756.1194153328457,763.435715201475,1019071,777995197.7260823
2025-03-14 00:58:34.826294,ICICIBANK,802.1795726644999,806.6373554378247,790.6962646143071,804.7029855929399,755672,608091514.528988
2025-03-17 00:58:34.826294,ICICIBANK,799.9901410137243,797.7454866711732,790.9303124910541,796.490111556821,4283287,3411595740.4598813
2025-03-18 00:58:34.826294,ICICIBANK,797.7351266209669,795.4166670661458,783.8736397453628,794.0958992410605,1938448,1539313607.6920352
2025-03-19 00:58:34.826294,ICICIBANK,797.2308568155614,809.0079502508627,786.0056943528522,793.4838564701363,4019073,3189069543.475
2025-03-20 00:58:34.826294,ICICIBANK,808.1877914997106,814.2001302277075,796.494677168113,810.9226353225305,1916743,1554330284.796013
2025-03-21 00:58:34.826294,ICICIBANK,807.8270167807201,814.2959308140519,792.1869578106653,804.5149654008753,2000996,1609831227.70729
2025-03-24 00:58:34.826294,ICICIBANK,786.240518557742,794.740706362934,771.3809613238456,784.3585971595613,1591426,1248248664.843252
2025-03-25 00:58:34.826294,ICICIBANK,804.2793084145077,811.3647245812881,798.986352810672,802.7908809520588,1002704,804961627.4941533
2025-03-26 00:58:34.826294,ICICIBANK,801.0215462294191,806.6389281765385,794.3615028916385,799.0727026447802,3873546,3095244871.0388775
2025-03-27 00:58:34.826294,ICICIBANK,809.4312904803172,818.2394826085108,791.866041016638,806.9946003391559,3643526,2940305808.1953235
2025-03-28 00:58:34.826294,ICICIBANK,815.351963876582,828.7108404364519,814.0927566527271,818.0889488470314,1930954,1579692128.1319706
2025-03-31 00:58:34.826294,ICICIBANK,799.4416296729127,797.8126729480106,785.779097655251,796.2281881812377,3150786,2508744628.126809
2025-04-01 00:58:34.826294,ICICIBANK,797.1732722573781,800.5017462970461,779.6914343215358,794.8595496022839,3925858,3120505721.6825233
2025-04-02 00:58:34.826294,ICICIBANK,799.0789580578104,800.9781475961015,796.166040881981,796.2861382339188,2255409,1795950922.7480245
2025-04-03 00:58:34.826294,ICICIBANK,811.2168397731646,817.443127529319,798.4012458843172,812.8697520815292,2867008,2330504082.1757607
2025-04-04 00:58:34.826294,ICICIBANK,772.1538463301548,769.6464747708567,761.3193202589301,768.5637224143743,3341423,2568096499.0410056
2025-04-07 00:58:34.826294,ICICIBANK,777.0984728223077,778.1663996520025,770.8588434721202,776.7230670409648,4723334,3668722471.1388683
2025-04-08 00:58:34.826294,ICICIBANK,755.3475358231651,764.8447482734701,746.7248485283949,756.7317312127199,519198,392893601.3821817
2025-04-09 00:58:34.826294,ICICIBANK,754.9623216067059,755.4899099310632,741.1792345342374,753.4292053556745,570511,429839649.37667125
2025-04-10 00:58:34.826294,ICICIBANK,737.8114452181171,749.5925005371404,729.8778008295105,736.4964894365395,4552455,3352867125.8178215
2025-04-11 00:58:34.826294,ICICIBANK,725.5276330890239,735.1946376708107,716.3444638753765,722.6810663515337,1203365,869649101.4101133
2025-04-14 00:58:34.826294,ICICIBANK,724.7977496509419,739.1983372739912,715.2809130260433,725.6602453608147,3720511,2699826925.1276097
2025-04-15 00:58:34.826294,ICICIBANK,725.0015574763247,733.4168928819432,713.1128530193652,721.910011446833,1008102,727758926.3595753
2025-04-16 00:58:34.826294,ICICIBANK,779.7755814718654,787.3459392518386,767.6147592257454,782.7826191654868,3870268,3029578521.91237
2025-04-17 00:58:34.826294,ICICIBANK,801.487164117046,804.4346469421977,791.5746743972369,802.9370910647359,4688579,3764633983.4872084
2025-04-18 00:58:34.826294,ICICIBANK,807.8756298165177,810.5910988694703,801.1911696366773,805.9895799083536,1328267,1070569361.3361291
2025-04-21 00:58:34.826294,ICICIBANK,805.7152133885487,806.3171483468743,793.2425763172014,805.965925325734,4858715,3915958730.869024
2025-04-22 00:58:34.826294,ICICIBANK,792.1020362570156,807.1036691978379,780.814930489294,793.5535346508746,2860532,2269985279.5819354
2025-04-23 00:58:34.826294,ICICIBANK,786.7325168393663,790.5683159412617,777.3537914546018,785.4647607460905,1124109,882948006.737527
2025-04-24 00:58:34.826294,ICICIBANK,776.8620171192925,782.5590500712781,764.1058826374785,777.2908542542078,853126,663127037.3264753
2025-04-25 00:58:34.826294,ICICIBANK,784.1493625595066,797.3404530523148,782.6283008729478,784.2787130627553,4943830,3877340630.0010414
2025-04-28 00:58:34.826294,ICICIBANK,784.842373906068,803.0660296503135,778.4105629600333,787.669913643702,3260262,2568010287.995843
2025-04-29 00:58:34.826294,ICICIBANK,785.6872523645862,793.830438718779,782.2281525962646,785.6105007836856,1608191,1263411736.865816
2025-04-30 00:58:34.826294,ICICIBANK,791.0216266329443,790.6337455431394,780.2449709431812,789.295406405897,3693070,2914923186.535426
2025-05-01 00:58:34.826294,ICICIBANK,781.9158731398256,795.6491705941639,773.1401173549646,781.3629120100276,4457127,3482633731.918518
2025-05-02 00:58:34.826294,ICICIBANK,783.3832328626085,795.2431729923647,784.8006763735624,786.2367794331426,3807689,2993745136.443003
2025-05-05 00:58:34.826294,ICICIBANK,792.9339811749461,795.7844849472555,787.1253364684586,795.2896782290841,597739,475375656.9749745
2025-05-06 00:58:34.826294,ICICIBANK,783.2525372204585,793.9040363160532,771.8446687596528,786.5202724264947,982974,773128978.2681612
2025-05-07 00:58:34.826294,ICICIBANK,761.8350861691027,761.3414500306917,756.7558108739386,760.1645378394747,1312879,998004058.2741518
2025-05-08 00:58:34.826294,ICICIBANK,717.650921399722,729.2262018299682,715.9351300455712,716.4067920284047,4619717,3309596636.0490856
2025-05-09 00:58:34.826294,ICICIBANK,724.3292422542771,730.1865306203501,714.1867593250957,722.0731166295179,715363,516544390.93144184
2025-05-12 00:58:34.826294,ICICIBANK,692.2172407813011,699.3661003943228,677.34691855156,689.06262126373,3009007,2073394250.8209124
2025-05-13 00:58:34.826294,ICICIBANK,689.002566729865,697.6603466862273,681.5172903415254,690.0100119178504,935926,645798310.414226
2025-05-14 00:58:34.826294,ICICIBANK,689.5935979463185,698.7049889802404,687.5563882698805,690.8261427291218,1296651,895760408.7958585
2025-05-15 00:58:34.826294,ICICIBANK,694.3589424059653,702.0560369107852,686.5406661545211,696.8440578509773,625312,435744951.5029103
2025-05-16 00:58:34.826294,ICICIBANK,691.5103268741169,694.9483211430927,679.7907408010714,688.6442778935777,3979317,2740333881.974638
2025-05-19 00:58:34.826294,ICICIBANK,681.7942534818594,696.893827073138,676.7271874342186,684.5115100108039,4604066,3151536169.849402
2025-05-20 00:58:34.826294,ICICIBANK,679.2725475081322,688.1362802866097,673.8989473975876,677.3736101994239,1274079,863027491.9092717
2025-05-21 00:58:34.826294,ICICIBANK,682.9263845993639,695.8421157513731,681.5032838302963,682.7272026712609,2944958,2010602937.324351
2025-05-22 00:58:34.826294,ICICIBANK,668.8438255866948,680.4703131159687,663.6083083981637,667.6217446638645,3020651,2016652290.6406472
2025-05-23 00:58:34.826294,ICICIBANK,672.2765662359842,682.3636986043089,659.8465934089659,669.8553878601487,2128042,1425480399.2926865
2025-05-26 00:58:34.826294,ICICIBANK,646.6647198365722,652.7381721251419,647.9424255397053,648.4068053436055,1407043,912336256.6110827
2025-05-27 00:58:34.826294,ICICIBANK,643.7527905992525,652.5287543832852,633.5068311645592,641.6261001385809,2048843,1314591143.8862305
2025-05-28 00:58:34.826294,ICICIBANK,652.8232397058388,654.7917556558322,643.9406025772482,653.787394023972,835314,546117763.2517401
2025-05-29 00:58:34.826294,ICICIBANK,679.6816614816711,690.5230299109711,668.2373445048345,678.1454843288833,3551382,2408353666.4268785
2025-05-30 00:58:34.826294,ICICIBANK,672.4278224665666,680.2239734574022,661.7707831193165,670.2248273573792,3914057,2623298177.091942
2025-06-02 00:58:34.826294,ICICIBANK,668.9921785309218,681.5601349452099,660.7649013027526,669.4811247365275,1828143,1223907231.8192096
2025-06-03 00:58:34.826294,ICICIBANK,650.2445524941329,651.9927775435244,647.1217323167266,650.9061639688031,4396998,2862033101.1584992
2025-06-04 00:58:34.826294,ICICIBANK,615.3177353373092,618.4393786232777,612.3273839007103,615.0487945818262,2213616,1361481852.4670439
2025-06-05 00:58:34.826294,ICICIBANK,664.7130300714873,666.7880093379761,653.8930458180109,664.5309916806632,2745196,1824267820.2377899
2025-06-06 00:58:34.826294,ICICIBANK,674.6546599748671,682.50453194318,672.7711703802936,674.7601374583546,3990145,2692390788.6787663
2025-06-09 00:58:34.826294,ICICIBANK,641.1674057149102,647.562105656268,631.9119343095159,642.2941416342028,4721486,3032582797.6079054
2025-06-10 00:58:34.826294,ICICIBANK,651.2689126205464,652.4107288577783,641.5098470680023,649.5141881873625,2062244,1339456737.504259
2025-06-11 00:58:34.826294,ICICIBANK,669.2221497424994,684.2045707888503,658.1669875333818,670.9434124099848,815050,546852428.2847581
2025-06-12 00:58:34.826294,ICICIBANK,654.9068871262533,663.6413584308573,644.0022153873285,654.4928240702777,2880201,1885070886.380038
2025-06-13 00:58:34.826294,ICICIBANK,649.6829130640928,657.3235732060897,635.8226318890518,648.2502901648918,4086203,2648882280.4226513
2025-06-16 00:58:34.826294,ICICIBANK,646.6131099481736,654.2109165608867,635.0176305093668,645.9900131343702,4266793,2756305666.111639
2025-06-17 00:58:34.826294,ICICIBANK,649.4440749847606,657.8464289520848,645.3061694172462,648.3426001147299,3011648,1952579694.950326
2025-06-18 00:58:34.826294,ICICIBANK,623.3743558538926,626.016724068331,617.8641272130711,624.1778792368274,4079520,2546346141.904222
2025-06-19 00:58:34.826294,ICICIBANK,594.2648087786705,606.3848464950747,587.2604083624425,594.5280217876002,4651061,2765186095.5434575
2025-06-20 00:58:34.826294,ICICIBANK,596.0415524701319,598.3094584578208,584.4547008308286,594.3390988891437,2413587,1434489122.6705515
2025-06-23 00:58:34.826294,ICICIBANK,596.6980371226754,604.3204342764968,592.5024305536151,596.0121167778191,809199,482292408.8844944
2025-06-24 00:58:34.826294,ICICIBANK,595.857524429364,603.1200905448286,588.5509328176006,595.5678498057626,4787424,2851235817.7885036
2025-06-25 00:58:34.826294,ICICIBANK,601.9002593122095,610.1802403198687,587.7711592967598,599.4115402913666,3700185,2217933590.2130103
2025-06-26 00:58:34.826294,ICICIBANK,578.8208833554921,589.0858725323429,568.2323901680982,577.8533949387025,2895554,1673205709.1283398
2025-06-27 00:58:34.826294,ICICIBANK,583.26389075551,589.6012230924039,581.8163126792726,584.603614346002,1165522,681368373.799781
2025-06-30 00:58:34.826294,ICICIBANK,584.6785310421222,589.8017462204388,587.5441086617323,587.591828008114,1243192,730489459.8450633
2025-07-01 00:58:34.826294,ICICIBANK,584.1348331858429,587.8139800966799,579.2097915708674,582.8534970260533,960498,559829618.1865302
2025-07-02 00:58:34.826294,ICICIBANK,564.1313252825936,572.0268488653676,551.6835138484031,562.6587298410287,3332376,1874990447.512728
2025-07-03 00:58:34.826294,ICICIBANK,555.175347764138,559.5053641412844,551.0033438677332,554.3880414334874,1918784,1063750903.6939126
2025-07-04 00:58:34.826294,ICICIBANK,566.4142801869903,570.4102916792664,563.3431674798761,567.9914891255048,3736581,2122346206.428068
2025-07-07 00:58:34.826294,ICICIBANK,552.0679209867819,549.3755927616862,547.1994477726123,549.3662129111231,1871318,1028038882.812417
2025-07-08 00:58:34.826294,ICICIBANK,532.0044550819514,541.3214659802869,529.9052079880407,533.6674001514477,1914132,1021509847.986691
2025-07-09 00:58:34.826294,ICICIBANK,522.8251113753475,524.6034112036998,518.8119950085448,523.0486581634399,2298336,1202141560.8087277
2025-07-10 00:58:34.826294,ICICIBANK,503.8852945865585,511.2859316077796,504.9017516449309,505.89267768315983,1457867,737524240.3359152
2025-07-11 00:58:34.826294,ICICIBANK,512.2274626901523,516.531474667479,503.34846866114106,510.74370940800736,1718710,877820320.7966363
2025-07-14 00:58:34.826294,ICICIBANK,484.67824316601195,488.7745249058619,484.12072799199336,485.07349858004517,2317851,1124328093.7572563
2025-07-15 00:58:34.826294,ICICIBANK,487.0474494898582,491.94183312228233,482.3726184365184,486.9312890749679,4115501,2003966207.1193194
2025-07-16 00:58:34.826294,ICICIBANK,491.75519822794314,498.74339609296953,483.20889758084564,490.57527459993895,1011213,496076095.15402806
2025-07-17 00:58:34.826294,ICICIBANK,489.36856782968107,497.2276934053935,490.32864404003993,491.1176058672813,4003965,1966417704.7763891
2025-07-18 00:58:34.826294,ICICIBANK,505.50835069182915,508.3793881364077,503.189445306204,504.5264298133846,4957952,2501417821.74613
2025-07-21 00:58:34.826294,ICICIBANK,505.52875902763003,509.8906729499129,500.1315549899283,503.70509043109183,1427976,719278780.2134287
2025-07-22 00:58:34.826294,ICICIBANK,495.2098192829186,502.89137816171325,488.35773900931304,497.54466114678047,1675294,833533585.5512345
2025-07-23 00:58:34.826294,ICICIBANK,506.8517767598403,516.2039169950606,504.98186624724895,506.3637442302857,2533839,1283044203.3167229
2025-07-24 00:58:34.826294,ICICIBANK,486.8205453873828,494.253818223038,481.3748612778956,486.48824908000717,4618684,2246935492.213844
2025-07-25 00:58:34.826294,ICICIBANK,491.1608488635111,498.926944665504,487.1437092028205,493.177618068533,2736489,1349575126.8907418
2025-07-28 00:58:34.826294,ICICIBANK,492.25700110111745,498.6108658901036,483.56268348123626,491.133732831749,4173493,2049743196.0371747
2025-07-29 00:58:34.826294,ICICIBANK,502.3742382577906,503.71929691499713,497.4995505357325,501.55447558639935,2536966,1272426651.7105253
2025-07-30 00:58:34.826294,ICICIBANK,515.599470522131,523.9843217145363,513.367807869468,514.1796663502492,4067269,2091307017.3767118
2025-07-31 00:58:34.826294,ICICIBANK,515.012719193856,518.047681153836,512.5089760823079,514.82976579878,3644349,1876219342.1590183
2025-08-01 00:58:34.826294,ICICIBANK,530.3548595813006,536.7525191332213,530.2203951437363,530.3240441294672,2868398,1521180427.5328755
2025-08-04 00:58:34.826294,ICICIBANK,532.913757075836,540.1387820481061,521.162744792705,531.4246702235711,4249586,2258334838.6367044
2025-08-05 00:58:34.826294,ICICIBANK,511.96379194232657,519.7113102675127,509.2216884372542,513.6040185620142,656454,337157412.40110844
2025-08-06 00:58:34.826294,ICICIBANK,499.4942687792147,505.98062118639865,492.4918106627019,500.3206591610634,1752143,876633340.7044431
2025-08-07 00:58:34.826294,ICICIBANK,489.9787729639209,501.8721477566353,484.3523824581688,492.32691246929335,2937452,1446186673.6867507
2025-08-08 00:58:34.826294,ICICIBANK,495.10245919637623,501.37263650791044,490.01925939564984,493.8621062256884,2708303,1337528223.8773506
2025-08-11 00:58:34.826294,ICICIBANK,496.18088476319537,498.7640515952487,486.0394865330347,494.9355252681888,1980634,980286129.1540339
2025-08-12 00:58:34.826294,ICICIBANK,480.08733139136285,484.45809959372207,476.33101790713005,481.641963843252,3238343,1559721882.1180482
2025-08-13 00:58:34.826294,ICICIBANK,491.3098962351739,496.37592827330656,487.3523326603243,492.1997390447585,3947557,1942986525.2643096
2025-08-14 00:58:34.826294,ICICIBANK,470.5264720460208,473.7617223887381,465.4568618549795,468.85568909682166,4873415,2284928348.0797873
2025-08-15 00:58:34.826294,ICICIBANK,462.9735841755686,467.93814654734956,459.35693173735046,464.14445277656097,4078902,1893199736.7192202
2025-08-18 00:58:34.826294,ICICIBANK,458.948896749264,458.9305046386534,455.7929766665616,457.8221284715315,3005168,1375832410.1745355
2025-08-19 00:58:34.826294,ICICIBANK,456.67582957264074,460.521753822109,453.6437339308779,457.22608280169356,4275092,1954683568.7768579
2025-08-20 00:58:34.826294,ICICIBANK,463.11905492693194,464.75733493492714,457.12851331406836,461.76368033276947,2333185,1077380092.4972126
2025-08-21 00:58:34.826294,ICICIBANK,463.0165106506474,464.59089989473875,455.79639026004736,462.4435106179967,3769083,1742987974.330611
2025-08-22 00:58:34.826294,ICICIBANK,455.42566759028404,459.2788074716124,447.83875622230323,455.2112115809116,3866136,1759908452.6965792
2025-08-25 00:58:34.826294,ICICIBANK,443.5842265896944,452.58037530570226,439.7347196053556,444.724967214186,3166601,1408266525.9054086
2025-08-26 00:58:34.826294,ICICIBANK,449.1054201549161,456.4669473909624,441.2800368761708,448.61564456608284,2816744,1263635425.1376464
2025-08-27 00:58:34.826294,ICICIBANK,457.0239337005889,463.43775287561886,452.6035126500734,456.56024167372675,3977356,1815902616.582447
2025-08-28 00:58:34.826294,ICICIBANK,457.954563138075,458.30593412913396,456.91507017078214,457.7376973001727,3479465,1592682296.9365456
2025-08-29 00:58:34.826294,ICICIBANK,448.87760163843814,447.9376864979604,445.8879440119863,447.4037400594027,4553899,2037431444.452774
2025-09-01 00:58:34.826294,ICICIBANK,466.66441839429484,465.2986086359765,462.6599581008883,465.2879446957256,3858296,1795218615.8677394
2025-09-02 00:58:34.826294,ICICIBANK,459.0663098714553,464.1432701518835,451.5515376640715,458.6808406492658,1917098,879336122.2470262
2025-09-03 00:58:34.826294,ICICIBANK,447.4862000370695,452.01841841300677,440.96873764153787,447.45968243753845,4744348,2122904449.4531705
2025-09-04 00:58:34.826294,ICICIBANK,457.8372895450665,463.41546219067095,449.6227853509673,457.8435873517935,4576999,2095549641.4655714
2025-09-05 00:58:34.826294,ICICIBANK,453.65943189957557,457.6047091472285,454.07471728548364,454.1069497228897,3465915,1573896088.6488092
2025-09-08 00:58:34.826294,ICICIBANK,438.9361696943547,438.6999281066427,434.0180990495066,438.4388648808643,676251,296494720.8145493
2025-09-09 00:58:34.826294,ICICIBANK,440.8190043105089,444.31555942393067,437.11194715383186,439.4819517166884,2029546,891948837.1787981
2025-09-10 00:58:34.826294,ICICIBANK,445.9184657246491,447.0446010993152,438.1272357883178,444.64602920184484,691750,307583890.70037615
2025-09-11 00:58:34.826294,ICICIBANK,448.8830098658059,449.91311160625617,440.27158885186515,448.3886234962901,3312627,1485344260.686645
2025-09-12 00:58:34.826294,ICICIBANK,427.0299396323948,436.78916175088017,428.24949559959606,428.3121190173331,3952572,1692934488.8885782
2025-09-15 00:58:34.826294,ICICIBANK,418.6561501863141,421.32611132868203,419.5312427689427,419.6486890936224,3133913,1315142482.1834614
2025-09-16 00:58:34.826294,ICICIBANK,411.2982899980214,416.0356536187249,403.84203879820456,410.3447804483295,2086578,856216391.2983145
2025-09-17 00:58:34.826294,ICICIBANK,416.45482022721677,421.18046887255446,411.96732264818627,417.470532099898,1815856,758066370.5367924
2025-09-18 00:58:34.826294,ICICIBANK,416.16721123816393,422.22560646105694,411.13806693917047,416.41802604533046,2570203,1070278859.7957865
2025-09-19 00:58:34.826294,ICICIBANK,436.6026512976139,445.1381107357189,431.9742895305531,438.29161767549607,4075341,1786187799.4692738
2025-09-22 00:58:34.826294,ICICIBANK,429.49490906949075,430.1568151173106,426.52816930071896,428.8266496860123,707932,303580107.76551807
2025-09-23 00:58:34.826294,ICICIBANK,421.41357822237035,424.2260719754874,419.94212587184666,421.86422611137255,4615617,1947163693.731495
2025-09-24 00:58:34.826294,ICICIBANK,422.63195763740225,426.72367105158094,416.58016626839947,421.3453473015472,570408,240338756.8635809
2025-09-25 00:58:34.826294,ICICIBANK,427.4952958908359,436.5410931553893,427.0309656787313,428.670054554727,736192,315583464.80275357
2025-09-26 00:58:34.826294,ICICIBANK,433.4856149078967,440.5669325374883,425.9256584287648,432.2108051064661,4179956,1806622148.0696037
2025-09-29 00:58:34.826294,ICICIBANK,431.94283488668106,435.42116078919264,427.9550123088405,429.82440757605707,4843169,2081712246.2157247
2025-09-30 00:58:34.826294,ICICIBANK,428.8463673921172,432.9123336193584,430.05896454520047,430.1202998739118,1488652,640299444.6478986
2025-10-01 00:58:34.826294,ICICIBANK,430.26860052872365,431.7960200004836,422.48599496888926,429.48822699109496,3978511,1708723635.4545681
2025-10-02 00:58:34.826294,ICICIBANK,425.29974019284424,429.98778803713185,417.6737942201482,425.8995232026511,2258185,961759914.8033787
2025-10-03 00:58:34.826294,ICICIBANK,417.8551123407559,424.97841941519596,412.6083350776021,418.935244186649,1898366,795292423.7656322
2025-10-06 00:58:34.826294,ICICIBANK,429.8302843954414,435.3517961832915,428.0139032083857,431.03287405573576,4865307,2097107259.3734896
2025-10-07 00:58:34.826294,ICICIBANK,435.92897232037996,440.1593219142058,430.6082255914569,434.74686844209947,2832229,1231302688.4608989
2025-10-08 00:58:34.826294,ICICIBANK,425.37172048922054,426.1816959762476,417.7931711263657,424.18669867789583,951930,403796044.0724494
2025-10-09 00:58:34.826294,ICICIBANK,411.99065117157824,417.7041452005119,404.0570067846935,410.4908231502887,3899459,1600692134.7508016
2025-10-10 00:58:34.826294,ICICIBANK,383.1358359982694,391.0188346820213,380.5771945395704,383.48859117332677,1405954,539167318.7145034
2025-10-13 00:58:34.826294,ICICIBANK,368.2072376659694,368.882047019397,360.4873430351821,367.6975155175934,4644475,1707761918.3835745
2025-10-14 00:58:34.826294,ICICIBANK,376.1204383221742,381.01044450535227,374.86097545531305,375.3547674395497,3493091,1311148359.950184
2025-10-15 00:58:34.826294,ICICIBANK,378.83829720398256,383.69746781564174,372.76649912457873,377.8429914547065,3365883,1271775301.6065419
2025-10-16 00:58:34.826294,ICICIBANK,365.71505982376317,370.066873872117,365.66823000162424,366.4776646114252,2499657,916068459.6896013
2025-10-17 00:58:34.826294,ICICIBANK,383.55302460035716,385.53295334486097,380.98332903946533,383.662034239167,4679388,1795303519.074347
2025-10-20 00:58:34.826294,ICICIBANK,388.5180588028201,391.6270122703237,389.23637473983416,389.83335495032867,4575224,1783574921.5692625
2025-10-21 00:58:34.826294,ICICIBANK,381.52849859244,383.96356619976,376.9184455168723,379.93315408688227,577354,219355926.2446778
2025-10-22 00:58:34.826294,ICICIBANK,385.93546655240414,390.6482383551281,378.6871009975924,385.80032373613994,3769508,1454277406.7259693
2025-10-23 00:58:34.826294,ICICIBANK,379.33826742299425,382.8105521617781,373.13408882343396,380.56103685526244,4585952,1745234648.0884645
2025-10-24 00:58:34.826294,ICICIBANK,377.1827704347256,377.83965172413366,376.5540267985087,377.66923489654323,941752,355670757.30228937
2025-10-27 00:58:34.826294,ICICIBANK,354.9442391911617,363.69426851797505,354.64438034070366,356.6334739337958,3520346,1255473223.4289424
2025-10-28 00:58:34.826294,ICICIBANK,352.8909933926333,358.401794494501,347.1869369798853,351.4026529085573,2741928,963520773.2842547
2025-10-29 00:58:34.826294,ICICIBANK,350.61685581308365,352.83605554026144,348.8683211860306,352.26122418818926,3732577,1314842143.396679
2025-10-30 00:58:34.826294,ICICIBANK,360.1777761456912,364.88677393976036,357.3518075902126,360.51604109017734,849135,306126788.55110776
2025-10-31 00:58:34.826294,ICICIBANK,353.3229095826876,355.55822946528565,346.9148463382625,351.7958452617076,1957466,688628406.0410538
2025-11-03 00:58:34.826294,ICICIBANK,357.19329178871305,356.82775526638204,354.1479537618319,355.7826659157423,3614917,1286124807.3241374
2025-11-04 00:58:34.826294,ICICIBANK,360.05764931037027,362.48662411715975,357.77135509583036,361.4771024383047,961322,347495891.070196
2025-11-05 00:58:34.826294,ICICIBANK,352.0477414914565,355.6632820563287,345.74834471715906,352.6784036262828,3701297,1305367517.3067496
2025-11-06 00:58:34.826294,ICICIBANK,352.2924115980121,357.32958831157987,352.8069513697114,353.5059822654105,947905,335090088.119294
2025-11-07 00:58:34.826294,ICICIBANK,334.723880862684,338.87045371800224,328.98379354157953,335.3325217524899,1008469,338172452.8792118
2025-11-10 00:58:34.826294,ICICIBANK,334.4239357329891,335.22269047214775,332.18905409329386,334.7880906941682,1729747,579098695.5139654
2025-11-11 00:58:34.826294,ICICIBANK,338.14786737785005,340.9109845681689,335.155063242502,339.3500448564296,1275299,432772772.8553598
2025-11-12 00:58:34.826294,ICICIBANK,337.9900595753298,342.61356428680386,335.32073790387864,339.45847592633584,511357,173584467.87426332
2025-11-13 00:58:34.826294,ICICIBANK,353.81176534567663,354.22390415657924,347.1092352133504,354.0884557574466,4538072,1606878906.596107
2025-11-14 00:58:34.826294,ICICIBANK,345.1696274238902,351.0108895016456,343.37785688653156,345.62891375378115,1995298,689632680.355092
2025-11-17 00:58:34.826294,ICICIBANK,355.889927354914,358.7445593309215,353.5401279140689,355.9788624191642,1860265,662215018.4981865
2025-11-18 00:58:34.826294,ICICIBANK,348.7633063665874,352.9622322721199,344.2046869361243,350.4389252614529,3356804,1176354786.0733461
2025-11-19 00:58:34.826294,ICICIBANK,352.8799837627719,353.23378648676555,348.04519353034357,352.2094005262691,2282700,803988398.5813146
2025-11-20 00:58:34.826294,ICICIBANK,328.5584335947824,331.8568304541419,326.30154800595807,327.2747609853739,4277293,1399850044.239413
2025-11-21 00:58:34.826294,ICICIBANK,339.74805586977914,340.5444027361863,335.42880995840306,338.5029320831781,4311336,1459399877.1957607
2025-11-24 00:58:34.826294,ICICIBANK,341.00999381288955,346.7199766805283,334.5687789778795,340.9208676897193,3873898,1320692667.5014682
2025-11-25 00:58:34.826294,ICICIBANK,341.9617789724162,340.5529837967374,334.2207772538712,340.49881601058394,3954568,1346525721.8333428
2025-11-26 00:58:34.826294,ICICIBANK,334.8445724253024,338.131186393464,332.8791073547213,336.3433622866402,2363247,794862441.8938155
2025-11-27 00:58:34.826294,ICICIBANK,331.30368921698016,335.37786572516694,328.19272555813893,331.3702095033827,4832823,1601453570.0027664
2025-11-28 00:58:34.826294,ICICIBANK,330.59411058305517,330.7479027829907,327.360317976901,329.1643009138271,3309355,1089321525.0506783
2025-12-01 00:58:34.826294,ICICIBANK,329.6551368450516,328.7777954336293,324.27190480354034,328.2739637465665,2653619,871114027.4032
2025-12-02 00:58:34.826294,ICICIBANK,337.1386526277442,339.92963138547685,331.8545056776251,336.52706196771874,2644386,889907451.2885679
2025-12-03 00:58:34.826294,ICICIBANK,332.7317205461097,339.5167290640469,332.8892654295936,333.82414454963873,3372623,1125862987.8634362
2025-12-04 00:58:34.826294,ICICIBANK,340.2481042714018,341.09855671582517,336.8720987520285,340.58592312355273,3530298,1202369803.231232
2025-12-05 00:58:34.826294,ICICIBANK,349.5522035338032,355.5288301816055,343.7998857133158,348.9598588038852,2845286,992890600.8166713
2025-12-08 00:58:34.826294,ICICIBANK,355.7196330666187,362.205759598649,352.1710929470399,355.573481995381,500184,177852166.51837763
2025-12-09 00:58:34.826294,ICICIBANK,360.375783936536,364.4491099628207,357.20222068219465,360.15534850331403,4504959,1622485078.6381412
2025-12-10 00:58:34.826294,ICICIBANK,357.41144588807896,357.52496576543746,352.25299149486005,356.20575107788034,3156560,1124384825.6223938
2025-12-11 00:58:34.826294,ICICIBANK,360.808272710222,366.51699168803407,353.6438570546985,360.0082147320815,4880489,1757016131.9095619
2025-12-12 00:58:34.826294,ICICIBANK,366.59906662469047,371.2822632339903,363.67673650346535,366.5670276055223,4109175,1506288065.660922
2025-12-15 00:58:34.826294,ICICIBANK,363.2327090607156,369.9341379585912,356.58493971014514,363.3483346293322,4261262,1548322451.1192575
2025-12-16 00:58:34.826294,ICICIBANK,359.2790393433319,358.85435378658445,351.77970552336996,357.86399479913587,2306106,825272305.590256
2025-12-17 00:58:34.826294,ICICIBANK,370.95622954202986,371.9686136799503,365.46969454402296,369.30042039845335,4548792,1679870797.9051213
2025-12-18 00:58:34.826294,ICICIBANK,377.5201017742775,380.70149786889397,368.98907077875333,376.4693935572712,1888963,711136755.0621237
2025-12-19 00:58:34.826294,ICICIBANK,367.4197535028735,372.8312009947793,361.7556900971797,367.58254344163475,1493830,549105830.8694172
2025-12-22 00:58:34.826294,ICICIBANK,368.9869101357845,375.3333693742143,364.9779644169381,369.0086801137265,3564487,1315326643.1525366
2025-12-23 00:58:34.826294,ICICIBANK,368.59323839275936,369.71473996203264,366.0164193000926,368.9191755447992,4004214,1477231327.5849426
2025-12-24 00:58:34.826294,ICICIBANK,383.8603721785541,390.0208780611097,381.0367932205546,382.9644786543024,4035294,1545374262.9268346
2025-12-25 00:58:34.826294,ICICIBANK,391.7365123772107,393.5124214558234,386.88495683140684,392.3044298555807,2082978,817161496.6917177
2025-12-26 00:58:34.826294,ICICIBANK,395.44887419656004,398.6834557359544,388.77931240093716,393.6374004236187,577185,227201602.96350637
2025-12-29 00:58:34.826294,ICICIBANK,392.00422851180844,392.4877875547202,386.0783437805258,391.79465782163527,1804862,707135289.7052723
2025-12-30 00:58:34.826294,ICICIBANK,383.21810884560455,387.89206429265784,375.9456442860286,382.82743519540594,2898507,1109628000.7059305
2025-12-31 00:58:34.826294,ICICIBANK,382.792165375259,387.66989968385406,374.6299894568284,381.7082635857041,4664905,1780632787.3422692
2026-01-01 00:58:34.826294,ICICIBANK,398.77674365155735,401.445960280752,395.96836709871496,396.832522425423,2672127,1060386897.6510783
2026-01-02 00:58:34.826294,ICICIBANK,396.89128997388156,403.3079630103943,396.8333973511633,397.0535661325408,4836779,1920460350.5449846
2026-01-05 00:58:34.826294,ICICIBANK,399.3066576673229,401.6226289791264,395.2197772405089,401.08391085907186,4089555,1640254713.0732718
2026-01-06 00:58:34.826294,ICICIBANK,390.65924408600716,393.53692080709516,389.8294907225298,390.65468659684996,3571708,1395304469.3554618
2026-01-07 00:58:34.826294,ICICIBANK,379.9555284421847,381.50897607675165,377.0636080304623,379.0751633343885,2021267,766212118.1674094
2026-01-08 00:58:34.826294,ICICIBANK,362.7000077638403,366.1972840863082,359.52345765175977,362.1483862334904,951420,344555217.63026744
2026-01-09 00:58:34.826294,ICICIBANK,357.2884354796035,358.71897932218974,351.11198280263164,356.78363134336746,1636045,583714076.1411597
2026-01-12 00:58:34.826294,ICICIBANK,353.03815290722144,355.1209132546905,348.4567399909266,353.9963539539767,2624420,929035111.2438955
2026-01-13 00:58:34.826294,ICICIBANK,346.30794991573424,346.851859127281,344.7860306690044,345.5894968927651,717975,248124619.03158304
2026-01-14 00:58:34.826294,ICICIBANK,352.3747812552707,356.64098581584454,348.88780319996886,351.1863697810421,2036793,715293939.6654382
2026-01-15 00:58:34.826294,ICICIBANK,353.86054190037015,354.1789478023946,349.7188126147805,353.3016278818854,4177020,1475747965.6951928
2026-01-16 00:58:34.826294,ICICIBANK,340.4737108745311,344.79973044186124,341.6081270466928,342.1202319154729,1238592,423747382.28864944
2026-01-19 00:58:34.826294,ICICIBANK,342.30716635949926,345.2798711366278,339.3491806151753,342.39226049115587,2678270,917018919.505648
2026-01-20 00:58:34.826294,ICICIBANK,340.91018354269676,344.94411030324324,337.28585579474026,342.4672750430467,4588342,1571356981.705563
2026-01-21 00:58:34.826294,ICICIBANK,341.271760398969,346.6074728017952,339.1945426017999,341.719705816713,2208588,754718041.6303225
2026-01-22 00:58:34.826294,ICICIBANK,345.2709609138091,349.4330991452968,338.9662960188976,345.53619642804085,4608862,1592528645.3417332
2026-01-23 00:58:34.826294,ICICIBANK,346.126988015425,347.7148853370942,343.26100981857536,347.4861437661166,3593337,1248634817.382106
2026-01-26 00:58:34.826294,ICICIBANK,348.67870208978815,353.9908470463781,343.75853727834976,347.1197971855337,1142624,396627411.13932323
2026-01-27 00:58:34.826294,ICICIBANK,331.9824661632748,336.37216396909383,328.3980655625315,332.088463417361,647483,215021634.55886316
2026-01-28 00:58:34.826294,ICICIBANK,346.16727640230926,351.74662619783015,340.54371247185344,345.703728987011,2216706,766323530.2678813
2026-01-29 00:58:34.826294,ICICIBANK,349.8229349927894,353.0653754538803,345.35877197668594,349.83385893395086,1268693,443831767.99249095
2026-01-30 00:58:34.826294,ICICIBANK,338.5746047925482,341.8258614261252,338.6141743067651,338.72463852053284,4704390,1593492802.2096095
2026-02-02 00:58:34.826294,ICICIBANK,340.6127426617371,345.06531368333157,336.1041014450452,341.72655204685935,2823714,964938049.1864454
2026-02-03 00:58:34.826294,ICICIBANK,335.51741406710283,339.77636686777134,333.94152073321794,336.26146988674464,716769,241021797.50925207
2026-02-04 00:58:34.826294,ICICIBANK,328.6508109853392,336.2786823947401,324.3147045473319,329.9547791087002,1323681,436754871.9653834
2026-02-05 00:58:34.826294,ICICIBANK,331.0009928967599,337.1872687493002,330.09136714639686,332.4020928995621,1188484,395054568.97764313
2026-02-06 00:58:34.826294,ICICIBANK,337.19939305655083,337.56830887831524,333.9368579816099,335.53897906602543,1506095,505353578.6764456
2026-02-09 00:58:34.826294,ICICIBANK,341.97897173001274,347.4549943613251,340.4311030710645,341.7469578465137,2035595,695658398.657574
2026-02-10 00:58:34.826294,ICICIBANK,323.50789992620815,323.22836108065945,316.8986523926366,322.8318810258031,4642111,1498621426.060572
2026-02-11 00:58:34.826294,ICICIBANK,334.69593106371383,342.24949046288435,332.8047096862649,336.10395483835265,548022,184192361.5384237
2026-02-12 00:58:34.826294,ICICIBANK,335.4208828523756,342.1278279985548,328.94772525110534,335.59508652730347,907558,304572005.5385465
2026-02-13 00:58:34.826294,ICICIBANK,317.31522479496056,317.64492932631606,313.63190878165324,316.8394013197525,3643053,1154262731.4961283
2026-02-16 00:58:34.826294,ICICIBANK,319.912672498754,323.110002236248,316.17671244436224,319.8194032433103,1735369,555004677.9869401
2026-02-17 00:58:34.826294,ICICIBANK,325.38019619609776,331.6045122090001,322.2953440809819,326.953743762149,2175074,711148587.2597125
2026-02-18 00:58:34.826294,ICICIBANK,326.05228178465677,331.0438026908648,323.5902749883518,327.3108910900325,536417,175575126.26584196
2026-02-19 00:58:34.826294,ICICIBANK,335.6425902858841,335.6035422647014,330.8333595737425,335.0313242270624,1728489,579097958.5819108
2026-02-20 00:58:34.826294,ICICIBANK,324.83859174225114,328.8534793294214,320.51721280241253,325.5523589385231,1629717,530558213.7522131
2026-02-23 00:58:34.826294,ICICIBANK,320.8092031188793,320.9121639414333,316.36545999732436,320.15082595507005,4740956,1517820979.216645
2026-02-24 00:58:34.826294,ICICIBANK,308.21281707142094,307.7355457529476,301.54070186728615,306.7736909744826,4556167,1397712167.2861354
2026-02-25 00:58:34.826294,ICICIBANK,305.92026144188753,310.0279716529694,303.58023020955346,305.30187834740025,1284118,392043637.41970694
2026-02-26 00:58:34.826294,ICICIBANK,296.3270102117083,302.33786302032854,294.8197966337805,296.95688864749883,1279558,379973562.5240163
2026-02-27 00:58:34.826294,ICICIBANK,295.28447943998356,300.14299583710175,295.8401208275973,296.5804905378417,1258049,373112789.5406412
2026-03-02 00:58:34.826294,ICICIBANK,307.7185125120168,310.7463955962938,301.44105888048705,306.8085299438844,1457217,447086605.5792374
2026-03-03 00:58:34.826294,ICICIBANK,290.5322620261097,290.3566707078191,287.49909100980113,289.70706838010994,3019128,874662721.9443046
2026-03-04 00:58:34.826294,ICICIBANK,301.0064600904336,302.6878491656398,294.3445411329343,300.18227887535414,1551574,465755019.16374874
2026-03-05 00:58:34.826294,ICICIBANK,294.2672519484336,293.6661843221255,288.4083374120971,293.57517650656155,1536325,451026883.04644316
2026-03-06 00:58:34.826294,ICICIBANK,300.23900132378327,302.2895407585367,297.01420251168327,301.4423447403668,1293287,389851465.7022348
2026-03-09 00:58:34.826294,ICICIBANK,298.18660384081613,300.2892878331804,295.3847272926745,297.10227395154,3253596,966650770.1196347
2026-03-10 00:58:34.826294,ICICIBANK,303.57640997335545,306.1134152696949,302.0420642502641,304.02845302100496,3367893,1023935298.7302715
2026-03-11 00:58:34.826294,ICICIBANK,302.9512442796608,307.4307599076058,298.26247001033704,303.7321101584502,4519915,1372843320.6868315
2026-03-12 00:58:34.826294,ICICIBANK,303.7970638273142,305.52081079106216,299.2792775309726,304.3842746248743,1451077,441685020.06983876
2026-03-13 00:58:34.826294,ICICIBANK,304.4318977307056,309.35146712924035,302.6922485852894,303.6976075393646,736424,223650206.93456903
2026-03-16 00:58:34.826294,ICICIBANK,304.0332478587002,308.42270833530335,301.36919963258634,305.1187036372743,2835109,865044782.7503691
2026-03-17 00:58:34.826294,ICICIBANK,300.9093571387694,304.57443707629295,299.8832544607077,300.9690289382765,880457,264990288.3119081
2026-03-18 00:58:34.826294,ICICIBANK,296.63211095941193,300.59761924021154,294.12497945145986,296.69259544129557,2922938,867214061.5339895
2026-03-19 00:58:34.826294,ICICIBANK,278.5301034206423,280.54008878612115,276.1761621404591,278.031183868451,567258,157715413.2988498
2026-03-20 00:58:34.826294,ICICIBANK,281.183135273039,284.0517732040024,281.6063476769979,281.7364514441913,2412768,679764694.4780985
2026-03-23 00:58:34.826294,ICICIBANK,292.41403089577284,296.8561685669454,289.85159932370493,291.9220688251305,4459945,1301956371.2462966
2026-03-24 00:58:34.826294,ICICIBANK,303.11732149424745,310.5091054622166,302.89372847673604,304.49964900127804,546371,166369777.7244773
2026-03-25 00:58:34.826294,ICICIBANK,295.59639355704815,298.8983670846635,292.3215645829952,296.70422446224137,3956211,1173824516.5639884
2026-03-26 00:58:34.826294,ICICIBANK,292.5578485421013,296.5316296736073,290.7254787441495,293.16200678230217,1144927,335649096.9392409
2026-03-27 00:58:34.826294,ICICIBANK,279.7891954224519,282.7180603993083,276.7909714699533,280.86275400052546,674847,189539386.9489926
2026-03-30 00:58:34.826294,ICICIBANK,273.4313507252576,273.7797300414925,272.2332894893582,273.12543958831503,1878284,513007143.1716987
2026-03-31 00:58:34.826294,ICICIBANK,286.4840141840082,290.7354626625809,284.08183913946425,286.0814022163153,2934482,839500725.3385375
2026-04-01 00:58:34.826294,ICICIBANK,298.5689255104799,299.302635377194,296.42705269110843,298.2846281887198,1652298,492855094.5869654
2026-04-02 00:58:34.826294,ICICIBANK,286.8268972679722,292.63801313355924,285.89802723843854,288.20952422577113,4573184,1318035184.8369088
2026-04-03 00:58:34.826294,ICICIBANK,288.23964484115305,291.40207198522336,282.56883343912205,287.33131706678824,2204910,633539694.313732
2026-04-06 00:58:34.826294,ICICIBANK,286.7634877891659,288.44338969128466,281.79334612909986,287.3794607486802,1094495,314535382.8921267
2026-04-07 00:58:34.826294,ICICIBANK,288.06503412214164,292.2350943460347,287.3648451485291,287.4403463782951,1923249,552819358.7317096
2026-04-08 00:58:34.826294,ICICIBANK,290.12660426632027,294.8659650948091,290.0963078418057,290.5494652502845,3242353,942063930.3026558
2026-04-09 00:58:34.826294,ICICIBANK,291.22451404161905,293.52598401452866,290.92599750517576,291.0285356306998,4927724,1434108299.7122548
2026-04-10 00:58:34.826294,ICICIBANK,287.44638791510016,289.8489083940006,287.56254852366783,288.2073256433294,4908173,1414571414.1247969
2026-04-13 00:58:34.826294,ICICIBANK,287.8159988813969,288.8313987227538,285.8419445489508,287.4379119346093,3960076,1138275976.5423598
2026-04-14 00:58:34.826294,ICICIBANK,291.72708606073036,293.28456290195317,288.2911115458199,290.5699244667428,4778548,1388502331.4207048
2026-04-15 00:58:34.826294,ICICIBANK,299.29151687924434,304.05561827043556,298.473457988759,298.6229864987232,1242126,370927375.72771305
2026-04-16 00:58:34.826294,ICICIBANK,300.2780686416904,304.10356107187613,298.5194355078499,300.4335765262353,3424117,1028719716.7542832
2026-04-17 00:58:34.826294,ICICIBANK,310.36065072804683,315.53128425794273,303.67735553514774,309.5175011535816,2616659,809901755.0510296
2026-04-20 00:58:34.826294,ICICIBANK,310.40023369903366,312.536733316286,305.1702797463914,311.1283283122196,1236809,384806316.611508
2026-04-21 00:58:34.826294,ICICIBANK,312.7984918916896,314.231598529877,308.50317264062096,312.9279549198897,2493729,780357516.0944216
2026-04-22 00:58:34.826294,ICICIBANK,313.35827769647557,315.71377346325596,308.51296964103994,314.03527392282626,1579626,496058283.60561836
2026-04-23 00:58:34.826294,ICICIBANK,318.81579908605545,320.30749342331785,318.1732824421534,319.8955131302821,1071719,342838099.4364728
2026-04-24 00:58:34.826294,ICICIBANK,327.2849693416799,327.7401623585574,323.8517078385922,326.9353270064989,4738119,1549058484.6607056
2026-04-27 00:58:34.826294,ICICIBANK,336.08818899001045,341.35852248667464,334.1176041951852,335.660768266868,4612212,1548138623.3296678
2026-04-28 00:58:34.826294,ICICIBANK,329.59184117448285,330.09276765477114,324.1021802141207,328.54920236028903,2611722,858079179.8868188
2026-04-29 00:58:34.826294,ICICIBANK,336.80301419357795,337.8097053595814,332.2220101037973,337.0366696794612,4728645,1593726762.896436
2026-04-30 00:58:34.826294,ICICIBANK,329.72850906134533,331.8298124133423,328.29208634924277,330.66176015466556,3256308,1076736534.8857186
2026-05-01 00:58:34.826294,ICICIBANK,335.28946441152397,336.34301446238106,333.5465744717059,334.77628502481275,3620844,1212172702.974383
2026-05-04 00:58:34.826294,ICICIBANK,331.01836035406916,335.78631953178376,329.7967261826885,332.6484922293583,3374578,1122548283.6103635
2026-05-05 00:58:34.826294,ICICIBANK,324.6732139051262,325.8888977924965,322.74478419374,325.5395797340258,2552563,830960286.264624
2026-05-06 00:58:34.826294,ICICIBANK,308.8664609078642,312.3846854871584,302.67671771341656,307.97885012079644,2602169,801413016.4399828
2026-05-07 00:58:34.826294,ICICIBANK,315.1517817786976,322.82635349760056,314.5424186595574,316.7049577202283,3789301,1200090412.9942188
2026-05-08 00:58:34.826294,ICICIBANK,320.3206342961899,320.36794148885383,315.75133998849947,318.75745476315257,4787166,1525944849.688702
2026-05-11 00:58:34.826294,ICICIBANK,315.6297882493803,318.34056929817956,310.76674604627857,316.0915104628616,1131377,357618664.832941
2026-05-12 00:58:34.826294,ICICIBANK,328.11195829760123,333.8001465225209,323.28928219631314,327.3054157623767,1483896,485687197.2281277
2026-05-13 00:58:34.826294,ICICIBANK,319.73067313912463,320.42439547901705,313.47322877797893,319.84819622720147,2710326,866892882.2876861
2026-05-14 00:58:34.826294,ICICIBANK,314.4134967211705,318.6540836036876,311.6951722393264,314.2515608400197,4554613,1431294244.2722447
2026-05-15 00:58:34.826294,ICICIBANK,326.3932672443556,332.38768661667183,325.1517551001631,326.2376006628524,2273279,741629086.5972484
2026-05-18 00:58:34.826294,ICICIBANK,321.4467006586575,323.0951166554704,317.01180029723554,322.1155007483329,3873285,1247645137.3160067
2026-05-19 00:58:34.826294,ICICIBANK,330.31705946723037,332.3117209299841,329.78943397185407,331.77006217904494,4485869,1488277037.0570502
2026-05-20 00:58:34.826294,ICICIBANK,337.79298344285695,340.4894097289613,337.4423338082643,337.745063562187,2720459,918821597.8733237
2026-05-21 00:58:34.826294,ICICIBANK,339.99128116888664,344.89277243157164,336.5520098511475,338.44293332073346,4670613,1580735964.1259508
2026-05-22 00:58:34.826294,ICICIBANK,357.1731633244273,360.4716114063597,354.6556386275903,356.34812613290006,3156163,1124692770.8199923
2026-05-25 00:58:34.826294,ICICIBANK,367.4222353783785,371.9159693013597,365.2100693351987,368.2981531610056,4369535,1609291670.6723745
2026-05-26 00:58:34.826294,ICICIBANK,371.6340165164092,378.42603464946376,368.8254559407249,372.4115025119474,1270602,473186799.91468537
2026-05-27 00:58:34.826294,ICICIBANK,379.28449571884835,380.13163932211233,374.65732241968834,378.6980890656256,1253830,474823025.0131533
2026-05-28 00:58:34.826294,ICICIBANK,390.54303067795803,395.3744502075794,385.1451653751002,391.25520886588157,662198,259088416.80056906
2026-05-29 00:58:34.826294,ICICIBANK,380.9515434888837,382.62144216691195,374.65432971688614,379.92986190115005,1001670,380564344.770525
2026-06-01 00:58:34.826294,ICICIBANK,373.6158564181745,376.6290300091662,370.8702756557316,371.9743709013445,2031453,755648451.690649
2026-06-02 00:58:34.826294,ICICIBANK,362.52312218395434,362.63204641741373,355.5609447182539,361.8728055254108,3714194,1344065803.0456476
2026-06-03 00:58:34.826294,ICICIBANK,362.17981501820196,364.90882341166264,361.7066201438367,362.1194841167527,3092122,1119717623.4660616
2026-06-04 00:58:34.826294,ICICIBANK,355.6430976502558,362.4996405277288,355.9181608335652,356.06758813115374,1854294,660253992.2660697
2026-06-05 00:58:34.826294,ICICIBANK,354.4157088833198,361.10759741052135,351.70611580631237,354.50558257926997,3199412,1134209414.9711072
2026-06-08 00:58:34.826294,ICICIBANK,357.7225348551555,362.1219058147913,354.6652083739547,357.97965127871186,2507428,897608201.0464779
2026-06-09 00:58:34.826294,ICICIBANK,366.13077084507074,367.4844832841005,362.8678926562544,367.34815642272565,4464847,1640153314.1595373
2026-06-10 00:58:34.826294,ICICIBANK,378.51855306764895,377.73423846543744,375.342098432487,376.9323967137113,674798,254353227.43761894
2026-06-11 00:58:34.826294,ICICIBANK,364.61852491170833,370.99761840027327,363.1262096729271,365.0923070758141,3957872,1444988619.5907667
2026-06-12 00:58:34.826294,ICICIBANK,362.2219568986225,361.23996268920814,354.0525804473781,360.84333902931445,3675391,1326240360.678291
2026-06-15 00:58:34.826294,ICICIBANK,380.5536060713859,385.3335316338073,377.52575873041894,380.32257122287365,2458237,934923016.5152032
2026-06-16 00:58:34.826294,ICICIBANK,369.63104721810595,369.8195384021065,368.2310700590824,368.5916398568382,1964677,724163517.2190133
2026-06-17 00:58:34.826294,ICICIBANK,358.00283549226907,364.4961819705043,352.9663065170084,358.37727902860615,1063723,381214154.380146
2026-06-18 00:58:34.826294,ICICIBANK,365.76944099945723,369.89139262040527,364.7566469274511,365.7067004658491,4621802,1690223959.6264625
2026-06-19 00:58:34.826294,ICICIBANK,365.41627987355645,369.90743125146537,359.3941909383578,364.1756009422492,820051,298642565.7282924
2026-06-22 00:58:34.826294,ICICIBANK,368.6716627785849,375.9101301402965,362.3126733645537,368.7963490022393,4761180,1755905800.9424818
2026-06-23 00:58:34.826294,ICICIBANK,373.50984911199055,375.7445860431553,368.36107523195363,372.97116501768824,2125312,792680092.666073
2026-06-24 00:58:34.826294,ICICIBANK,372.07091307018055,374.7219388952511,369.5100619625951,371.79043092433886,4876025,1812859435.9478495
2026-06-25 00:58:34.826294,ICICIBANK,366.774282082516,371.3294973187992,363.9721599044194,367.1156600263472,3111770,1142379497.4001865
2026-06-26 00:58:34.826294,ICICIBANK,352.404040879897,358.61522973499143,349.4844854999629,353.2391884390373,1704138,601968324.1081241
2026-06-29 00:58:34.826294,ICICIBANK,335.3876577913304,339.3252212029872,330.8823633935396,336.84391770874925,740681,249493889.8124341
2026-06-30 00:58:34.826294,ICICIBANK,339.48463458770027,340.8095105415721,332.2665935689752,338.6203517479617,730069,247216221.58028266
2026-07-01 00:58:34.826294,ICICIBANK,334.2744294348468,342.14940370312627,334.0461123673616,335.6957555004004,2177055,730828122.9909242
2026-07-02 00:58:34.826294,ICICIBANK,326.21389624701584,330.6674461804794,325.46962271616394,327.82319941124445,3528476,1156716291.3657901
2026-07-03 00:58:34.826294,ICICIBANK,342.8416342033998,348.16887664521323,336.93352318272866,342.70767318318514,4410958,1511669152.688756
2026-07-06 00:58:34.826294,ICICIBANK,345.1189164482317,348.430018725236,344.43633746542247,345.46012741742334,884287,305485899.69357103
2026-07-07 00:58:34.826294,ICICIBANK,344.21999662598387,350.2189510798004,345.3388762440061,345.78450689555126,2591953,896257190.0014448
2026-07-08 00:58:34.826294,ICICIBANK,336.2767768841579,339.10950664815493,334.15983366879317,335.4922948504593,511290,171533855.43409133
2026-07-09 00:58:34.826294,ICICIBANK,339.71889694891627,340.8275475183996,336.60491437502924,339.58468308644234,1481390,503057353.6774248
2026-07-10 00:58:34.826294,ICICIBANK,340.2557949968827,342.37359390432965,338.23067402488897,339.2395678745389,1962573,665782416.4422375
2026-07-13 00:58:34.826294,ICICIBANK,345.908072174093,346.4247682381368,340.03756331346995,345.1355598000902,2966474,1023835664.6224128
2026-07-14 00:58:34.826294,ICICIBANK,336.0102344823926,339.12949445694653,330.35662782912283,336.07962723182794,1147899,385785468.0197881
2026-07-15 00:58:34.826294,ICICIBANK,341.4580158009301,340.9714903635681,338.7287937233653,340.7472051219534,1671113,569427084.1929629
2026-07-16 00:58:34.826294,ICICIBANK,346.30037229631625,345.1470776547745,341.2581458976213,345.02061953427136,3081158,1063063042.0429765
2026-07-17 00:58:34.826294,ICICIBANK,338.00725842329473,341.4332233092779,332.10932005098056,337.2389415479979,3398356,1146057980.443288
2026-07-20 00:58:34.826294,ICICIBANK,331.6582503475077,335.4914273330343,325.47427198800943,330.91141026740536,2298795,760697495.3656601
2026-07-21 00:58:34.826294,ICICIBANK,334.2407887514538,336.4407195168258,330.60450337822084,333.7545395318292,2629974,877765761.350683
2026-07-22 00:58:34.826294,ICICIBANK,337.074051956852,342.23993368779816,334.5139195074024,336.34510875085203,1388349,466964395.3891367
2026-07-23 00:58:34.826294,ICICIBANK,347.47927185430063,354.50737421285885,344.00211388676667,348.0288902286961,1442439,502010444.3925902
2026-07-24 00:58:34.826294,ICICIBANK,351.55724835034,357.3710827159669,345.7008878554377,352.68951636483297,4487282,1582617318.3726203
2026-07-27 00:58:34.826294,ICICIBANK,340.64868147333056,344.61472755110964,338.13754715502995,339.5503936219869,4936711,1676262163.2479928
2026-07-28 00:58:34.826294,ICICIBANK,340.4808399177277,342.7719587514499,333.1719234891777,339.20495512986474,4971218,1686261778.630776
2026-07-29 00:58:34.826294,ICICIBANK,341.22136173308263,342.22720008130415,338.5492149170059,341.80301534338366,2459019,840500108.9866719
2026-07-30 00:58:34.826294,ICICIBANK,351.3157281987878,357.16320957198525,345.38574458954366,352.12619027238225,3118979,1098274192.8095646
2026-07-31 00:58:34.826294,ICICIBANK,342.1855476050781,347.59165683750035,338.43885147785363,341.5333072706182,2241078,765402781.1914225
2026-08-03 00:58:34.826294,ICICIBANK,335.0957297495878,339.82263814262285,329.4366179482758,334.18793916801405,2554569,853706149.5724945
2026-08-04 00:58:34.826294,ICICIBANK,324.20723676711094,328.2399150496147,319.6401886871419,324.18202420370255,2313241,749911149.8509971
2026-08-05 00:58:34.826294,ICICIBANK,317.02589351932465,322.95647519872233,311.77015293102295,317.81061750215576,2006164,637580219.6505948
2026-08-06 00:58:34.826294,ICICIBANK,323.3953990261792,328.0438673494997,318.7391792097483,323.5078525711796,1832883,592952043.3442215
2026-08-07 00:58:34.826294,ICICIBANK,334.9858783036322,338.1028314534314,328.54602814213547,334.4432523288775,4193055,1402338951.3938615
2026-08-10 00:58:34.826294,ICICIBANK,335.53716343766547,336.11887666268893,330.03812375474115,335.70862087761566,2463391,826981595.2923305
2026-08-11 00:58:34.826294,ICICIBANK,330.1149550873199,335.13893557007594,328.62847143671803,329.5416143937851,4535541,1494649503.2892025
2026-08-12 00:58:34.826294,ICICIBANK,335.2544428228606,343.1296328537426,335.839829932072,336.8350313025811,1321079,444985686.3181825
2026-08-13 00:58:34.826294,ICICIBANK,337.7958548821015,342.2974609350253,331.9799177432272,336.753091082246,3699413,1245788762.9398448
2026-08-14 00:58:34.826294,ICICIBANK,358.77289868813676,364.90734073018825,353.6975116583471,360.10072614355704,1967770,708595405.8835073
2026-08-17 00:58:34.826294,ICICIBANK,378.3507500020628,381.7641317115414,375.2790987027925,378.63271155460336,4353611,1648419537.9839482
2026-08-18 00:58:34.826294,ICICIBANK,384.91831349390003,393.4289162196465,379.81361367885154,386.5329703629101,4871278,1882909554.803496
2026-08-19 00:58:34.826294,ICICIBANK,393.8023578194621,396.4373891215295,385.96418540936065,391.85129370057115,4720283,1849649000.1828132
2026-08-20 00:58:34.826294,ICICIBANK,400.6713072090418,407.2313131934313,396.6440552202079,401.8661682262247,3240265,1302152879.587548
2026-08-21 00:58:34.826294,ICICIBANK,400.7307332135247,405.76126710268227,391.6380002703423,399.12939122860405,3921092,1565023062.9113495
2026-08-24 00:58:34.826294,ICICIBANK,389.82490902905306,395.140269820891,387.8973947967161,388.39238789706366,2194313,852254465.8635695
2026-08-25 00:58:34.826294,ICICIBANK,386.08482540137885,389.4283153946255,381.82617551396675,384.75372390508636,1584258,609549165.1264243
2026-08-26 00:58:34.826294,ICICIBANK,387.9139106153527,394.9229176820474,387.0842923527913,389.6419155279735,2970565,1157456636.8003545
2026-08-27 00:58:34.826294,ICICIBANK,397.652707324251,403.2044580334703,390.5271574187454,397.7808871832732,2709176,1077658432.8156314
2026-08-28 00:58:34.826294,ICICIBANK,393.4082353179209,395.665964634515,389.0908483091425,392.1320927302423,2661594,1186229382.5480304
