Symbol,Name,Price,Chg %,Vol,Rel vol,Mkt cap,P/E,EPS diluted TTM,EPS diluted growth TTM YoY,Div yield TTM,Sector,Analyst rating
NSE:RELIANCE,RELIANCE,1322.0,0.4559270516717325,9954054,0.7953824154175437,17841299830384.0,23.940557876570306,55.2201,-8.318252305321916,0.45509708737864074,Energy Minerals,0.33636363636363636
NSE:BHARTIARTL,BHARTIARTL,1934.2,-1.7823592139338806,6704657,0.8395944655208815,12283164686279.0,41.02018136934706,47.1524,-18.80047804538676,1.2185833968012185,Communications,-0.22424242424242424
NSE:HDFCBANK,HDFCBANK,723.0,-0.823045267489712,17754096,0.6061686245470499,11248831630859.0,14.126611957796014,51.18,11.34558903513542,1.7808219178082192,Finance,-0.5121212121212121
NSE:ICICIBANK,ICICIBANK,1412.0,-0.2331661131915463,8294555,0.7747032111083374,10175062429398.0,18.25232678386763,77.36,7.369882026370579,0.8463220255307145,Finance,0.045454545454545456
NSE:SBIN,SBIN,1053.0,-0.7727101394647612,5498238,0.4327483612667465,9821377726562.0,11.27457278684312,93.396,4.927771998139533,1.630639097744361,Finance,0.13333333333333333
NSE:TCS,TCS,2280.0,-1.4352412242780488,1796785,0.5884078751165904,8375872336426.0,16.56507239953792,137.639,1.067516881423239,2.8077753779697625,Technology Services,-0.49090909090909096
NSE:BAJFINANCE,BAJFINANCE,1094.3,0.4590103736344442,3374000,0.5074675412916366,6786293164062.0,33.59840343874731,32.57,16.05202209157313,0.5504587155963303,Finance,0.31212121212121213
NSE:LT,LT,4064.3,-0.548119509628787,1355224,0.9003772056591972,5608030178223.0,33.714641227706345,120.55,4.526142374057053,0.9322865554465163,Industrial Services,0.4454545454545455
NSE:LICI,LICI,410.0,0.0,5314863,0.1658783998902796,5202310491943.0,8.632596685082873,47.4944,23.284584754517933,2.43161094224924,Finance,-0.2212121212121212
NSE:HINDUNILVR,HINDUNILVR,2035.0,-0.9732360097323601,1232542,1.076349388309436,4852375855782.0,31.974834940716928,63.6438,38.524122740193526,1.9852798760410615,Consumer Non-Durables,-0.5121212121212121
NSE:INFY,INFY,1115.0,-2.1844021405386513,8840373,1.1012854872717328,4618068179199.0,15.061380189759882,74.0304,12.70552700168076,4.21792618629174,Technology Services,-0.49090909090909096
NSE:SUNPHARMA,SUNPHARMA,1875.1,-0.3666312433581345,1819107,1.0529924470325016,4516641897583.0,37.19536144028628,50.4122,16.617162632319193,0.849933598937583,Health Technology,-0.2909090909090909
NSE:TITAN,TITAN,5048.6,-0.3926210910525725,354749,0.2884184874210615,4501076002808.0,77.81442663378546,64.88,55.023941736994516,0.2958579881656805,Consumer Durables,0.4454545454545455
NSE:MARUTI,MARUTI,13691.0,-0.501453488372093,267155,0.8367949864029233,4338755291748.0005,30.029898294035934,455.9123,-1.368622179108366,1.0144927536231882,Consumer Durables,-0.49090909090909096
NSE:M&M,M&M,3421.5,0.9172958942897566,1371507,0.6532704437715161,4227998364257.9995,20.82851403177695,164.27,34.44917335079391,0.9705882352941178,Consumer Durables,0.4
NSE:ADANIENT,ADANIENT,3002.5,-0.15961161174476046,721324,0.676492757322934,4071928322723.0,48.1415980284793,62.3681,16.005185703231952,0.04320946619690222,Distribution Services,-0.13333333333333333
NSE:ADANIPOWER,ADANIPOWER,205.58,0.9923364118687414,19151944,1.3162185658518368,3932148858272.0,27.81152342428875,7.3919,14.85953135682764,,Utilities,-0.06363636363636366
NSE:ADANIPORTS,ADANIPORTS,1682.4,-0.5085748078060266,1298064,0.6988090039200283,3902906519531.0,28.712102465206375,58.5955,12.071570652589706,0.4427390791027155,Transportation,-0.3333333333333333
NSE:KOTAKBANK,KOTAKBANK,387.65,-1.2859689330277595,5650673,0.633005522948327,3895887828153.0,18.996584388154634,20.4063,5.9319130380614284,0.165964509128048,Finance,-0.4242424242424242
NSE:AXISBANK,AXISBANK,1243.0,1.2792308319074428,4964182,0.9528289787280103,3828722138672.0,13.977285505453727,88.93,-0.6146624944121559,0.08130081300813008,Finance,-0.04242424242424242
NSE:HCLTECH,HCLTECH,1298.0,-2.0377358490566038,3055221,1.5972831107868097,3597234309530.0,20.193974167893135,64.2766,2.694679661287743,4.526252263126132,Technology Services,-0.1575757575757576
NSE:ULTRACEMCO,ULTRACEMCO,11499.0,-1.5580857803270267,210307,1.0128945907064355,3428051805786.0,39.635323314490556,290.12,21.22969667922059,2.0611473720371007,Non-Energy Minerals,-0.5575757575757576
NSE:ITC,ITC,270.0,-1.1170115363486581,14222864,1.2984313333364927,3423677069092.0,17.046207850094387,15.8393,-43.17943750896829,5.3064958828911255,Consumer Non-Durables,-0.5575757575757576
NSE:HAL,HAL,5099.0,0.7906700929037358,1237379,0.772717959465403,3377313873291.0,36.58367717972063,139.3791,12.159999227476712,0.891089108910891,Electronic Technology,0.5575757575757576
NSE:BAJAJ_AUTO,BAJAJ_AUTO,11607.0,-0.4801509045700077,237741,0.9843369603020817,3271242640381.0,27.603936896453725,420.4835,54.740280052256786,1.281613123718387,Consumer Durables,0.26666666666666666
NSE:NTPC,NTPC,337.1,0.029673590504457788,9930642,1.0250113435512718,3266806721480.0,11.773745699666453,28.6315,15.877596283045433,2.6714158504007126,Utilities,-0.4212121212121212
NSE:BAJAJFINSV,BAJAJFINSV,2011.2,0.30922693266833146,413236,0.29328538596528836,3218541355347.0,31.928877599618986,62.99,6.402027027027025,0.06470881035340965,Finance,0.2212121212121212
NSE:JSWSTEEL,JSWSTEEL,1267.6,-0.7982469870089252,718886,0.49033287422986466,3135072158203.0,12.507153428712382,101.35,411.822157581634,0.5538221528861154,Non-Energy Minerals,0.02121212121212121
NSE:ETERNAL,ETERNAL,315.9,-0.6603773584905732,18378893,0.9024331908797496,3067363992641.0,668.4299619128226,0.4726,42.178098676293644,,Technology Services,0.3090909090909091
NSE:BEL,BEL,412.0,-0.10910413383440141,9101572,0.833149530488278,3014552736049.0,48.99803769994648,8.4085,11.746803816814177,0.6062075654704171,Electronic Technology,0.15454545454545454
NSE:ONGC,ONGC,239.5,0.423497840580314,14886935,1.094904866237558,3000396612305.0,6.923325971578229,34.5932,20.815841860790012,5.555555555555555,Energy Minerals,-0.17575757575757575
NSE:NESTLEIND,NESTLEIND,1462.5,-0.5102040816326531,1814765,0.8864063583347763,2834622066650.0,73.99705529667128,19.7643,22.64231728657059,0.8163265306122449,Consumer Non-Durables,-0.06666666666666667
NSE:SHRIRAMFIN,SHRIRAMFIN,1108.4,-1.212121212121204,2672404,0.5901983840107976,2637655253174.0,19.57266466537171,56.63,10.003885003885015,0.9634255129348797,Finance,0.17575757575757575
NSE:DMART,DMART,3981.0,-0.3504380475594493,339264,0.9065385923673269,2614201854492.0,84.86463440630996,46.91,13.008913514815704,,Retail Trade,-0.4454545454545455
NSE:ASIANPAINT,ASIANPAINT,2628.4,-2.199069767441857,1016853,1.3538811277636082,2585037946777.0,52.90660225442834,49.68,32.43903219270838,1.0204081632653061,Process Industries,-0.403030303030303
NSE:COALINDIA,COALINDIA,406.9,-0.3794834129024388,7349534,1.383103396789875,2514393234375.0,8.036451400108232,50.6318,-5.85069786642171,6.495098039215687,Energy Minerals,-0.4
NSE:POWERGRID,POWERGRID,268.0,0.6950967499530426,6788747,0.7808314010036004,2474425451799.0,15.680675907343588,17.0911,3.3700457847210985,3.3828227776733693,Utilities,-0.26363636363636367
NSE:HINDZINC,HINDZINC,558.0,-1.6740088105726871,2255774,0.35690628584747897,2398290874772.0,13.814548353394962,40.3922,66.63723823825477,1.937984496124031,Non-Energy Minerals,-0.33636363636363636
NSE:HINDALCO,HINDALCO,1041.6,-0.7905514810934547,2525252,0.4173467431337062,2360037226210.0,14.131054131054132,73.71,-3.1533307055577526,0.47609979051609214,Non-Energy Minerals,0.4454545454545455
NSE:TATASTEEL,TATASTEEL,185.5,-0.2688172043010753,13376332,0.6169384636083217,2323185423557.0,20.96613770966138,8.8476,143.126047649144,2.1493820526598606,Non-Energy Minerals,-0.49090909090909096
NSE:DIVISLAB,DIVISLAB,8588.0,1.255674114248659,404163,0.9289625650356311,2255155475769.0,77.94341206634446,110.1825,26.842939585772452,0.35314891112419067,Health Technology,0.5121212121212121
NSE:GRASIM,GRASIM,3278.7,0.8675588371019788,1498743,1.3174959978262422,2219985683098.0,39.10196779964222,83.85,34.86062793424398,0.306569790612833,Non-Energy Minerals,0.5363636363636364
NSE:EICHERMOT,EICHERMOT,8018.5,-0.391304347826087,262453,0.6619014677172567,2211272523193.0,38.170609796734425,210.07,19.26308618144658,1.0180012414649287,Consumer Durables,0.3787878787878788
NSE:ADANIGREEN,ADANIGREEN,1308.0,-1.4763482976800173,924653,0.6291297027658416,2182508395386.0002,120.76781740792377,10.8307,3.282315357841041,,Utilities,-0.46969696969696967
NSE:TVSMOTOR,TVSMOTOR,4356.8,-0.6634898196493184,444885,0.4918345416796567,2081831793518.0,60.34842182394406,72.1941,43.759968935750784,0.27384755819260614,Consumer Durables,0.35454545454545455
NSE:INDIGO,INDIGO,5220.0,-1.0520329826556725,554778,1.256668672100668,2041599624023.0,,-124.338,-171.76382315595058,0.0,Transportation,-0.09090909090909091
NSE:IOC,IOC,137.8,-0.5843734218310384,8311679,1.0101578134780698,1955791501953.0,5.639290055124265,24.4357,99.32215279703739,5.956678700361011,Energy Minerals,-0.4666666666666667
NSE:ADANIENSOL,ADANIENSOL,1603.0,0.8747089547542691,2293489,1.0826781057692125,1944497603760.0,65.96707818930041,24.3,21.81428084457902,,Utilities,-0.02121212121212121
NSE:TORNTPHARM,TORNTPHARM,4971.0,1.4489795918367347,426548,0.9835773745013472,1861834044189.0,77.13949197491687,64.4417,8.94108140274002,0.7763023493360572,Health Technology,0.49090909090909096
NSE:SOLARINDS,SOLARINDS,20100.0,0.5,169940,0.9435900397225089,1806452893494.0,91.33523940738425,220.0684,57.8371555109286,0.055101938586384805,Process Industries,0.4
NSE:WIPRO,WIPRO,178.06,-2.1110500274876323,7058670,0.9340951745753832,1800799000000.0,14.130400279338476,12.6012,-1.8391717884601935,4.395604395604396,Technology Services,-0.5575757575757576
NSE:SBILIFE,SBILIFE,1778.0,-0.6925826630920515,584438,0.7109651210587583,1794834013733.0,68.57160487637442,25.9291,4.511523672097313,0.1509223029625489,Finance,-0.35454545454545455
NSE:HYUNDAI,HYUNDAI,2186.0,-0.182648401826484,474062,0.8307344151211742,1776296260465.0,35.876529594033926,60.9312,-10.305995822311333,0.9606147934678195,Consumer Durables,0.2212121212121212
NSE:MOTHERSON,MOTHERSON,170.4,1.3923598714744754,12693246,0.4288258696859621,1775723480225.0,41.03156830166871,4.1529,31.993134793249205,0.35661218424962854,Producer Manufacturing,0.5575757575757576
NSE:TMCV,TMCV,471.65,0.2657312925170068,6376494,0.7026643538869839,1730685001742.0,41.4480679830921,11.3793,,0.8511543781253326,Consumer Durables,0.4755244755244755
NSE:VAML,VAML,445.95,1.007927519818797,9178000,1.002138339159559,1727218400591.0,,,,0.0,Non-Energy Minerals,-0.5113636363636364
NSE:PIDILITIND,PIDILITIND,1674.0,0.2995805871779509,655493,0.49200618395703444,1699506468422.0,64.45899114362726,25.97,21.326792805419284,0.6887052341597797,Process Industries,0.4242424242424242
NSE:DLF,DLF,665.75,-0.782414307004471,6097190,1.7434530830292727,1668359966797.0,37.06642169144257,17.961,-0.8643528944231078,1.1869436201780417,Finance,0.4454545454545455
NSE:JIOFIN,JIOFIN,245.8,-1.581581581581577,9191420,0.518995285495346,1649464792222.0,76.43272489816226,3.2159,25.758642264977322,0.24019215372297836,Finance,-0.4242424242424242
NSE:ABB,ABB,7546.0,-1.4882506527415142,126238,0.5518576967969538,1622794304901.0,53.518945110811025,140.9968,66.43212189245882,0.5139723165317315,Producer Manufacturing,0.17575757575757575
NSE:CHOLAFIN,CHOLAFIN,1868.0,-0.8860826656762374,523184,0.4232046860674848,1609861246806.0,27.600472813238767,67.68,28.08478425435277,0.10592939805619554,Finance,0.17575757575757575
NSE:POWERINDIA,POWERINDIA,35275.0,-0.4936530324400564,47411,0.29576548369206856,1583589263050.0,136.6745332821377,258.0949,123.3922537356839,0.02251713413175338,Electronic Technology,0.4454545454545455
NSE:TECHM,TECHM,1592.0,-1.1180124223602486,1901729,0.6199701341758305,1573820282109.0,27.524204702627937,57.84,12.990818519242051,3.175987046954789,Technology Services,0.02121212121212121
NSE:TRENT,TRENT,2942.1,-0.13238289205702955,717768,0.49244639449774674,1573034924316.0,86.72442202878727,33.9247,14.214196015850417,0.13559322033898305,Retail Trade,-0.2909090909090909
NSE:ICICIAMC,ICICIAMC,3106.0,-0.9566326530612245,215913,0.9360047963564337,1550686710570.0,,,,0.8685535793969529,Finance,-0.06293706293706294
NSE:BHEL,BHEL,425.0,-2.5117559353136802,7413730,0.811913302417958,1514697506104.0,60.838570222025,6.9857,739.324762705755,0.32183908045977005,Producer Manufacturing,0.3090909090909091
NSE:TATACAP,TATACAP,363.15,1.0855949895615804,853946,0.3980344431567843,1514571298968.0,28.192905775217568,12.8809,22.38849932539005,0.15870806069887233,Finance,0.26666666666666666
NSE:CUMMINSIND,CUMMINSIND,5350.0,-1.834862385321101,177001,0.31331891720426286,1510740066528.0,62.65003805843434,85.395,10.550987832206392,1.2110091743119267,Producer Manufacturing,-0.35757575757575755
NSE:IDEA,IDEA,14.12,2.9905178701677486,820377714,1.8610068154822232,1484299507460.0,4.089790007241129,3.4525,,,Communications,0.49090909090909096
NSE:VBL,VBL,439.3,1.2561945372824683,4033671,1.4120632735759673,1474754778320.0,43.87822369603868,10.0118,17.785882352941165,0.34403669724770647,Consumer Non-Durables,-0.3090909090909091
NSE:UNIONBANK,UNIONBANK,185.5,-1.799894123875069,6682553,0.4553693159985315,1435117828125.0,6.859369973339053,27.0433,9.751870911186503,2.6595744680851063,Finance,0.4
NSE:CGPOWER,CGPOWER,894.2,-0.5117935024476981,1568625,0.6838665563324792,1415384274596.0,112.65653740519566,7.9374,21.12620173966123,0.14470169189670526,Producer Manufacturing,0.28787878787878785
NSE:POLYCAB,POLYCAB,9139.0,-2.4653148345784417,256329,1.0910774181465275,1407842730103.0,48.1613169609097,189.7581,29.270672035740542,0.5029427501337613,Producer Manufacturing,-0.17878787878787877
NSE:SIEMENS,SIEMENS,3957.0,0.3550595992898808,120374,0.24686856290642648,1403862712686.0,43.02410415377774,91.9717,12.43704033330725,0.3044062809162629,Producer Manufacturing,0.4
NSE:LTM,LTM,4562.2,-2.931914893617025,258617,0.7466609616973092,1392251488351.0,25.87894945827897,176.29,10.818456122705543,1.5978865287513049,Technology Services,0.04242424242424242
NSE:BOSCHLTD,BOSCHLTD,48730.0,3.747072599531616,93884,1.5924229137655264,1384069095450.0,60.81690342992109,801.2575,-11.324573260766062,0.575400969230966,Producer Manufacturing,0.5121212121212121
NSE:BPCL,BPCL,310.3,-2.005368703615969,5279338,1.112050504377079,1375294748535.0,7.738752871169592,40.0969,-1.167107053418259,5.520504731861198,Energy Minerals,-0.4454545454545455
NSE:BSE,BSE,3308.0,-0.7202881152460985,5805438,1.2302909491685314,1357120508789.0,53.969305365443006,61.2941,87.748031978436,0.3001200480192077,Finance,-0.3787878787878788
NSE:PNB,PNB,116.5,-0.6989430617115523,7854896,0.5160531816827747,1350420844727.0,6.061930555772363,19.2183,31.335337934804897,2.553191489361702,Finance,0.35454545454545455
NSE:BRITANNIA,BRITANNIA,5495.0,-0.470929179496468,281416,0.7150065602060239,1334145411056.0,50.82602699560371,108.1139,18.70317262338712,1.633898427485602,Consumer Non-Durables,-0.06666666666666667
NSE:ENRIN,ENRIN,3593.2,-0.34667332279446433,182367,0.1537245240210216,1283939129625.0,85.99546233450444,41.7836,,0.11094623268198649,Producer Manufacturing,0.5575757575757576
NSE:BANKBARODA,BANKBARODA,244.0,-1.0342729669438293,3516143,0.45246023417828496,1277326368652.0,6.948102797750409,35.1175,-6.666436328264112,3.4412955465587043,Finance,-0.5121212121212121
NSE:APOLLOHOSP,APOLLOHOSP,8817.0,-0.09631182369270863,474992,0.8631020738057374,1274794730927.0,60.70110917043194,145.2527,32.730263308188924,0.22558087074216107,Health Services,-0.024242424242424246
NSE:BAJAJHLDNG,BAJAJHLDNG,11254.0,-1.0985148079796117,21563,0.5027664629611064,1264116339079.0,14.141820570279533,795.7957,5.477965019776226,1.2765882518664602,Finance,0.17575757575757575
NSE:LODHA,LODHA,1211.1,-3.4210526315789545,1546585,1.4699081246238708,1253907083740.0,29.395631067961162,41.2,39.001349527665326,0.3386454183266932,Finance,-0.024242424242424246
NSE:GROWW,GROWW,193.81,-2.4560873722884873,57090190,3.1251808338623652,1246563641108.0,50.320654290536154,3.8515,34.92730775967772,,Miscellaneous,-0.4300699300699301
NSE:PFC,PFC,374.45,0.013354700854703892,7432713,0.7857330278416154,1237538177490.0,4.744257351730079,78.927,7.1267151037715095,3.9599999999999995,Finance,-0.35454545454545455
NSE:TATAPOWER,TATAPOWER,381.0,-0.1310615989515072,2827020,0.7886593870042727,1219022057251.0,31.556976493779715,12.0734,-4.977254482204981,0.655307994757536,Utilities,-0.08787878787878788
NSE:TMPV,TMPV,322.8,-2.241066020593573,9852938,0.930503581073074,1217379773939.0,1.526750773544266,211.4294,267.43427855431065,0.9075782786265314,Consumer Durables,-0.603030303030303
NSE:CANBK,CANBK,129.1,-1.5255530129672008,6610758,0.36723806357051925,1192790654785.0,5.896781207035942,21.8933,7.343776813512792,3.193916349809886,Finance,-0.13333333333333333
NSE:INDIANB,INDIANB,875.0,-0.7035860190649166,467195,0.26728197864009684,1189369202515.0,9.21890095950321,94.9137,16.568087306597373,2.066817667044168,Finance,0.31212121212121213
NSE:HDFCLIFE,HDFCLIFE,538.25,-0.8747697974217311,1269058,0.34288285538710545,1179653978027.0,58.82513661202186,9.15,4.847026469577174,0.3867403314917127,Finance,-0.4666666666666667
NSE:MUTHOOTFIN,MUTHOOTFIN,2894.1,0.1938722520339245,499350,0.5060046185398025,1160243893738.0,10.216029434138362,283.2901,84.78855875542219,1.0380622837370241,Finance,-0.3333333333333333
NSE:CIPLA,CIPLA,1431.1,-0.02794271742927635,589389,0.7038808515516958,1155230090942.0,34.318944844124694,41.7,-37.509366102202904,0.9090909090909091,Health Technology,-0.08787878787878788
NSE:HEROMOTOCO,HEROMOTOCO,5745.5,0.008703220191470844,485934,0.5678466783352026,1152813339844.0,21.11695089679506,272.08,8.15280041340382,3.2118055555555554,Consumer Durables,0.3333333333333333
NSE:JINDALSTEL,JINDALSTEL,1101.5,-1.3081265119612857,561873,0.7936934851146614,1139948490601.0,41.23599417492447,26.7121,-8.765164763101813,0.1789709172259508,Non-Energy Minerals,0.0
NSE:IRFC,IRFC,86.11,-1.0798391728891414,5598157,0.9438644361382508,1136960009766.0,15.64981916653036,5.5023,7.793123714369678,2.413793103448276,Finance,-0.603030303030303
NSE:SBIFUNDS,SBIFUNDS,554.85,-0.430686406460292,1615162,0.7600086034696865,1135938797862.0,,,,,Finance,-0.2857142857142857
NSE:GAIL,GAIL,173.5,0.8134805345729261,6078594,0.5818204894510121,1134533457663.0,11.547958973130196,15.0243,-15.103519200777516,3.187481889307447,Utilities,-0.13333333333333333
NSE:LGEINDIA,LGEINDIA,1649.4,-1.0913888222595238,812304,0.5768601054733408,1131276036869.0,61.35612891706098,26.8824,,,Consumer Durables,0.3787878787878788
NSE:ZYDUSLIFE,ZYDUSLIFE,1115.6,-1.4052143172779576,809855,0.3779839180585772,1129174283691.0,24.868147104586207,44.8606,-1.276608855057254,0.08833922261484099,Health Technology,-0.22424242424242424
NSE:UNITDSPR,UNITDSPR,1520.9,-1.5598705501618064,328343,0.7147924815332758,1123757126770.0,64.0144452347982,23.7587,11.426534660894944,1.1003236245954693,Consumer Non-Durables,0.2212121212121212
NSE:MARICO,MARICO,841.55,-1.2323220468282379,536739,0.3187074067100402,1106226420410.0,57.87667464443894,14.5404,12.923743622003212,0.4694835680751174,Consumer Non-Durables,-0.33636363636363636
NSE:GVT&D,GVT&D,4195.0,-2.2144522144522143,512446,0.5130975826201694,1098439653625.0,82.30509192860745,50.9689,70.59577601499481,0.2331002331002331,Producer Manufacturing,-0.4242424242424242
NSE:ABCAPITAL,ABCAPITAL,402.0,0.8276899924755485,4314210,1.552004513760581,1095133361578.0,25.968992248062015,15.48,19.536679536679546,,Finance,0.02121212121212121
NSE:LLOYDSME,LLOYDSME,1938.6,-0.17507723995881003,347854,0.5239165098901376,1088990034263.9999,22.73217636022514,85.28,211.127325793506,0.05156898641157208,Non-Energy Minerals,0.02121212121212121
NSE:HDFCAMC,HDFCAMC,2525.0,0.07927070947284978,672049,0.8943502081275335,1081035732594.0,36.839801575722205,68.54,12.934585598945475,2.1418796977569756,Finance,-0.3787878787878788
NSE:GMRAIRPORT,GMRAIRPORT,101.39,0.07896555127825317,6637608,0.6969371697870911,1071736021972.9999,266.6053115961083,0.3803,,,Transportation,-0.31212121212121213
NSE:TATACONSUM,TATACONSUM,1061.6,-1.0255454036919636,939857,0.6526441630811493,1064906442626.9999,64.24555649021731,16.5241,22.823800498011675,0.929368029739777,Consumer Non-Durables,-0.4666666666666667
NSE:VEDL,VEDL,264.0,-2.1134593993325876,9766069,0.7137607861001425,1055218209329.0,5.278944211157769,50.01,34.652665589660735,12.59959236612933,Non-Energy Minerals,-0.3333333333333333
NSE:LENSKART,LENSKART,628.4,3.4233048057932773,10855550,1.2534143852813309,1054360202801.0001,165.86601910996146,3.7886,,,Health Technology,0.5979020979020979
NSE:ASHOKLEY,ASHOKLEY,176.35,-0.4234895539243365,14204979,0.6506351039332388,1042609172363.0,29.785329437397603,5.9207,8.451632993240898,1.971830985915493,Producer Manufacturing,0.5575757575757576
NSE:MAZDOCK,MAZDOCK,2587.0,0.6732303381717781,1229008,1.060470773477669,1033459572510.0,36.514998390912325,70.8476,31.72493934126003,0.7072599531615925,Producer Manufacturing,0.49090909090909096
NSE:LUPIN,LUPIN,2232.0,-1.1952191235059761,694267,0.505704689969279,1032985049744.0,18.48753416714984,120.73,49.38134125216532,0.796742209631728,Health Technology,-0.4454545454545455
NSE:AMBUJACEM,AMBUJACEM,412.4,-0.6863335340156587,2376599,0.8009201655208744,1031199112549.0,23.344012860717076,17.6662,0.8333238205043367,0.48192771084337355,Non-Energy Minerals,-0.3090909090909091
NSE:OFSS,OFSS,11623.0,-1.4080922894223429,111491,0.5516347022564917,1025357645840.0,29.756784434203787,390.6,41.804320203303696,0.0,Technology Services,0.17575757575757575
NSE:INDHOTEL,INDHOTEL,719.0,-0.1388888888888889,1151579,0.7564061696702015,1024871220703.0,47.692960810846664,15.0756,9.733302276829901,0.3819444444444444,Consumer Services,-0.02121212121212121
NSE:JSWENERGY,JSWENERGY,548.1,-1.3321332133213282,1195508,0.7837359521761033,1018132969843.0,49.471527470642926,11.0791,-10.865909877149086,0.3601656762110571,Utilities,-0.35757575757575755
NSE:PAYTM,PAYTM,1546.3,-2.145298063536267,3845521,0.6945441368061879,1014913725281.0,154.47552447552448,10.01,125.45045045045042,,Finance,0.3787878787878788
NSE:INDUSTOWER,INDUSTOWER,372.4,-2.0000000000000058,4521921,0.7654241543747675,1003642137451.0,13.727918841605474,27.1272,-26.28858836092703,3.679369250985545,Finance,-0.603030303030303
NSE:BHARATFORG,BHARATFORG,2098.9,0.28189202102246014,771557,0.4388415529896012,997842622904.0,142.09311299614794,14.7713,-31.626697031554485,0.4072539108353496,Producer Manufacturing,-0.02121212121212121
NSE:DRREDDY,DRREDDY,1178.8,-1.1073825503355743,804823,0.38984175434626145,994444625000.0,29.70728695454946,39.6805,-41.712068887005394,0.6711409395973155,Health Technology,-0.3787878787878788
NSE:MANKIND,MANKIND,2380.0,-0.03780083161829942,366010,1.03580622010111,991169662067.0,48.15864022662889,49.42,6.279569892473122,0.0,Health Technology,-0.26666666666666666
NSE:MAXHEALTH,MAXHEALTH,1014.4,1.0660555943010792,2219074,0.9807127329656453,976971864682.0,68.03487592219986,14.91,27.109974424552423,0.19924287706714486,Health Services,-0.35454545454545455
NSE:LAURUSLABS,LAURUSLABS,1814.0,0.23760844338840437,1291687,0.8261495695625961,971908981384.0,89.65817204088492,20.2324,114.56265377110373,0.11117287381878821,Health Technology,0.28787878787878785
NSE:GODREJCP,GODREJCP,931.0,0.3232758620689655,1452953,0.3640869275258899,950343302506.0,49.78183684818411,18.7016,3.1920587537452105,2.153547970281038,Consumer Non-Durables,-0.26363636363636367
NSE:MANIPALHOS,MANIPALHOS,724.8,0.26283026698021544,1226268,,949307739323.0,,,,,Health Services,1.0
NSE:NYKAA,NYKAA,320.6,-1.972175508332056,1680731,0.20665153873005931,936920842042.0,358.412520961431,0.8945,220.60931899641574,,Retail Trade,-0.1575757575757576
NSE:AUROPHARMA,AUROPHARMA,1645.0,1.0939036381514229,573959,0.47448862758000837,934989036560.0,25.70192022248957,64.003,9.609380753152408,0.3384615384615385,Health Technology,0.4666666666666667
NSE:MEESHO,MEESHO,192.95,-0.44887008564647846,5326664,0.5311928497869769,896047751415.0,,-2.6908,,,Retail Trade,0.29370629370629375
NSE:RECLTD,RECLTD,338.5,-0.4411764705882353,5973261,0.864563048331451,895164572110.0,5.558684767561585,60.8957,-4.872021182700795,5.353728489483747,Finance,-0.4454545454545455
NSE:SHREECEM,SHREECEM,24725.0,0.7744039127776645,39651,1.878339712737333,889011533602.0,54.7268262602,451.7894,9.636013484720966,0.6087785872278252,Non-Energy Minerals,-0.26363636363636367
NSE:IDBI,IDBI,81.11,-1.30201995619373,1957588,0.6914254000718344,883309868946.0,9.359674125018751,8.6659,17.717615735709636,0.0,Finance,-0.4454545454545455
NSE:PERSISTENT,PERSISTENT,5442.5,-2.289048473967684,352861,0.8914239779385443,879014580811.0,44.55842741704396,122.143,25.273073002028685,0.7178493234270127,Technology Services,0.04242424242424242
NSE:NAUKRI,NAUKRI,1354.9,-0.06638147219352881,1540339,0.5680244515372872,878869370665.0,55.82612278533169,24.27,53.70487650411654,0.619743249225321,Technology Services,0.4454545454545455
NSE:FEDERALBNK,FEDERALBNK,357.8,1.0449025698955066,2828297,0.7236656417092642,866868787805.0,19.143927233814875,18.69,14.38188494492045,0.33860045146726864,Finance,0.5121212121212121
NSE:DIXON,DIXON,14150.0,0.8912655971479502,387350,1.4281463740346139,859046951866.0,44.92278836223578,314.9849,59.5896980164836,0.0711743772241993,Electronic Technology,0.4666666666666667
NSE:BHARTIHEXA,BHARTIHEXA,1600.4,-2.4741011578305856,104513,0.3688412062606977,819474975586.0,43.870614035087726,36.48,32.75109170305676,1.098264132523872,Communications,0.3787878787878788
NSE:HAVELLS,HAVELLS,1299.7,0.05388760585065785,1021153,1.1145898470948483,815830139160.0,49.939482430692976,26.0255,15.580020695198812,0.7692307692307693,Producer Manufacturing,0.4242424242424242
NSE:ICICIGI,ICICIGI,1623.8,-0.15372317530590912,625721,0.7086470957373086,814331715813.0,33.54265647593473,48.41,-9.480179506357517,0.8280938506364055,Finance,-0.3090909090909091
NSE:AUBANK,AUBANK,1075.7,0.3264316358888267,450480,0.2987920769160105,809175318237.0,28.40506997623449,37.87,29.42583732057415,0.09267840593141798,Finance,0.4242424242424242
NSE:POLICYBZR,POLICYBZR,1747.0,1.0936867079451473,1267034,0.8963106100521049,800138287662.0,108.64427860696519,16.08,97.78597785977855,,Technology Services,0.4
NSE:COFORGE,COFORGE,1773.0,-1.8272425249169437,1572473,0.8642869246615213,797330436650.0,36.30964570960475,48.83,65.3572637995259,0.8772416856365555,Technology Services,0.17575757575757575
NSE:HINDPETRO,HINDPETRO,366.0,-1.3477088948787064,5319537,0.7705839102242601,789422151123.0,46.59749188363359,7.8545,-83.63509459121593,6.536388140161725,Energy Minerals,-0.5121212121212121
NSE:LTF,LTF,325.1,3.2063492063492136,10164077,2.8799964932539766,788652597999.0,25.659037095501187,12.67,19.303201506591343,0.8738481093104544,Finance,0.603030303030303
NSE:INDUSINDBK,INDUSINDBK,1015.0,0.435384919849592,539353,0.5012731812579243,786924078979.0,60.00626666430189,16.9149,30.708837870627235,0.1485148514851485,Finance,0.11212121212121212
NSE:WAAREEENER,WAAREEENER,2709.1,0.0775766531215334,396467,0.8916449846586064,778672168365.0,20.446037735849057,132.5,74.87432145463761,0.1477650535648319,Electronic Technology,-0.08787878787878788
NSE:NTPCGREEN,NTPCGREEN,92.17,0.032559149120904206,1292206,0.5488693649404504,775980706036.0,127.96057198389559,0.7203,8.544303797468368,,Utilities,-0.2424242424242424
NSE:SRF,SRF,2630.0,0.5351681957186544,238557,0.7464178158806642,773787281209.0,36.06217502906913,72.9296,51.08273446126373,0.3830830524057615,Process Industries,-0.17575757575757575
NSE:OIL,OIL,480.5,1.2324870957547716,5000204,1.270988340454094,772638699341.0,9.356203620587932,51.3563,27.311782642108128,2.4210526315789473,Energy Minerals,0.5363636363636364
NSE:NHPC,NHPC,76.73,0.16971279373369408,5332640,0.5558230222574567,769951885201.0,20.301090062440473,3.7796,24.120718531411107,2.100456621004566,Utilities,-0.5121212121212121
NSE:NAM_INDIA,NAM_INDIA,1170.6,-2.668994761785993,1023188,1.1002571633958043,768753317871.0,46.41554321966693,25.22,20.32442748091602,1.787941787941788,Finance,0.08787878787878788
NSE:SWIGGY,SWIGGY,274.0,-1.721664275466288,8340378,0.5571267770628583,767919242875.0,,-15.1558,4.920295355738045,,Transportation,-0.35757575757575755
NSE:MCX,MCX,3040.0,3.6446080938256484,3187337,1.0255945172694012,750185983124.0,50.2120799693442,60.5432,136.22374129912288,0.27192386131883073,Finance,0.5121212121212121
NSE:NMDC,NMDC,84.19,-1.5321637426900612,18385807,0.9215908527343211,748183728968.0,9.918475059494355,8.4882,14.127058823529422,3.8777908343125738,Non-Energy Minerals,-0.3787878787878788
NSE:ICICIPRULI,ICICIPRULI,498.2,-1.735700197238661,1584354,0.8966882074663063,734618609179.0,45.1268115942029,11.04,35.128518971848216,0.32586155821072377,Finance,-0.5121212121212121
NSE:IDFCFIRSTB,IDFCFIRSTB,84.76,-0.3409758965314427,8797023,0.7815144639319624,734269268325.0,32.670366944187485,2.5944,48.72735611098371,0.29353058588704944,Finance,0.15454545454545454
NSE:UNOMINDA,UNOMINDA,1273.0,0.2441137097409173,452562,0.45399485315604576,733382599487.0,61.17251321480058,20.81,15.80411797440178,0.20866141732283464,Producer Manufacturing,0.5121212121212121
NSE:DABUR,DABUR,403.5,-0.8112094395280264,1853574,0.906399314890208,723063006042.0,36.343820649775274,11.1023,10.801397205588824,2.024043179587831,Consumer Non-Durables,-0.5121212121212121
NSE:YESBANK,YESBANK,22.46,-2.006980802792325,49786541,1.1127490501594537,719089947008.0,18.84702525803474,1.1917,36.41254578754578,,Finance,-0.26666666666666666
NSE:NATIONALUM,NATIONALUM,388.0,0.11611404980002286,2822603,0.2391390218136547,714633411076.0,10.556185843284172,36.7557,17.83316769788092,2.955538421999486,Non-Energy Minerals,0.4
NSE:SAIL,SAIL,170.2,-1.9585253456221232,11041231,0.6060300567823628,714580892578.0,16.461144155906958,10.3395,40.73474165623127,1.3583815028901733,Non-Energy Minerals,-0.08787878787878788
NSE:ASTERDM,ASTERDM,818.0,-0.21347971942665445,605438,0.5836357046182795,714422697689.0,132.67159724925392,6.1656,-2.695536897923108,0.4880429477794046,Health Services,-0.09090909090909091
NSE:ATGL,ATGL,647.3,0.061833359097229444,343086,0.6170399542030122,711412109551.0,112.6072056086147,5.7483,-2.409086278903937,0.03864883667001623,Utilities,-0.28787878787878785
NSE:OBEROIRLTY,OBEROIRLTY,1858.0,-3.7804246504401866,1640360,3.4042860516748523,702661375961.0,25.69453375761121,72.3111,27.494803136278595,0.4139715394566624,Finance,0.4
NSE:BAJAJHFL,BAJAJHFL,84.36,0.4285714285714279,1889881,0.7868788803066039,700249437746.0,26.09664047515931,3.2326,17.110459008078838,,Finance,-0.26363636363636367
NSE:PHOENIXLTD,PHOENIXLTD,1940.0,0.5285521815732224,456494,1.079517627820469,691352716736.0,54.199936301105794,35.7934,20.027497401160243,0.12933264355923435,Finance,0.11212121212121212
NSE:FORTIS,FORTIS,916.7,0.874828060522701,1108125,0.55997895767734,687011898193.0,66.0441927651818,13.8801,20.65140860373947,0.10989010989010989,Health Services,-0.3333333333333333
NSE:PRESTIGE,PRESTIGE,1590.0,-0.11935423079339726,681675,1.1763803432181439,685959440233.0,60.13342813488042,26.4412,111.83294477692051,0.12558475401086308,Finance,-0.08787878787878788
NSE:JSWINFRA,JSWINFRA,328.65,-2.012522361359571,1863136,0.6124409865950629,684590656738.0,46.23403297507175,7.1084,-6.83617300131062,0.26865671641791045,Industrial Services,-0.1575757575757576
NSE:SUZLON,SUZLON,47.78,-2.4897959183673444,62257069,1.3771402144714837,672434086667.0,20.848241556854877,2.2918,50.134294136914505,,Producer Manufacturing,-0.5121212121212121
NSE:BIOCON,BIOCON,417.5,1.3349514563106795,2689468,0.6430530105305099,670947354432.0,124.18203450327186,3.362,4.892050418070637,0.12132977432661975,Health Technology,0.003030303030303022
NSE:APARINDS,APARINDS,17214.0,4.175744371822803,338499,1.7155328911958765,663559805588.0,58.66075992502982,293.45,33.730232693794896,0.36334678725742814,Electronic Technology,0.603030303030303
NSE:TORNTPOWER,TORNTPOWER,1264.1,-3.709628275441807,356284,1.3044264622643928,661625340057.0,27.41083509697117,46.1168,-16.62318549735769,1.5232292460015233,Utilities,-0.5121212121212121
NSE:GLENMARK,GLENMARK,2305.0,-1.03048518677544,379451,0.9073902430158994,656399073975.0,36.18882244240796,63.6937,138.47369228983598,0.21496130696474636,Health Technology,0.3090909090909091
NSE:BANKINDIA,BANKINDIA,142.1,-1.1478260869565258,2379725,0.39228819977280593,653080206224.0,5.492127049402089,25.8734,24.12936158780266,3.241547577553155,Finance,-0.15454545454545454
NSE:IOB,IOB,33.27,-1.1586452762923158,2089378,0.8743694034945934,648369344779.0,10.752375412061278,3.0942,50.605986858116324,,Finance,-0.5121212121212121
NSE:PIRAMALFIN,PIRAMALFIN,2060.5,-0.271042059919651,176263,1.2230082048257558,647040261400.0,27.829551593733115,74.04,255.72381917852974,0.533514404888932,Finance,-0.32167832167832167
NSE:ALKEM,ALKEM,5475.0,1.8794194268701154,127014,0.8805593916906541,643259713135.0,30.373974358263112,180.253,-5.663399002377614,0.9851301115241635,Health Technology,-0.3333333333333333
NSE:BERGEPAINT,BERGEPAINT,541.2,-1.4835714935833217,243429,0.3228163096969946,640310470270.0,51.86988441411567,10.4338,6.566301361468294,0.7283984339433671,Process Industries,0.3787878787878788
NSE:SCHAEFFLER,SCHAEFFLER,4073.3,1.1020377770607386,107257,1.6525942109820624,629919416230.0,50.792760102002006,80.1945,23.80929590598495,0.8684648023622242,Producer Manufacturing,-0.31212121212121213
NSE:KALYANKJIL,KALYANKJIL,601.6,-1.377049180327865,6088954,0.33825253299398134,629196987793.0,43.360746127732575,13.8743,78.63368911663599,0.4103405826836274,Retail Trade,0.26666666666666666
NSE:RADICO,RADICO,4732.9,0.841607363531768,412854,1.18778399658902,626434670792.0,90.11082742640856,52.5231,76.42251571989036,0.192492781520693,Consumer Non-Durables,0.6484848484848484
NSE:MAHABANK,MAHABANK,80.49,-0.7521578298397035,8397248,0.747507644813623,623708181037.0,8.21536106149528,9.7975,28.38740958171716,2.713034899494389,Finance,0.2909090909090909
NSE:GICRE,GICRE,359.9,1.2376933895921174,744425,1.3228918895624955,623513757969.0,7.113477658462153,50.5941,3.6726104365002876,3.728193584693303,Finance,0.1575757575757576
NSE:COROMANDEL,COROMANDEL,2062.7,-1.6778683445350242,58848,0.6030367029730668,618870755836.0,33.210433102559975,62.11,-19.00104329681795,0.5243713502562269,Process Industries,-0.09090909090909091
NSE:SBICARD,SBICARD,615.0,-4.168289832489287,2769389,2.1258870339950597,613809423523.0,25.722531264377434,23.909,21.13550923627224,0.3875968992248062,Finance,-0.5575757575757576
NSE:JSL,JSL,732.4,-1.5591397849462396,658312,1.5631944815467815,612420046798.0,18.602997205994413,39.37,26.216237877694955,0.5384667160261156,Non-Energy Minerals,-0.045454545454545456
NSE:GODREJPROP,GODREJPROP,1997.4,-2.7555988315481943,687148,1.009874801026235,611789970795.0,37.60137348363341,53.1204,5.165795241046023,0.4923682914820286,Finance,-0.11212121212121212
NSE:RBLBANK,RBLBANK,383.0,0.39318479685452157,2330503,0.9857107026346632,589147708557.0,27.87481804949054,13.74,45.111209682529626,0.26298487836949375,Finance,0.3333333333333333
NSE:ATHERENERG,ATHERENERG,1465.8,-1.3062213843253494,2760313,0.4423314331850724,585743514575.0,,-10.2253,,,Consumer Durables,0.26666666666666666
NSE:APLAPOLLO,APLAPOLLO,2115.0,1.6191803199923038,417908,0.6640004410696193,577529506836.0,47.78408372042583,44.2616,53.37403754859904,0.4086538461538462,Non-Energy Minerals,0.5121212121212121
NSE:MOTILALOFS,MOTILALOFS,938.0,-1.780104712041885,1040916,0.8488850450838372,575652214111.0,29.064182887455303,32.2734,-29.409680375683784,0.6276150627615062,Technology Services,0.3090909090909091
NSE:LINDEINDIA,LINDEINDIA,6725.5,-0.09655377302436126,33872,1.1870126684305513,575267669364.0,104.98095654345656,64.064,21.862326614774734,0.1779016500378041,Process Industries,-0.3787878787878788
NSE:ABBOTINDIA,ABBOTINDIA,26580.0,-1.207953911912284,4509,0.4191026796917843,572321268700.0,34.979465027378204,759.8744,11.181661357840271,1.949234507762594,Health Technology,-0.603030303030303
NSE:HDBFS,HDBFS,698.15,2.0836379587659013,512934,1.2678949444773475,568451146987.0,21.03653483992467,33.1875,22.28260869565217,0.5844962373054723,Finance,0.2909090909090909
NSE:MRF,MRF,133505.0,0.36837950607074393,2637,0.5689443137931779,564271184069.0,23.445026466160602,5694.3847,34.26453986260389,0.17662931144633098,Consumer Durables,0.3787878787878788
NSE:KEI,KEI,5790.0,-1.4132470628298996,311463,0.4083222686484514,560697481270.0,55.56088667114481,104.21,31.678038918372497,0.07672634271099744,Producer Manufacturing,0.4
NSE:HINDCOPPER,HINDCOPPER,566.35,-1.1001484327250424,15495670,0.944991654672693,553621232452.0,48.2,11.75,133.81223385203168,0.4995633187772926,Non-Energy Minerals,0.4212121212121212
NSE:MFSL,MFSL,1584.5,0.8144047846281067,1054783,1.0215257975254426,540794854949.99994,495.04795825913084,3.2007,-59.23090640444286,,Finance,0.2909090909090909
NSE:M&MFIN,M&MFIN,386.2,-0.6942658781177652,1441684,0.5206138017091939,539989439981.00006,16.498985367937628,23.4075,30.499138647146367,1.9295086184718293,Finance,0.26666666666666666
NSE:COLPAL,COLPAL,1903.0,-3.105906313645621,721518,2.7625411068496675,534451755524.00006,38.40332573204448,49.553,-3.278192553554881,2.4427480916030535,Consumer Non-Durables,-0.4666666666666667
NSE:TIINDIA,TIINDIA,2959.0,7.937550156854159,4187661,12.703543902214838,528065265503.0,94.45827746919491,31.326,-6.040791841631682,0.1282991202346041,Non-Energy Minerals,0.603030303030303
NSE:FLUOROCHEM,FLUOROCHEM,4674.8,-0.6946362187997837,123058,0.34915053126729856,516536684280.0,83.91357339924646,55.7097,-1.6124275246500144,0.06379992344009187,Process Industries,0.3090909090909091
NSE:KRT.RR,KRT.RR,115.27,-0.18184967093869758,817371,1.1869621795222736,512971325572.0,81.50321713922082,1.4143,,0.0,Finance,-0.603030303030303
NSE:FACT,FACT,794.85,0.20170185943901958,54378,0.6375009232262625,512707500425.0,,-1.6342,-212.277567846101,0.04922067268252667,Process Industries,-0.3090909090909091
NSE:ANTHEM,ANTHEM,891.05,-0.7739420935412077,477452,0.6586164381256278,506222105988.0,87.78817733990147,10.15,,0.22259321090706735,Health Technology,0.4
NSE:SUNDARMFIN,SUNDARMFIN,4619.6,2.115431375583031,81083,1.911681146777635,502767204210.0,22.93636741879972,201.4094,15.623482297344005,0.8839388314328648,Finance,0.31212121212121213
NSE:BDL,BDL,1393.0,0.9420289855072465,2605376,1.1081386374422286,502190625000.0,98.03369600405365,14.2094,-7.117784328977722,0.35766423357664234,Electronic Technology,0.35454545454545455
NSE:SONACOMS,SONACOMS,824.0,2.3475344677679764,2863731,1.2580335115553807,501960049438.0,73.62730643792165,11.1915,17.818905346934894,0.44720496894409933,Producer Manufacturing,0.5121212121212121
NSE:WELCORP,WELCORP,1917.1,1.8650371944739592,712582,0.9933758862855516,496467204610.0,21.901079003135905,87.5345,14.679025284946936,0.2656677559044659,Producer Manufacturing,0.5121212121212121
NSE:VMM,VMM,103.71,-1.696682464454982,5295723,0.6731780302248339,494428786366.0,54.77447977183902,1.8934,26.98859825620388,,Retail Trade,-0.603030303030303
NSE:THERMAX,THERMAX,4079.9,-1.4850050707490112,126423,0.5355606456567961,493843299465.0,77.45317100674505,52.6757,-11.5571114357192,0.3377970804680902,Producer Manufacturing,-0.2212121212121212
NSE:TATACOMM,TATACOMM,1689.8,-1.2909632571996108,357269,1.5111067311202089,487720655785.0,50.984817398440704,33.1432,-33.680705629992474,1.0226741467975689,Communications,-0.603030303030303
NSE:GLAND,GLAND,2858.6,-1.7730740155315754,488594,0.34762527612571925,479789016513.0,41.75015919566754,68.4692,46.45348277595372,0.6876633200385092,Health Technology,0.4
NSE:UPL,UPL,560.05,-1.2431669899488746,1746401,0.7823660071303498,479488134277.0,23.411308324485205,23.9222,75.80028807431141,1.056338028169014,Process Industries,-0.4666666666666667
NSE:MPHASIS,MPHASIS,2432.0,-3.1075697211155378,504650,1.133272790314554,479098892670.0,24.329731892757103,99.96,9.677419354838703,2.4701195219123506,Technology Services,0.06666666666666667
NSE:IPCALAB,IPCALAB,1882.1,-0.13265414411546217,804457,0.7620045817441602,477741791431.0,36.455730528599375,51.627,68.2137934854503,0.3185727938834023,Health Technology,0.5575757575757576
NSE:360ONE,360ONE,1163.6,-0.8013640238704255,683635,0.7003534882958545,476325233976.0,38.69637512470901,30.07,13.25800376647834,1.0250715414513305,Finance,0.2212121212121212
NSE:RVNL,RVNL,225.0,-1.5317286652078774,2172012,0.5458476714937981,476010076822.0,52.150936399035785,4.3144,-24.533846422949093,0.7490144546649145,Industrial Services,-0.4666666666666667
NSE:AIIL,AIIL,553.25,0.3173164097914778,107054,0.1717003213988025,468347876984.0,22.332511211667402,24.7733,-48.53392112217254,,Finance,0.08787878787878788
NSE:BALKRISIND,BALKRISIND,2376.7,-1.267032236623463,54929,0.2488674354679477,465739751333.0,32.68828739615998,72.708,-3.282190716644006,0.5811057612485473,Consumer Durables,0.28787878787878785
NSE:AJANTPHARM,AJANTPHARM,3706.4,-0.3173578613307441,145435,1.7104647251565979,463985358729.0,40.82257533353379,90.7929,22.17551319746748,0.8618135789502034,Health Technology,0.3090909090909091
NSE:PREMIERENE,PREMIERENE,1014.7,-0.07877892663712009,538817,0.6582641676873838,461237423723.0,27.495142895078406,36.9047,58.92470339986651,0.0,Electronic Technology,-0.2909090909090909
NSE:SUPREMEIND,SUPREMEIND,3604.0,0.38997214484679665,105993,0.5987763817959958,457423788963.0,44.34377003251958,81.2741,16.024639894930687,0.9997222993612884,Producer Manufacturing,0.4454545454545455
NSE:GLAXO,GLAXO,2877.4,6.456028709904177,477551,8.05315017394633,457362425282.0,45.63491434135944,63.0526,12.406049888044262,2.111267501296392,Health Technology,0.603030303030303
NSE:AEGISLOG,AEGISLOG,1367.7,6.253884400248601,3096670,2.7350675409334584,451561500000.0,38.36605542418097,35.6487,88.67136642215235,0.5207928488146133,Distribution Services,0.5121212121212121
NSE:POONAWALLA,POONAWALLA,497.9,0.09046135289978664,599958,0.35208817280617427,438186894455.0,52.521097046413495,9.48,,,Finance,0.49090909090909096
NSE:INDOMIM,INDOMIM,952.75,9.998268198349018,10245867,2.990663614278196,427651790830.0,,,,,Producer Manufacturing,0.6666666666666666
NSE:PETRONET,PETRONET,286.25,1.5791341376862982,2932615,1.8327479498244847,423750034485.0,10.203645151976389,28.0537,13.452338104038855,3.5398230088495577,Utilities,0.5575757575757576
NSE:ENDURANCE,ENDURANCE,3018.3,1.3464508763682885,130409,0.7169793063484026,419337017086.0,43.77475500611307,68.9507,12.928226201375434,0.38575717424483835,Producer Manufacturing,0.4666666666666667
NSE:VOLTAS,VOLTAS,1252.9,-1.112865035516962,993932,0.8515379879607936,419230959381.0,92.2939794181995,13.5751,-30.639491513299745,0.31570639305445936,Producer Manufacturing,-0.603030303030303
NSE:NAVINFLUOR,NAVINFLUOR,8255.0,1.2759170653907497,107248,0.1842114845678567,417866186462.0,53.614340455932975,153.97,115.61405965551043,0.18538070567436837,Process Industries,0.5363636363636364
NSE:PAGEIND,PAGEIND,36425.0,-2.502676659528908,46243,1.1210397065704083,417656826806.0,53.752587281363105,677.6418,-1.1615427766467477,1.6023501134997997,Consumer Non-Durables,-0.4454545454545455
NSE:EMBASSY.RR,EMBASSY.RR,440.0,-0.06586567943855651,1465123,0.22116553721701226,417499808382.0,110.16524787180771,3.994,-76.35049116844206,4.379611760699285,Finance,0.06969696969696969
NSE:ASTRAL,ASTRAL,1520.0,-1.1896249106156118,176324,0.11360884097964526,412646625000.0,70.95376801852267,21.4224,18.81530782029949,0.26041666666666663,Producer Manufacturing,0.3333333333333333
NSE:JKCEMENT,JKCEMENT,5375.5,0.6647940074906368,21124,0.7252427317796668,412522659302.0,43.92785551490507,122.3711,-5.467713153442679,0.37453183520599254,Non-Energy Minerals,-0.4
NSE:GODREJIND,GODREJIND,1229.9,0.5641864268193042,197223,1.5205176558387654,411665689579.0,35.24361623172126,34.8971,16.57001797131272,,Process Industries,-0.13333333333333333
NSE:AIAENG,AIAENG,4447.6,1.4599872251117803,52127,0.7495175951940691,408855205333.0,32.77625394448465,135.6958,15.097004246930995,0.36519674974892724,Producer Manufacturing,0.003030303030303022
NSE:EXIDEIND,EXIDEIND,465.25,-2.19676266554551,1543702,0.3376102787007858,404387500000.0,42.44671921757536,10.9608,9.87279343217155,0.42038885969521805,Producer Manufacturing,0.17575757575757575
NSE:IRCTC,IRCTC,493.05,-1.3801380138013757,591121,0.6125431658683301,399919995117.0,28.317653950859782,17.4114,4.112750843119898,1.8003600720144028,Consumer Services,-0.49090909090909096
NSE:CONCOR,CONCOR,518.25,-1.1916110581506196,419162,0.2220907736336978,399011646841.0,31.745594207692452,16.3251,-4.145357610489044,1.6415346440160337,Transportation,0.4454545454545455
NSE:HSCL,HSCL,781.8,-0.7112014224028477,3303311,0.9730307915662934,397593759033.0,49.112050607147566,15.9187,29.000810372771475,0.10152284263959391,Process Industries,0.35454545454545455
NSE:CPPLUS,CPPLUS,3342.0,-0.03290359247404831,412161,1.501800363352021,394027204188.0,82.34447685878736,40.5856,,0.049051129820993286,Consumer Durables,-0.33636363636363636
NSE:3MINDIA,3MINDIA,34945.0,0.10025780578630766,1635,0.3323508486634821,392227205921.0,68.14292444588658,512.8192,16.32892541548945,1.453271296455856,Producer Manufacturing,0.06969696969696969
NSE:KPRMILL,KPRMILL,1123.5,-1.0655160267699815,110490,0.31046005071212773,388146899123.0,42.09268257958646,26.6911,10.65365465377072,0.44031526573026286,Consumer Non-Durables,0.4454545454545455
NSE:NLCINDIA,NLCINDIA,276.65,-0.3601656762110571,866232,0.34422858826866054,384167652183.0,11.954300134385951,23.1423,12.222502400372413,1.3896408590507128,Utilities,-0.4
NSE:COCHINSHIP,COCHINSHIP,1485.1,1.8726848676087224,1360000,1.0685615825397037,383545475628.0,57.443343789767646,25.8533,-19.11896285265575,0.6173262912408258,Producer Manufacturing,0.403030303030303
NSE:PATANJALI,PATANJALI,351.65,-0.6357728171799945,3890238,0.9161673820656205,382987343750.0,19.42163138389824,18.1061,61.397894511646165,0.0,Process Industries,-0.37575757575757573
NSE:MEDANTA,MEDANTA,1442.7,1.950392198431216,309118,1.149960473573096,380198175773.0,69.748553250533,20.6843,4.002353142299741,0.035359428591633955,Health Services,0.4666666666666667
NSE:HUDCO,HUDCO,188.01,-0.5290725358446644,1133671,0.5561277332056975,378659377399.0,8.844990379232314,21.2561,52.97771124657249,3.251387787470262,Finance,-0.4454545454545455
NSE:PIIND,PIIND,2515.0,1.7394822006472492,623898,1.6071047704813137,376867820984.0,32.749911777076626,76.7941,-27.695571201795698,0.6038647342995169,Process Industries,-0.26363636363636367
NSE:LTTS,LTTS,3509.9,-0.5271361768456826,47263,0.49367899114546937,374533292595.0,28.221436037629655,124.37,3.979600367862223,1.642710472279261,Commercial Services,0.045454545454545456
NSE:NH,NH,1803.0,-1.3945857260049221,233094,0.546303392511865,373459123140.0,44.94522067530007,40.1155,3.8930599834767667,0.2462447672986949,Health Services,-0.603030303030303
NSE:NHIT,NHIT,168.0,0.0,25000,0.04830917874396135,365692141846.0,40.218328066647516,4.1772,56.052002390914524,5.298830409356725,Miscellaneous,0.045454545454545456
NSE:BAGMANE.RR,BAGMANE.RR,106.65,-0.7445323406235432,321382,0.4875783446045995,365466000000.0,,,,0.0,Finance,0.09090909090909091
NSE:CUPID,CUPID,284.03,6.250935208738582,68914470,1.69974436822129,362117128031.0,283.29343706363454,1.0026,185.9669138619509,,Consumer Non-Durables,0.5818181818181818
NSE:UBL,UBL,1355.5,-0.9064990130857585,61618,0.7640571486673825,361587277663.0,90.59012230167748,14.963,-12.473530891350903,0.7312346897736829,Consumer Non-Durables,-0.6484848484848484
NSE:ANANDRATHI,ANANDRATHI,2194.8,0.8639705882353025,132268,0.47316373064853784,361280891276.0,78.94282507984923,27.8024,44.081507853837266,0.29873382815911026,Finance,0.49090909090909096
NSE:EMCURE,EMCURE,1874.5,0.03201878435348252,136781,0.8426117693732144,355593359064.0,35.135170596295104,53.3511,35.60575251380178,0.19203072491598655,Health Technology,-0.06666666666666667
NSE:PWL,PWL,122.05,1.7337667750270889,52106358,3.5068047670357823,348396490495.0,1548.8578680203045,0.0788,,,Commercial Services,-0.23076923076923078
NSE:ITCHOTELS,ITCHOTELS,164.43,-1.1601346477518675,817625,0.42471389438421875,347232145914.0,39.63887951400608,4.1482,119.5860462654174,0.599880023995201,Consumer Services,-0.49090909090909096
NSE:DALBHARAT,DALBHARAT,1837.1,-0.37418655097614373,246657,2.337812631507114,346584368772.0,36.93212658767334,49.7426,-0.21524616899932614,0.48706569975105535,Producer Manufacturing,0.26666666666666666
NSE:ESCORTS,ESCORTS,3062.1,-2.2817207046208834,51746,0.6401965648170257,344572347202.0,24.36813624064937,125.66,-41.417249417249415,1.0534716679968077,Producer Manufacturing,-0.09090909090909091
NSE:STARHEALTH,STARHEALTH,583.9,-0.05990586221652079,182914,0.4218175277250578,343699526090.0,40.77115365816191,14.3214,44.38787341083007,,Finance,0.11212121212121212
NSE:HEXT,HEXT,552.75,-1.4705882352941175,84798,0.3276103199684745,342718884388.0,25.355504587155963,21.8,6.305682477605093,2.540559814583705,Technology Services,-0.2909090909090909
NSE:TATATECH,TATATECH,835.8,-0.6950632685795786,1516302,0.4192873937676936,341773846567.0,60.89883710763312,13.7244,-18.6620281746902,0.9920399192111202,Technology Services,0.3333333333333333
NSE:DELHIVERY,DELHIVERY,451.8,-0.9210526315789449,1460386,0.3291708360949515,340819855042.0,371.54605263157896,1.216,-53.58778625954199,,Transportation,-0.4242424242424242
NSE:JUBLFOOD,JUBLFOOD,500.55,-2.140762463343106,2284699,0.4120486341322142,337807765794.0,75.85585039477473,6.5987,75.87153518123668,0.23439789041898623,Consumer Services,0.4
NSE:KIMS,KIMS,805.5,0.6371814092953552,217609,0.3058880021096403,336236174213.0,159.29361045741294,5.0567,-46.25791778259576,,Health Services,0.3787878787878788
NSE:HFCL,HFCL,230.03,4.7972665148063784,35737570,1.7162571855927808,335890722526.0,59.8350847986682,3.8444,1536.6113239676456,0.0911369332421964,Electronic Technology,0.5121212121212121
NSE:GODFRYPHLP,GODFRYPHLP,2102.3,-1.3467855466916856,144776,0.3321123276308207,332397142807.0,23.96835078638491,87.7115,14.032624395621824,2.346316283435007,Consumer Non-Durables,-0.49090909090909096
NSE:TATAINVEST,TATAINVEST,647.2,-1.1229088686883981,175450,0.28991958924450373,331095637499.0,75.99455168850687,8.5164,31.64126503230594,0.519559902200489,Finance,-0.603030303030303
NSE:STLTECH,STLTECH,646.0,0.5525721846057987,1568822,0.7055094351569561,330958848145.0,140.01777315386784,4.6137,,,Technology Services,0.4454545454545455
NSE:MINDSPACE.RR,MINDSPACE.RR,496.41,-0.17695911842184547,297876,0.9870320249604361,329513906094.0,41.58896121848846,11.9361,41.60082568154318,3.0135004821600773,Finance,0.3303030303030303
NSE:IREDA,IREDA,115.27,-1.3521608900299515,2767624,0.46389988109609626,328399131704.0,16.458913400442636,7.0035,20.731265838059603,1.1548331907613345,Finance,-0.3303030303030303
NSE:CRISIL,CRISIL,4442.5,-1.0204308981128754,37708,0.8007627930286834,328064878347.0,36.7377384438415,120.9247,21.52454515488451,1.4043534958370951,Technology Services,0.13333333333333333
NSE:MANAPPURAM,MANAPPURAM,346.6,-0.5737234652897303,2534262,0.31631618757727586,327781350752.0,21.25637047167555,16.3057,72.53613527183461,0.7164350193437455,Finance,0.045454545454545456
NSE:UCOBANK,UCOBANK,25.9,-0.8042895442359282,1485354,0.542019013655405,327407882536.0,,,,1.6851780926847952,Finance,-0.5575757575757576
NSE:KARURVYSYA,KARURVYSYA,333.9,-0.02994011976048585,1036675,0.7530216202391385,322717559520.0,11.757994485468892,28.3977,36.956049944779096,0.7785596646204522,Finance,0.24545454545454548
NSE:HONAUT,HONAUT,36400.0,0.0,3269,1.0215625,321219616909.0,58.39801100224945,623.3089,7.699831912561357,0.30277340438415884,Electronic Technology,-0.06363636363636366
NSE:NUVAMA,NUVAMA,1746.8,0.9011090573012887,342093,0.8046469606843943,317921116990.0,30.123473822170105,57.988,4.010618453149657,4.851425106124925,Finance,0.17878787878787877
NSE:LALPATHLAB,LALPATHLAB,1901.4,1.2837585894635986,211640,0.7519168301255599,314379490889.0,58.69424293872511,32.395,5.435313262815302,0.8531740741728211,Health Services,0.3787878787878788
NSE:RRKABEL,RRKABEL,2784.9,1.320672342283351,698008,1.7944895918225687,311119312299.0,51.84836276167142,53.7124,80.22722849684256,0.34536663394772243,Producer Manufacturing,0.5121212121212121
NSE:MRPL,MRPL,177.44,0.16370307648884674,48216325,4.750187214201065,310735764589.0,9.90095695114806,17.9215,,2.2560631697687534,Energy Minerals,0.603030303030303
NSE:BLUESTARCO,BLUESTARCO,1493.0,-1.0012598634042775,576712,0.6171786117547873,310365214516.0,60.280853056840854,24.7674,-6.276749123026111,0.5631190168604459,Producer Manufacturing,-0.4666666666666667
NSE:PTCIL,PTCIL,19791.0,-3.852506801399145,64759,1.3747563994242746,308811281583.0,236.3668935865281,83.73,103.47162988721944,,Producer Manufacturing,0.4
NSE:WOCKPHARMA,WOCKPHARMA,1859.9,-2.048662313039807,476523,0.6191731987477305,307739528249.0,73.89234974414391,25.1704,,,Health Technology,-0.33636363636363636
NSE:IKS,IKS,1861.6,1.7156594907660292,129336,0.5948268606620746,306555220019.0,41.65585142089953,44.69,,,Commercial Services,0.5575757575757576
NSE:KIRLOSENG,KIRLOSENG,2125.7,1.1467453368861777,200589,0.3575687698068488,305693577382.0,56.715581643543224,37.48,15.714726767520828,0.33322225924691773,Producer Manufacturing,-0.22424242424242424
NSE:NEULANDLAB,NEULANDLAB,23370.0,-1.2298719411690122,55362,0.2976827717480441,303714880301.0,60.235374170700396,387.978,182.60730217095505,0.14362687427790533,Health Technology,0.4
NSE:NIACL,NIACL,184.08,0.23959921585712599,1030918,0.23568880238708875,302820000000.0,39.43444730077121,4.668,-35.76529839963672,0.8163265306122449,Finance,0.603030303030303
NSE:SAILIFE,SAILIFE,1440.1,1.6732561423326613,450784,0.589392262448379,300609090820.0,85.06202008269344,16.93,,,Commercial Services,0.4
NSE:PNBHOUSING,PNBHOUSING,1145.8,-0.4344803614876607,739024,0.5517037911196335,299417835663.0,12.923528084818408,88.66,13.521126760563384,0.6962576153176675,Finance,0.3333333333333333
NSE:ZFCVINDIA,ZFCVINDIA,2672.7,1.8675915691580594,142082,1.4728392079868888,298233038652.0,60.924848639579835,43.8688,3.220463010675261,0.15263971303733948,Producer Manufacturing,0.5575757575757576
NSE:AEGISVOPAK,AEGISVOPAK,274.8,1.9666048237476852,882333,0.8266269410906757,298215893372.0,121.7060100093007,2.2579,,0.07430800668772061,Transportation,0.09090909090909091
NSE:GRSE,GRSE,2677.0,2.957578554670978,1265498,2.374385787360142,297823738691.0,38.302444803415604,69.8911,42.86932027244701,0.7538751490441941,Producer Manufacturing,0.5575757575757576
NSE:RUBICON,RUBICON,1804.1,0.30021682326123666,687518,1.2176615276496685,297676034872.0,103.89348628555304,17.3649,,0.08341211143858088,Health Technology,0.4212121212121212
NSE:NETWEB,NETWEB,5354.5,2.7261913897628802,2394997,1.5616812370513153,296857446641.0,116.6484034777759,45.9029,100.35922707253944,0.057543469295763844,Electronic Technology,0.5121212121212121
NSE:CHOLAHLDNG,CHOLAHLDNG,1563.3,-0.8310073585384505,67053,0.32053758033397517,295909114929.0,10.999627083582531,142.123,21.097660833163616,0.08249516134149824,Finance,-0.3333333333333333
NSE:ABSLAMC,ABSLAMC,1013.3,-0.5593719332679141,108157,0.572959846669658,295439537715.0,29.118903867098485,34.7987,3.4751709782931726,2.496695550007343,Technology Services,-0.15454545454545454
NSE:SCHNEIDER,SCHNEIDER,1274.4,5.1311664741791825,1204246,2.345877251918152,289626728573.0,165.79717686853576,7.6865,-29.48876718863234,,Producer Manufacturing,-0.08787878787878788
NSE:BIRET.RR,BIRET.RR,341.86,-0.7720887031231767,263205,0.5349588565105817,286051635444.0,44.55769456355982,7.6723,252.2635445362718,6.310017697061128,Finance,-0.09090909090909091
NSE:TVSHLTD,TVSHLTD,14096.0,0.17055144968732233,3210,0.6675539658112548,284982092628.0,14.473872278345215,973.8928,53.59592821896169,0.6105504538306716,Producer Manufacturing,-0.1303030303030303
NSE:CDSL,CDSL,1340.6,-1.193985849056607,758709,0.8213590662751067,283571210205.0,61.42637861119383,21.8245,-13.38831102345018,0.9397110849056605,Finance,0.045454545454545456
NSE:CENTRALBK,CENTRALBK,31.02,-0.799488327470419,3761640,0.7468944177999436,282946808810.0,6.15073463803462,5.0433,3.765199679032174,0.0,Finance,-0.5121212121212121
NSE:SYRMA,SYRMA,1500.1,2.1936099189317946,2323458,1.7109846834094595,282940187557.0,78.07896900992057,19.2126,70.92908426081617,0.10222858311183806,Electronic Technology,0.5121212121212121
NSE:SUMICHEM,SUMICHEM,563.1,0.5894962486602481,359927,0.5833979253403926,279646390434.0,48.50588772407377,11.6089,4.001899267169553,0.23203926818384651,Process Industries,0.49090909090909096
NSE:BANDHANBNK,BANDHANBNK,170.5,-1.5873015873015872,4544795,0.5537597928520849,279123261108.0,20.310917862886413,8.3945,-34.13702198440221,0.8658008658008658,Finance,-0.5121212121212121
NSE:APOLLOTYRE,APOLLOTYRE,436.0,-0.16029310739637936,236230,0.2998746830262526,277539116089.0,16.195113978686337,26.9217,105.45583588992169,1.3729977116704806,Consumer Durables,-0.09090909090909091
NSE:SHYAMMETL,SHYAMMETL,990.6,0.3749113385348106,423011,0.7574958804398161,275991602783.0,24.792519696863522,39.9556,20.812520409767647,0.4551201011378002,Producer Manufacturing,-0.02121212121212121
NSE:LICHSGFIN,LICHSGFIN,498.8,0.11038635223281712,1853642,1.1499874494394924,274811472303.0,4.7811071502856874,104.3273,4.342638367840071,2.00160128102482,Finance,-0.4
NSE:CRAFTSMAN,CRAFTSMAN,10890.5,3.916984732824427,58181,1.6798955930206707,274144240719.0,56.16300033830336,193.9088,119.25339635121918,0.10732940587211105,Producer Manufacturing,0.6484848484848484
NSE:PPLPHARMA,PPLPHARMA,210.53,2.8329995603966256,5331463,0.885561093176822,272593532592.99997,,-2.373,-420.8057320535352,0.0,Health Technology,0.4666666666666667
NSE:PGHH,PGHH,8317.0,-0.5738194859533772,11764,1.0249886731955529,271767774595.00003,34.14305929529087,243.5927,-4.57733071761878,2.747187119275698,Consumer Non-Durables,-0.6484848484848484
NSE:ANGELONE,ANGELONE,291.75,-0.596252129471891,7260031,1.8105600187858515,268624107055.99997,26.402714932126695,11.05,2.3053420979538983,0.935374149659864,Finance,-0.31212121212121213
NSE:IIFL,IIFL,622.35,-1.2221252281564847,1373171,1.1310941227414604,267926239221.0,12.662258392675485,49.15,552.4105341403845,0.6350718425021831,Finance,0.4454545454545455
NSE:MSUMI,MSUMI,40.32,-0.024795437639469405,5783449,0.4680181297911543,267255977948.0,42.61705950745164,0.9461,-7.208709297763829,1.4392059553349876,Producer Manufacturing,-0.2
NSE:ITI,ITI,280.35,1.1181244364292238,231923,0.6191131356425378,265396990880.0,102.62464309246653,2.7318,,,Communications,-0.2424242424242424
NSE:SJVN,SJVN,66.29,-0.4056490384615325,1067606,0.7375711055034405,262117309296.0,40.75121411446487,1.6267,-7.3633257403189045,2.2488755622188905,Utilities,-0.4666666666666667
NSE:ACUTAAS,ACUTAAS,3391.4,6.040898005127893,423269,1.9418530020181517,262053098553.0,72.151766775807,47.0037,103.53208625617043,0.07810547363159209,Health Technology,0.603030303030303
NSE:REDINGTON,REDINGTON,326.3,-1.953125,2029221,0.38324203351799396,260252697670.0,14.997265285674233,21.7573,4.0914549255816395,1.8023430459597478,Distribution Services,0.1090909090909091
NSE:GUJENERGY,GUJENERGY,269.4,-2.5678119349005506,2869893,1.1006873876427625,259186285019.0,12.047761728008584,22.361,34.408472885084684,3.2217194570135748,Utilities,-0.5121212121212121
NSE:ACMESOLAR,ACMESOLAR,371.75,1.87722663743492,609645,0.4913206030837602,257973794856.0,38.36429308565532,9.69,54.21341608975888,0.05480202767502398,Industrial Services,0.2424242424242424
NSE:METROBRAND,METROBRAND,928.6,-1.5061518879932045,44445,0.52675243405965,257110880135.0,62.405913978494624,14.88,13.67456073338427,0.6360648786176191,Retail Trade,-0.6484848484848484
NSE:AMBER,AMBER,7350.0,1.253616200578592,577945,1.4095384102844637,256220313053.0,271.1706825753467,27.1047,-66.47947069008163,,Producer Manufacturing,0.1575757575757576
NSE:GABRIEL,GABRIEL,1467.6,1.7400346620450542,203495,0.5888385301419015,255326419654.0,76.01978710730103,19.3055,11.208719044683942,0.34706556068441324,Producer Manufacturing,0.4242424242424242
NSE:SUNDRMFAST,SUNDRMFAST,1228.3,1.1154558551142173,334242,0.9322260333383723,255074836134.0,42.22645453170336,29.0884,12.024955711314792,0.6590328692643546,Producer Manufacturing,0.4
NSE:NXST.RR,NXST.RR,167.81,-0.11904053330158244,406728,1.2681277244395697,254822995377.0,57.72419249423825,2.9071,-4.838128907656556,5.524970273483948,Finance,0.17575757575757575
NSE:DATAPATTNS,DATAPATTNS,4737.2,4.603970234283569,1385245,2.244519965079178,253517807188.0,98.98387531525357,47.8583,24.897372260106838,0.22082854871477786,Electronic Technology,0.5575757575757576
NSE:AWL,AWL,190.04,-1.7068376952518938,1028539,0.48629453173196174,251292863090.0,21.27559531139796,8.9323,0.9698750918442207,0.517196793379881,Process Industries,-0.49090909090909096
NSE:SANSERA,SANSERA,4003.2,0.02998500749624733,172483,0.436700095450529,249751557874.0,71.67770814682184,55.85,51.98974579476895,0.09994503023337165,Producer Manufacturing,0.4666666666666667
NSE:TIMKEN,TIMKEN,3299.5,0.2735146634250114,10814,0.2636493517258866,247864535656.0,58.81335871603459,56.1012,-7.3183867466475965,0.07586677793794097,Producer Manufacturing,0.2
NSE:ACC,ACC,1303.8,-0.9722011241075464,116506,0.7086985376013646,247052917254.0,12.859256336916856,101.39,-20.992753058521007,0.5700820918212223,Non-Energy Minerals,-0.37575757575757573
NSE:CREDITACC,CREDITACC,1524.6,-0.9099181073703367,89923,0.3998747764898196,246792833015.0,20.255081705858906,75.27,523.0960264900662,,Finance,-0.09090909090909091
NSE:GILLETTE,GILLETTE,7517.5,-0.6869674351013938,12672,1.2032816773017319,246674973674.0,36.66672519685654,205.0224,18.588819973496857,2.377760017965298,Consumer Non-Durables,-0.5121212121212121
NSE:FORCEMOT,FORCEMOT,18200.0,-2.1768341843590435,77220,0.9116301912274779,245210233994.0,19.1563380323199,950.0772,45.33205369934861,0.2686727565824825,Consumer Durables,-0.15454545454545454
NSE:KAYNES,KAYNES,3644.1,-0.18898931799507232,513738,0.3729182509257299,244341309128.0,71.59050724922399,50.902,3.7123064384678135,,Electronic Technology,0.08787878787878788
NSE:DHOOTTRANS,DHOOTTRANS,1305.75,9.999578787751153,9337471,,242900827408.0,,,,,Producer Manufacturing,
NSE:DEEPAKNTR,DEEPAKNTR,1771.0,-0.5335579893288402,229325,0.26561520918536946,242813729305.0,30.83931342041246,57.4267,29.061235130585644,0.42128914478303614,Process Industries,0.5121212121212121
NSE:NBCC,NBCC,88.0,-1.9498607242339834,6710222,1.0355476467641909,242244003296.0,32.03727974370176,2.7468,30.421157589858023,1.0477039679001336,Commercial Services,-0.5121212121212121
NSE:TDPOWERSYS,TDPOWERSYS,1586.6,2.440599173553716,1797528,0.7537029404229644,241880681194.0,90.15489868512267,17.5986,45.19937625306305,0.1356370095268852,Producer Manufacturing,0.5363636363636364
NSE:AFFLE,AFFLE,1711.3,0.4342977874288317,124757,0.5495150223912054,240319111722.0,50.54046072061429,33.86,18.68208902909218,,Technology Services,0.4666666666666667
NSE:KPIL,KPIL,1403.5,-0.049850448654041125,132033,0.24350524502769455,239414571625.0,21.089438150921342,66.5499,58.06037891796758,0.7846214201647704,Industrial Services,0.603030303030303
NSE:GRINDWELL,GRINDWELL,2101.3,-2.874971111624674,24964,0.8981600742590288,239299144045.0,53.323960889502445,39.4063,17.92291348714726,0.8791005413408597,Process Industries,0.2
NSE:ASAHIINDIA,ASAHIINDIA,962.8,3.393470790377997,736494,2.276485337645863,237439186387.0,56.067691196766845,17.1721,19.452270150323116,0.2147305132059266,Consumer Durables,0.603030303030303
NSE:GODIGIT,GODIGIT,255.75,0.35314891112419294,58616,0.05297914122561896,235820020513.0,48.163841807909606,5.31,6.6265060240963685,,Finance,-0.26363636363636367
NSE:KIOCL,KIOCL,384.0,-1.0691742882906035,63716,0.35701678398007936,235716267314.0,598.8771054273237,0.6412,,,Non-Energy Minerals,0.13333333333333333
NSE:TATAELXSI,TATAELXSI,3662.0,-2.606382978723404,191962,1.0148107109098945,234495560257.0,34.846487993567386,105.0895,-12.155514484921584,1.9925611052072263,Technology Services,-0.3787878787878788
NSE:IRB,IRB,19.03,-0.7303077725612966,6025817,0.9863591843239528,231535260921.0,23.94614319869133,0.7947,-85.33087217351178,4.17318727177882,Industrial Services,-0.4666666666666667
NSE:BELRISE,BELRISE,236.73,0.27108306154432055,5151281,0.8419359836346119,228344573390.0,41.87687953299133,5.653,-6.872920167375049,0.23295213892418468,Producer Manufacturing,-0.08787878787878788
NSE:CEMPRO,CEMPRO,1324.0,0.16643970343471368,404400,0.7005451745100645,226802555660.0,37.81009849473543,35.0171,46.779757638251404,0.22722969134633592,Industrial Services,0.06666666666666667
NSE:ANANTRAJ,ANANTRAJ,627.05,-0.07967492630069319,1118746,0.7356268842389724,225552861244.0,38.24525022109725,16.3955,22.000312525578718,0.15955325089748704,Consumer Durables,0.3090909090909091
NSE:CESC,CESC,167.98,-1.3159440723769293,2549378,1.4535993114986419,225545801351.0,14.356528725022647,11.7006,12.554470684430758,3.5263003232441963,Utilities,0.28787878787878785
NSE:URBANCO,URBANCO,144.97,0.2558782849239312,11130609,1.1151597980138317,222922219697.0,,-2.288,,,Technology Services,0.603030303030303
NSE:EMMVEE,EMMVEE,317.7,-0.9508963367108375,1134583,0.7303941342021801,221688907158.0,17.260488313720376,18.4062,,,Electronic Technology,-0.44405594405594406
NSE:TENNIND,TENNIND,550.3,0.3373142492478638,1492720,0.2057760325456758,221255887166.0,36.9678689229405,14.8859,5.407797651923922,,Producer Manufacturing,-0.15384615384615385
NSE:PFIZER,PFIZER,4799.3,-0.6170922117993037,76314,1.9852189453475577,220879200153.0,29.865616239308267,160.6965,-9.088106123137116,1.5533739281719896,Health Technology,0.0
NSE:RAMCOCEM,RAMCOCEM,909.8,-1.3873834814654311,232980,0.6635355353781666,218038787792.0,33.337852643613296,27.2903,101.18765020715685,0.270929287455974,Non-Energy Minerals,-0.4
NSE:CGCL,CGCL,225.54,-0.3094059405940669,2703958,0.9541733150771934,217687326813.0,19.309931506849313,11.68,69.52104499274311,0.08839779005524862,Finance,-0.22424242424242424
NSE:MTARTECH,MTARTECH,7132.0,1.062774550092107,116891,0.6862156315401707,217022769781.0,164.3965709991725,43.3829,125.13882113610177,,Electronic Technology,0.35454545454545455
NSE:HATSUN,HATSUN,985.35,1.708298926507026,59468,1.2304369056585032,216589265657.0,61.89695462083522,15.9192,25.095869742880495,1.0284362626626216,Consumer Non-Durables,0.5121212121212121
NSE:CUBEINVIT,CUBEINVIT,159.99,-0.6211565935772408,975592,1.3208781284969338,216448975810.0,99.29865938430984,1.6112,,9.451068057625434,Miscellaneous,0.4454545454545455
NSE:DIACABS,DIACABS,367.95,2.236732425673802,1173382,0.7167727894361194,214617798121.0,98.67256637168141,3.729,416.4819944598338,,Producer Manufacturing,0.4666666666666667
NSE:LMW,LMW,19748.0,-1.4914949867810645,6428,0.6164055158128919,214082513199.0,120.69790624459478,163.6151,69.61664577754696,0.17465462048798502,Producer Manufacturing,0.26363636363636367
NSE:CARBORUNIV,CARBORUNIV,1126.0,0.29393426560968683,526641,2.231296131294733,213733706726.0,102.48941883220316,10.9865,-13.290030306856938,0.35650623885918004,Process Industries,0.4484848484848485
NSE:GRANULES,GRANULES,851.2,-1.2013231965643212,407105,0.6952770246129485,213551383300.0,31.617264690587625,26.922,36.162249645964,0.2030633557669993,Health Technology,0.17878787878787877
NSE:CUB,CUB,222.18,3.24349442379183,3912047,1.3901036751881268,213465105991.0,15.729557522123894,14.125,20.64915652359599,0.9282896263634254,Finance,0.5575757575757576
NSE:AETHER,AETHER,1633.6,1.7375599427041082,308349,1.093309780500552,213267106603.0,92.13761985335589,17.73,34.23885885613046,,Process Industries,0.4212121212121212
NSE:AADHARHFC,AADHARHFC,487.4,-0.05126627704296114,286979,0.9728622753354247,213136251847.0,18.920807453416145,25.76,19.8139534883721,,Finance,-0.35454545454545455
NSE:IFCI,IFCI,81.36,3.078677309007972,49950671,3.067501888821923,212769996372.0,125.47809993830968,0.6484,-45.54006383336134,,Finance,0.5575757575757576
NSE:IGL,IGL,149.39,-1.066225165562923,755168,0.6451343387729267,211610231317.0,15.371081089423699,9.7189,-18.310036731023004,3.14257360238174,Utilities,-0.5121212121212121
NSE:HAPPYFORGE,HAPPYFORGE,2260.6,2.8433647240798874,175740,0.8824034472681845,207208503414.0,65.22215810732834,34.66,21.41721139766413,0.18219084491004328,Producer Manufacturing,0.5575757575757576
NSE:PFOCUS,PFOCUS,286.25,7.4512012012012105,2789159,5.471488285522824,206468829727.0,185.62350042150314,1.5421,,,Consumer Services,0.3333333333333333
NSE:CHENNPETRO,CHENNPETRO,1404.0,1.5624999999999933,3584765,1.1118513600756543,205907227581.0,5.008926163290993,280.2996,,4.483818477671307,Energy Minerals,0.603030303030303
NSE:FINCABLES,FINCABLES,1329.35,0.643525002839081,884777,0.2458823706288986,202002296079.0,25.411465601284572,52.313,29.154188567633565,0.681405208964264,Producer Manufacturing,0.49090909090909096
NSE:KAJARIACER,KAJARIACER,1225.8,-2.061361457334608,120868,0.3969512379355961,199442864825.0,35.810692375109554,34.23,73.99393079890812,1.1181662074198315,Producer Manufacturing,0.3333333333333333
NSE:SAGILITY,SAGILITY,42.16,-0.5660377358490614,11642587,0.8448139247108037,198488340346.0,19.87554214595512,2.1212,49.23315041508372,0.3537735849056604,Commercial Services,-0.35757575757575755
NSE:ELGIEQUIP,ELGIEQUIP,614.2,-1.6020506247997435,608441,0.5968097157684178,197925529007.0,43.39899946298861,14.1524,23.403439015032603,0.4323112641101594,Producer Manufacturing,0.35454545454545455
NSE:ATUL,ATUL,6608.5,-1.6738580568367805,23326,0.4048542240149403,197755856927.0,24.46043431752483,270.171,59.22308239942291,0.44663793295964627,Process Industries,-0.3151515151515152
NSE:SHRIPISTON,SHRIPISTON,4509.1,1.6341342469458593,130497,2.133914818048919,195431452400.0,35.24221155800104,127.946,7.366702107037754,0.2253978271649461,Producer Manufacturing,0.5121212121212121
NSE:JYOTICNC,JYOTICNC,929.2,8.304679759892768,5438303,3.658310379914345,195072160339.0,65.69616583827657,14.1439,-4.410502483695466,,Producer Manufacturing,0.603030303030303
NSE:BRIGADE,BRIGADE,588.9,-0.8084891359272475,358457,0.7380937477092675,193495834328.0,27.655028293690858,21.2945,-7.887394616293,0.337126000842815,Finance,0.2424242424242424
NSE:CAMS,CAMS,762.0,-1.8357487922705313,1269970,0.8721257626816948,192678895996.0,38.33383640205252,19.878,4.588024834262864,1.6494845360824744,Technology Services,-0.3333333333333333
NSE:SUNTV,SUNTV,482.8,-1.1162314388120815,162166,0.2632279913846991,192273871362.0,6.9490622796033215,69.477,63.66591677365404,2.5620004099200657,Consumer Services,-0.603030303030303
NSE:CAPLIPOINT,CAPLIPOINT,2529.7,0.30531324345756616,70632,0.6266952367009596,191591283716.0,28.983730522456458,87.28,17.89814939889234,0.3173910456051258,Health Technology,0.11212121212121212
NSE:AARTIIND,AARTIIND,530.1,0.6455287640022739,830302,0.45093342396513936,191265776346.0,36.25011967121189,14.6234,123.68489483747611,0.1896453631708705,Process Industries,0.49090909090909096
NSE:ASTRAZEN,ASTRAZEN,7645.0,0.0588966690661606,7588,0.7136139638114584,190721252441.0,112.67833981841764,67.848,-7.493455497382192,0.4718928803161682,Health Technology,-0.26363636363636367
NSE:TRITURBINE,TRITURBINE,581.9,-2.6760327814015725,1323154,1.3664633733878409,190132966915.0,55.00311926952379,10.5794,-1.5814836176902891,0.7105835144624645,Producer Manufacturing,-0.4454545454545455
NSE:DEEPAKFERT,DEEPAKFERT,1472.0,-2.0429892859519563,150601,0.31986544501250136,189363064729.0,18.882058965386314,77.9576,0.2965503666031621,0.6666444451851605,Process Industries,-0.2909090909090909
NSE:AZAD,AZAD,2858.9,-1.4138418566157454,772931,0.8748902752301886,187774645166.0,132.86209556739072,21.5178,31.591242661448142,,Producer Manufacturing,0.26363636363636367
NSE:PINELABS,PINELABS,160.32,-1.4204021398266016,13584114,0.5759581222939121,187617342931.0,145.58663276425716,1.1012,351.49651496514963,,Technology Services,0.12237762237762238
NSE:HBLENGINE,HBLENGINE,670.05,-0.6744737622294794,635686,0.7597161130408854,187023433645.0,23.77370540545335,28.1845,129.71937631937143,0.4446420631391729,Producer Manufacturing,-0.4454545454545455
NSE:ERIS,ERIS,1350.1,0.08896137593593433,125273,1.4943838185262415,187011244945.0,28.747796165540972,46.9636,65.42303628038042,0.0,Health Technology,-0.35454545454545455
NSE:FSL,FSL,263.85,-1.4565826330532128,766650,0.15617568655526468,186479875668.0,27.715336134453786,9.52,6.846240179573507,2.0556905251354887,Commercial Services,-0.31212121212121213
NSE:CASTROLIND,CASTROLIND,186.85,-0.3732338043188574,1103742,0.22184582247771625,185460445404.0,17.397093191065427,10.7403,11.091228796028139,6.133333333333333,Energy Minerals,-0.024242424242424246
NSE:EIHOTEL,EIHOTEL,296.7,0.23648648648648263,111718,0.4223960097759375,185139062822.0,26.0759515920656,11.3783,4.4685812920048384,0.5066711704104037,Consumer Services,-0.3090909090909091
NSE:CHALET,CHALET,834.45,-1.2134485616195099,57779,0.5206487947735977,184831041809.0,34.619022726706994,24.1038,85.07927976350442,0.23696682464454977,Consumer Services,0.28787878787878785
NSE:TBOTEK,TBOTEK,1708.2,0.48235294117647326,371065,1.4331963602416773,184664395477.0,69.46726311508743,24.59,13.842592592592585,,Technology Services,0.5575757575757576
NSE:BAYERCROP,BAYERCROP,4105.7,0.15856752537080407,22696,0.9180932655901104,184314259890.0,25.20403809734282,162.8985,23.56118914138217,3.6575106982187924,Process Industries,-0.4
NSE:SARDAEN,SARDAEN,518.15,-0.5756500047970834,214891,0.0781787495729366,183766888718.0,16.162841840283733,32.0581,20.767063219992927,0.38350910834132307,Non-Energy Minerals,0.1575757575757576
NSE:GMDCLTD,GMDCLTD,570.7,-0.5749128919860548,785964,0.4235243756447457,182611500000.0,18.97917511922261,30.0698,43.68214831804281,1.654331737048324,Distribution Services,-0.37575757575757573
NSE:GESHIP,GESHIP,1302.9,2.196250686328339,1019667,0.6210031940950838,182135192734.0,4.974609598717117,261.91,83.95139766821185,3.3156966490299826,Transportation,-0.35454545454545455
NSE:OLAELEC,OLAELEC,38.61,-1.5553289138194786,18159506,0.2906171909958705,181433624234.0,,-4.0562,27.6634447337447,,Consumer Durables,-0.3787878787878788
NSE:CHOICEIN,CHOICEIN,803.6,-0.024881811395861136,238535,0.5068932681913451,178689028834.0,71.35436552685556,11.2621,30.820788030852146,,Commercial Services,0.02121212121212121
NSE:TRAVELFOOD,TRAVELFOOD,1346.4,-0.8687969371226589,131141,0.6785040945862885,178320357758.0,37.327418907679515,36.07,,,Consumer Services,0.04242424242424242
NSE:ONESOURCE,ONESOURCE,1542.3,-1.020408163265312,231526,1.1973812618205495,177962086219.0,,-4.2508,40.36977807704177,,Health Technology,-0.4666666666666667
NSE:EMAMILTD,EMAMILTD,400.1,-1.0877626699629117,360193,0.4847329045566317,177761559954.0,23.336794092600588,17.1446,-8.52212701021247,2.4700506360380388,Consumer Non-Durables,-0.5121212121212121
NSE:INOXINDIA,INOXINDIA,1958.1,0.3742054541726448,139702,0.8423115302175689,176993360585.0,69.93214285714285,28.0,8.619753277988988,0.10256147278274916,Producer Manufacturing,0.4212121212121212
NSE:DEVYANI,DEVYANI,142.09,-1.0859728506787345,1843675,0.18391643574551234,176926846558.0,,-0.2245,-133.3679833679834,,Consumer Services,0.3090909090909091
NSE:SAMMAANCAP,SAMMAANCAP,150.23,-2.0217830822409333,23067955,2.8113334201873057,176151141539.0,,-89.4275,-180.6836657187874,,Finance,-0.5121212121212121
NSE:CHAMBLFERT,CHAMBLFERT,434.4,-1.0591048855483507,357245,1.0333269602175845,175896577387.0,9.026962439607251,48.1225,10.166775408353656,2.505124117513095,Process Industries,-0.5575757575757576
NSE:PGEL,PGEL,597.0,-2.768729641693811,2081493,0.7169826073867196,175729462418.0,83.64624782828,7.1372,-25.88654323423433,0.040749796251018745,Electronic Technology,-0.045454545454545456
NSE:POLYMED,POLYMED,1784.7,2.9476234425473082,224874,0.7852546418838793,175189744024.0,57.459200329681295,31.0603,-12.885574371890304,0.20249942143022448,Health Technology,0.5575757575757576
NSE:VERTIS,VERTIS,116.0,0.0,175000,0.24390243902439024,175158144000.0,21.08170979936028,5.5024,35.22732858196117,,Miscellaneous,0.4160839160839161
NSE:VTL,VTL,598.9,-1.0491532424617964,253004,1.3819246027302685,175132858734.0,20.29199602901664,29.5141,-1.4317298315454774,0.8264462809917356,Process Industries,-0.13333333333333333
NSE:BASF,BASF,3979.8,-1.519350687914472,30788,0.19785920301068854,174954071157.0,26.79132213740869,148.5481,62.41634439921586,0.6185286440615065,Process Industries,0.24545454545454548
NSE:ECLERX,ECLERX,1805.2,-2.3635675266374627,141712,0.6007062045110615,174374742407.0,23.568118023369674,76.595,28.55824102047667,0.05393597799412098,Commercial Services,-0.1575757575757576
NSE:JSWCEMENT,JSWCEMENT,127.31,-0.22727272727272105,471550,0.3930510278674054,174033527501.0,22.263999160575004,5.7182,,0.3916960438699569,Non-Energy Minerals,-0.35454545454545455
NSE:MINDACORP,MINDACORP,745.25,2.7718403089016097,1637214,1.54522913639966,173284762145.0,35.572792362768496,20.95,95.32524683703627,0.19315673289183224,Producer Manufacturing,0.6484848484848484
NSE:ARE&M,ARE&M,935.8,-1.0468436079094945,415509,0.2059907250161209,173004721642.0,18.578297657760675,50.3706,7.1550741163056,1.1213964559640306,Producer Manufacturing,0.2909090909090909
NSE:JINDALSAW,JINDALSAW,268.65,-0.6471893491124261,546269,0.45003614993027496,172763147064.0,26.240732962814636,10.2379,-61.96916790490342,0.7403294466037387,Non-Energy Minerals,0.4454545454545455
NSE:ALIVUS,ALIVUS,1398.7,0.30837636259322676,141640,0.5474811576265664,171069736171.0,28.527432184376913,49.03,21.60218253968254,0.3588345055260514,Health Technology,0.5121212121212121
NSE:ABDL,ABDL,612.6,0.31933185949398923,265130,0.6675924445446042,170679133309.0,77.54135918889156,7.9003,-8.011969633459088,0.8849557522123894,Consumer Non-Durables,-0.26969696969696966
NSE:COHANCE,COHANCE,455.2,2.3496346261944887,1507693,0.974391298284037,170141046693.0,164.96339784011016,2.7594,-70.32903225806453,,Health Technology,0.5363636363636364
NSE:INOXWIND,INOXWIND,74.95,-4.070139511071282,18185646,1.20259708892304,169575058731.0,36.125704921193424,2.0747,-38.26951114284864,,Producer Manufacturing,-0.5121212121212121
NSE:TATACHEM,TATACHEM,653.0,-1.4934379242721343,325162,0.360394569553582,169005316641.0,,-84.9832,-742.4347799792868,1.658124811576726,Process Industries,-0.5121212121212121
NSE:GPIL,GPIL,255.22,1.754246072880953,2695900,1.0782198745451042,168981107364.0,20.032967032967033,12.74,12.244718154746181,0.3983270264887473,Non-Energy Minerals,0.2909090909090909
NSE:INDIGRID,INDIGRID,176.97,-0.005650355972421124,485571,0.4805461689840186,168537275709.0,28.71071886305748,6.1639,50.060862790924155,9.110947832476121,Finance,-0.06666666666666667
NSE:KFINTECH,KFINTECH,957.6,-1.5827338129496378,1298732,2.0100299368992753,168507860352.0,48.633824276282375,19.69,-0.2027369488089161,1.230895476459124,Technology Services,0.28787878787878785
NSE:ZENTEC,ZENTEC,1982.4,6.323411102172169,2742382,6.531079511842422,168305749029.0,98.93449781659389,20.0375,-29.041910866370372,0.0536466296504922,Technology Services,0.603030303030303
NSE:CMPDI,CMPDI,233.11,-0.8801768857896051,575161,0.4668948913592125,168075595642.0,,,,0.0,Commercial Services,-0.4545454545454546
NSE:PSB,PSB,23.22,-1.9425675675675713,1163168,1.2216607502224246,167881539093.0,11.902198985083807,1.9509,21.264296369965198,1.6483516483516485,Finance,-0.603030303030303
NSE:THELEELA,THELEELA,519.15,3.2107355864811087,412303,0.8000079942007119,167747041932.0,39.12207987942728,13.27,,,Consumer Services,0.693939393939394
NSE:AEQUS,AEQUS,259.85,4.114913053930607,6592375,2.014789523164773,167331079529.0,,,,,Electronic Technology,0.6433566433566433
NSE:KPITTECH,KPITTECH,596.65,-2.0279146141215145,1619107,0.9752233152956047,166679429688.0,28.038063909774433,21.28,-27.86440677966101,1.2335526315789473,Technology Services,-0.4
NSE:CENTURYPLY,CENTURYPLY,748.25,-0.32636206207540236,38782,0.8207813316797213,166651953543.0,57.11832061068702,13.1,43.553777875184906,0.13331555792560992,Producer Manufacturing,-0.3090909090909091
NSE:KANSAINER,KANSAINER,201.05,-2.3080660835762874,177947,0.3556511613870049,166487110121.0,27.088385879816762,7.422,-46.99669354205201,1.2144765606023804,Process Industries,-0.4666666666666667
NSE:THANGAMAYL,THANGAMAYL,5481.5,2.717136700084325,92660,0.3310321371972088,165791503819.0,43.5699802319546,125.8091,252.7394206856332,0.3374578177727784,Consumer Durables,0.0
NSE:RATNAMANI,RATNAMANI,2368.6,0.6373215499660095,62154,0.7277960381872195,164814328700.0,38.37964838369926,61.715,-23.655670559652236,0.4252785574551331,Non-Energy Minerals,0.024242424242424246
NSE:GRWRHITECH,GRWRHITECH,7101.0,1.0099573257467993,32049,0.26035459696581975,163170401983.0,42.53351438478545,166.9507,19.017565621569222,0.17085741948344108,Process Industries,0.17575757575757575
NSE:J&KBANK,J&KBANK,150.24,1.534094748935602,2542670,0.8201509931695101,163085134248.0,7.181987666714471,20.919,7.251072818346352,1.4517218095881161,Finance,-0.24545454545454548
NSE:SYNGENE,SYNGENE,404.1,0.2729528535980205,334727,0.37070392736162383,162779588341.0,73.5797523670794,5.492,-56.483154258185166,0.3099814011159331,Commercial Services,-0.2
NSE:ZYDUSWELL,ZYDUSWELL,496.65,-2.646280505733608,201225,0.4779943265416846,162277863990.0,83.96165810116311,5.9152,-42.46474078397044,0.235271051857661,Consumer Non-Durables,-0.3787878787878788
NSE:ASTRAMICRO,ASTRAMICRO,1767.4,3.532306250366129,312443,0.6542242960204604,162042639364.0,88.99295065458209,19.86,15.981639160447102,0.14062225347161186,Electronic Technology,0.3787878787878788
NSE:APLLTD,APLLTD,824.55,0.2553346708006455,51271,0.291333522362125,161751800864.0,23.372393618830575,35.2788,14.982823693525143,1.4582573824279985,Health Technology,0.2212121212121212
NSE:NATCOPHARM,NATCOPHARM,898.35,0.960890087660156,280967,0.44257086691071307,159354061123.0,14.060687828783129,63.8909,-32.59017216748716,0.5619871866921434,Health Technology,-0.4212121212121212
NSE:DCMSHRIRAM,DCMSHRIRAM,1026.4,0.7855459544383459,173223,2.061881562298764,158983165939.0,11.125008942061942,92.2606,133.04958018005271,1.098577734183423,Producer Manufacturing,0.13636363636363635
NSE:WELSPUNLIV,WELSPUNLIV,177.79,5.732976509069275,53704919,5.353531483976265,158907368027.0,61.34920634920634,2.898,-48.864538669207555,0.05945303210463734,Consumer Non-Durables,0.603030303030303
NSE:BEML,BEML,1965.5,2.9866387215090384,723152,1.0590741010050595,158865443427.0,91.73134453742293,21.4267,-40.29015151304038,0.8954597881933521,Producer Manufacturing,0.5575757575757576
NSE:FIVESTAR,FIVESTAR,535.35,-0.4463040446304002,156581,0.4786082608150777,158678283092.0,14.31799946509762,37.39,1.245599783373953,0.37205841317086785,Finance,-0.02121212121212121
NSE:CROMPTON,CROMPTON,244.8,-0.6896551724137885,1304580,0.3301298321388318,158596230987.0,,-3.4783,-142.5292837404935,1.2180267965895248,Producer Manufacturing,-0.5121212121212121
NSE:AGARWALEYE,AGARWALEYE,502.6,0.1993620414673046,628631,0.12155454995148693,158544796594.0,108.08602150537634,4.65,,,Health Services,0.04242424242424242
NSE:NAVA,NAVA,558.9,-0.13401232913428035,276533,0.7049915347376585,158452907861.0,20.93462284716864,26.6974,-26.747462663633854,1.519485162674294,Utilities,-0.37575757575757573
NSE:CONCORDBIO,CONCORDBIO,1565.7,3.3465346534653495,489168,2.3514922521145345,158326164641.0,59.48188418185342,26.3223,-22.67108115889235,0.49887670146689567,Commercial Services,0.5575757575757576
NSE:SHILPAMED,SHILPAMED,809.8,0.06178178672927221,606327,0.10449824308411162,158167018302.0,53.27000749911194,15.2018,167.6797379866528,0.07419314949919624,Health Technology,0.3090909090909091
NSE:HONASA,HONASA,474.6,-1.4637184677670414,1909879,0.5730517436698974,157208888147.0,62.259769903842376,7.6229,239.35360370386854,0.6221484861053505,Retail Trade,0.2
NSE:ABREL,ABREL,1390.8,-0.8059339562085411,89905,0.5201770007764613,156820732910.0,,-10.5315,40.03928490093373,0.17806267806267806,Process Industries,-0.2909090909090909
NSE:FINEORG,FINEORG,5093.1,-0.3385253600500797,19759,0.3377012252543569,156264710556.0,35.64272872517987,142.8931,5.7343490437942,0.2158259265799439,Process Industries,0.3333333333333333
NSE:CIEINDIA,CIEINDIA,409.7,-0.3890104546559744,244282,0.39175631378737436,156145552047.0,17.207778571128564,23.809,14.311915153086465,1.7006802721088434,Producer Manufacturing,-0.35454545454545455
NSE:SHAILY,SHAILY,3373.7,-0.6654300267938746,67056,0.23512012143104336,155921584939.0,88.0401878914405,38.32,50.907136190539944,0.0884968804849629,Process Industries,0.4454545454545455
NSE:BHARATCOAL,BHARATCOAL,33.24,-0.270027002700259,3519741,1.0165724477272908,155264380711.0,,,,,Energy Minerals,-0.5524475524475525
NSE:VIJAYA,VIJAYA,1497.3,-0.6172839506172809,92772,0.25665377938542194,155119719445.0,82.31445849367783,18.19,24.511434653743226,0.13279771587928688,Health Services,0.4
NSE:MAHSCOOTER,MAHSCOOTER,13226.0,-1.658115845044241,2959,0.9558728517896369,154117664286.0,54.27050972671479,243.7051,15.362323368452536,1.6314060495502511,Producer Manufacturing,-0.1575757575757576
NSE:BIKAJI,BIKAJI,608.65,-0.8147967082212989,36824,0.24673969779345403,153751566250.0,59.07273327251198,10.3034,27.650032211705234,0.20384866275277233,Consumer Non-Durables,-0.603030303030303
NSE:IGIL,IGIL,349.7,-1.5345628607630548,608013,1.1235150931231812,153567951495.0,25.63782991202346,13.64,,0.0,Commercial Services,-0.26969696969696966
NSE:NIVABUPA,NIVABUPA,83.74,1.2453149558699084,644696,0.8619464012277765,152894648225.0,43.334713309873734,1.9324,157.96288879989322,,Finance,0.04848484848484849
NSE:PARADEEP,PARADEEP,147.82,0.7909450429564957,2051782,0.6276779910848631,152195824256.0,13.17034489517717,11.2237,14.215207392029944,1.023192360163711,Process Industries,0.3333333333333333
NSE:KIRLOSBROS,KIRLOSBROS,1910.0,-1.6933449997426575,34824,0.4460429443137978,152115740380.0,40.618939058831536,47.0224,-10.39119431655335,0.3654207558989351,Producer Manufacturing,0.15454545454545454
NSE:USHAMART,USHAMART,498.8,0.15058729043268748,500681,1.219337918464672,151715702396.0,29.992002934261716,16.6311,25.345563075624423,0.7532389273877673,Producer Manufacturing,0.045454545454545456
NSE:SHADOWFAX,SHADOWFAX,257.38,-0.4717710750193454,5275805,0.9093757537294618,151305158783.0,,,,,Technology Services,0.46153846153846156
NSE:CCL,CCL,1132.1,0.15038924274591456,78883,0.558358172295927,151046780638.0,34.90903484427999,32.43,39.03715803418694,0.5083097595473832,Consumer Non-Durables,-0.24545454545454548
NSE:MARKSANS,MARKSANS,326.5,-1.4934379242721343,3307392,0.3362913397531028,150291757351.0,28.632564828862325,11.4031,47.582377759946155,0.271370420624152,Health Technology,0.35454545454545455
NSE:ARVIND,ARVIND,526.5,-4.671374253123295,928658,1.0213546126084148,150248030496.0,33.31835642098202,15.8021,12.677371971306734,0.8147745790331342,Process Industries,-0.22424242424242424
NSE:VGUARD,VGUARD,333.4,-3.0673062945195557,868328,0.48110199443395724,150058454537.0,40.17980886269689,8.2977,26.4893292682927,0.4367447954578541,Producer Manufacturing,0.4
NSE:RAINBOW,RAINBOW,1458.7,-1.3391951301995235,52307,0.42731719112900396,149709231430.0,51.90826112485099,28.1015,10.857104535430967,0.23744911804613297,Health Services,-0.17878787878787877
NSE:VISL,VISL,37.41,-1.4748485646563136,17346935,0.35098851570459355,148281903504.0,,,,,Non-Energy Minerals,0.375
NSE:JBMA,JBMA,619.85,-0.24140983342721495,137993,0.7295210926877131,147217678528.0,65.3843313889094,9.4801,9.20012901144977,0.13654618473895583,Producer Manufacturing,-0.28787878787878785
NSE:VOGL,VOGL,37.14,-1.3807753584705154,18899629,0.22780008276320263,147186999654.0,,,,,Energy Minerals,0.0
NSE:CEATLTD,CEATLTD,3605.4,-0.08590827213523373,38039,0.40330498249542507,145941908595.0,24.708956671260673,145.9147,36.965639074171776,0.9700799623054643,Consumer Durables,0.02121212121212121
NSE:CLEANMAX,CLEANMAX,1244.7,0.38712799419307636,54458,0.3663223943807875,145298981575.0,,,,,Utilities,-0.09440559440559443
NSE:LTFOODS,LTFOODS,426.3,2.1934555915138523,512225,1.3210405020224707,144839199092.0,23.114836764681964,18.4427,3.1834483067299946,0.4795013186286262,Process Industries,0.603030303030303
NSE:APOLLO,APOLLO,387.85,0.2066916419067333,2850343,0.6374155280068148,143827577025.0,115.2874383211462,3.3642,56.04619880328401,0.06459113809585325,Electronic Technology,-0.22424242424242424
NSE:TI,TI,582.8,0.38756351735423306,917227,0.45240820125041775,143547219306.0,,-1.31,-109.17366946778712,0.17239893112662705,Consumer Non-Durables,0.35454545454545455
NSE:SEDEMAC,SEDEMAC,3244.7,0.1388803160298747,116018,0.5369801588844394,143480552992.0,,,,,Producer Manufacturing,0.33916083916083917
NSE:VEDPOWER,VEDPOWER,36.18,-1.1205247335337625,17812628,0.6771303490066871,143081095301.0,,,,,Utilities,-0.25
NSE:JSWDULUX,JSWDULUX,3110.4,-0.9363653735906774,10420,0.4491805257395098,142962429848.0,7.217762043584572,430.9369,383.4936239058093,1.5927371187385524,Process Industries,0.4
NSE:UTLSOLAR,UTLSOLAR,468.3,0.8397932816537541,702173,1.1846266595449118,142540527997.0,46.55624925438422,10.0588,,,Electronic Technology,0.506993006993007
NSE:GRAPHITE,GRAPHITE,737.15,1.0486634681288522,943677,0.4604502978947438,142526496620.0,67.61541354417956,10.9021,-40.66852064501031,0.9595613433858807,Process Industries,0.5121212121212121
NSE:INGERRAND,INGERRAND,4691.0,4.775305994818194,47443,1.0306234834348178,141740323563.0,55.356976383304875,84.7409,1.0806955098652131,1.670378619153675,Producer Manufacturing,0.603030303030303
NSE:CANHLIFE,CANHLIFE,149.27,0.24848891873741072,248175,0.44670660191588396,141454994202.0,32.16263385835255,4.6411,,0.2686366689053056,Finance,0.3787878787878788
NSE:SOBHA,SOBHA,1308.3,-0.961392884178656,42662,0.45105071069403196,141435753399.0,60.667467343068196,21.5651,122.07107477164836,0.45372050816696907,Finance,-0.4666666666666667
NSE:EIDPARRY,EIDPARRY,780.6,-1.4456158070828777,696947,1.315297106126316,140896416351.0,29.974771426048026,26.0419,-55.10791242889157,,Process Industries,-0.1575757575757576
NSE:E2E,E2E,664.55,-3.1479997085185487,890348,0.4667837049419155,140764302965.0,456.202375231688,1.4567,-23.536822214057,,Technology Services,0.3090909090909091
NSE:FRACTAL,FRACTAL,825.5,0.9168704156479218,467766,1.6134084748387596,140684646688.0,,,,,Technology Services,0.013986013986013984
NSE:UJJIVANSFB,UJJIVANSFB,72.33,0.166181969256342,11366563,0.8961590370603958,140665154238.0,15.758169934640524,4.59,69.37269372693726,,Finance,0.4
NSE:GALLANTT,GALLANTT,576.3,-1.1407496354747562,18807,0.22774389800870914,140630592800.0,31.905705712355914,18.0626,-3.7226160652417217,0.3431414600669126,Non-Energy Minerals,-0.3333333333333333
NSE:LUMAXTECH,LUMAXTECH,2014.7,-1.6739873108833556,101047,0.12091412114243484,139675577087.0,42.371740675777424,47.5482,72.85037606831393,0.2683843263553408,Producer Manufacturing,0.3090909090909091
NSE:VINATIORGA,VINATIORGA,1338.5,-0.424044041065321,26064,0.3315102643026125,139295507553.0,30.941323599780855,43.2593,5.445677291030891,0.6325816774577658,Process Industries,0.24545454545454548
NSE:BALRAMCHIN,BALRAMCHIN,653.25,-0.3812428516965307,1122189,1.423043255131128,138648410622.0,35.87314662273476,18.21,-11.730489578284043,0.5338213986120643,Process Industries,0.37575757575757573
NSE:PRUDENT,PRUDENT,3354.1,0.48232474535649816,16403,0.23215493790991207,138285890717.0,56.6794025351194,59.1767,20.571677726817985,0.1047998323202683,Finance,0.4666666666666667
NSE:KSB,KSB,794.5,-0.09430996541967936,38365,0.14267300752394185,138282856224.0,56.32355026229973,14.106,-4.400452718684135,0.553772575671764,Producer Manufacturing,-0.4666666666666667
NSE:VENTIVE,VENTIVE,585.7,-1.0976021614319487,11576,0.4500760105909386,138198248142.0,28.528981977593766,20.53,,,Consumer Services,-0.35454545454545455
NSE:JUBLPHARMA,JUBLPHARMA,866.0,-0.10957956052829407,174170,0.556614078561937,137945432114.0,39.04576831341218,22.1791,-23.44114601311702,0.5773338721782807,Health Technology,-0.35454545454545455
NSE:ATLANTAELE,ATLANTAELE,1774.4,-0.7717257577452161,224160,1.5295302508003834,137729537257.0,62.74132639350523,28.2812,,,Producer Manufacturing,0.4666666666666667
NSE:JNPR,JNPR,240.59,-0.45100959947037544,822681,,137640712653.0,,,,,Utilities,
NSE:AVALON,AVALON,2197.3,6.69612508497621,1136130,1.8700004608628669,137625537794.0,110.2508780732564,19.93,66.36615579819026,,Electronic Technology,0.5575757575757576
NSE:BBOX,BBOX,777.4,0.4263015114326255,372101,0.7331571344016657,137461778778.0,59.61656441717792,13.04,3.061006741644074,0.12919896640826875,Technology Services,-0.08787878787878788
NSE:RKFORGE,RKFORGE,754.35,-0.08609271523178506,857902,0.539207537096908,137310647621.00002,129.4732506050152,5.8263,-74.94657177871902,0.26533996683250416,Producer Manufacturing,0.4212121212121212
NSE:ANURAS,ANURAS,1210.5,1.136268694126486,478662,1.8250907947038806,136236585786.99998,78.69792479325947,15.3816,36.935910333223546,0.18802490285380016,Health Technology,-0.2212121212121212
NSE:SPLPETRO,SPLPETRO,707.0,-2.273826802128695,45433,0.4351953316576753,136160737899.0,27.426700494223713,25.7778,38.33447816940711,1.4500759563596188,Process Industries,-0.3787878787878788
NSE:CARTRADE,CARTRADE,2802.6,0.2037970610318502,258418,1.3683219526246229,135659050970.99998,60.583657587548636,46.26,52.67326732673266,,Technology Services,0.4454545454545455
NSE:INDGN,INDGN,567.7,1.059190031152656,161721,0.16626505726815,135476563713.00002,34.19879518072289,16.6,-8.223404137686995,0.4001778568252557,Health Technology,0.4666666666666667
NSE:ENGINERSIN,ENGINERSIN,244.78,1.9152302439836764,2434889,0.7552725858045873,135002572772.00002,17.55664416918299,13.9423,41.566313993867155,2.0815986677768525,Industrial Services,0.603030303030303
NSE:HEG,HEG,739.25,5.864241729915516,5427008,3.5564391047039816,134804446896.99998,39.752103890517034,18.5965,82.31505264602653,0.4867224966001002,Electronic Technology,0.6484848484848484
NSE:DOMS,DOMS,2218.6,0.022541815066949192,16908,0.25369712392567345,134618862662.0,62.12825539064687,35.71,4.392921978641999,0.16454783157515104,Producer Manufacturing,-0.35454545454545455
NSE:PRIVISCL,PRIVISCL,3454.6,0.1623659031603337,88946,1.276893857282929,134535856389.0,38.57672800201895,89.5514,60.79153806238005,0.290351615806742,Process Industries,-0.04242424242424242
NSE:SKFINDUS,SKFINDUS,2667.6,-2.092050209205021,24263,0.5018657333862854,134347670955.99998,,,,0.36798528058877644,Producer Manufacturing,-0.27622377622377625
NSE:GRAVITA,GRAVITA,1814.1,-0.4171927320634647,138780,0.6700948794089955,134198531861.0,33.70723885297653,53.8193,12.579488595478356,,Non-Energy Minerals,0.26363636363636367
NSE:SCI,SCI,295.75,3.264664804469282,2739141,0.6516966246897943,133521283726.0,8.51289815609043,34.7414,78.5621035967969,2.6164311878597597,Transportation,0.5363636363636364
NSE:TMB,TMB,847.1,0.4029868436648071,73206,0.5068575950747449,133506108425.00002,9.288346639210618,91.2003,20.32638424362846,1.4826236508124777,Finance,0.24545454545454548
NSE:LLOYDSENGG,LLOYDSENGG,93.66,2.686108979278591,10765189,0.6087720872023871,132928655788.0,61.728069597311006,1.5173,81.69081547120108,0.273912567108579,Industrial Services,0.5121212121212121
NSE:ACE,ACE,1184.8,6.3841249887761435,1694388,5.3311661158951615,132611046995.00002,32.28628187275695,36.6967,3.324999014523117,0.1795977011494253,Producer Manufacturing,0.6484848484848484
NSE:MANYAVAR,MANYAVAR,536.9,-0.9135369567223485,260410,0.04800179376773363,131414783948.0,33.814082378133264,15.878,-2.6540534243971825,1.4329296477766478,Retail Trade,0.3090909090909091
NSE:JSWHL,JSWHL,11489.0,-2.619087981013731,2559,0.6283146729522687,131098772176.0,92.82232712659595,123.7741,-22.40583469736645,,Finance,-0.4454545454545455
NSE:TEGA,TEGA,1735.4,-0.4931192660550407,68494,0.30689338441203484,130786042832.0,457.6718181338679,3.7918,-87.30370261238758,0.11488640606600224,Distribution Services,0.2424242424242424
NSE:NAZARA,NAZARA,355.55,1.5566980862610649,1284773,0.46649156405185777,129755375656.0,,-1.4139,-137.21475008554208,,Technology Services,0.5121212121212121
NSE:VARROC,VARROC,843.9,-0.4541433205544114,314799,0.1473987180765811,129280222411.0,65.36995724112289,12.9096,47.31941116056145,0.17727353306151392,Producer Manufacturing,0.35454545454545455
NSE:CORONA,CORONA,2119.4,0.2981401732052521,16600,0.32262578518564583,129264914165.0,65.12714143043713,32.5425,,0.4731376120744718,Health Technology,0.33916083916083917
NSE:APTUS,APTUS,257.0,0.7053291536050201,706182,0.7715702652709142,128209343750.0,13.080145153984356,19.6481,23.108395989974927,1.7578125,Finance,-0.3333333333333333
NSE:ASKAUTOLTD,ASKAUTOLTD,638.25,-1.68669131238448,260634,0.08160596368469802,127925833660.0,39.770567599060335,16.0483,23.17747110203706,0.2850978579133919,Producer Manufacturing,0.46969696969696967
NSE:BLUESTONE,BLUESTONE,820.4,-1.7073024621098665,1645349,0.26736915401299755,127637399011.0,211.73798585660455,3.8746,,,Retail Trade,0.17575757575757575
NSE:SWANDEF,SWANDEF,2379.2,-0.47270445513491666,15929,0.8631358779287773,126163210554.0,,-44.9488,-46.870864551713325,,Producer Manufacturing,-0.09090909090909091
NSE:AMAGI,AMAGI,579.15,-0.31841652323580427,1013729,0.5050319410985299,125822724247.0,,,,,Technology Services,-0.19930069930069932
NSE:TRIDENT,TRIDENT,24.47,-0.4070004070004128,3687019,0.88691683413841,125258587433.0,31.420133538777602,0.7788,-10.110803324099713,2.0341741253051264,Process Industries,-0.49090909090909096
NSE:SUDEEPPHRM,SUDEEPPHRM,1104.1,0.23149198856156822,68381,0.1248333495503564,124124884453.0,68.28161139902782,16.1698,6.10801233676749,0.1364939260202921,Health Technology,0.38461538461538464
NSE:PCBL,PCBL,326.55,3.5187826913932554,4673328,5.465391053854122,124098097049.0,49.251907936412174,6.6302,-38.835793357933575,1.4267596702599874,Process Industries,0.49090909090909096
NSE:MANORAMA,MANORAMA,1901.0,-2.181743336420711,1522636,0.9640654462508865,123325370922.0,46.01835892867517,41.3096,72.42147880710395,0.04094689699296225,Consumer Non-Durables,0.4212121212121212
NSE:HOMEFIRST,HOMEFIRST,1177.1,-0.23730824646157994,280836,3.0556640593123245,123234861294.0,21.293415340086828,55.28,26.64375715922108,0.44108915090338446,Finance,-0.11212121212121212
NSE:NSLNISP,NSLNISP,40.49,-3.041187739463592,8513119,1.4701419094522672,122499316563.0,140.49271339347675,0.2882,,,Non-Energy Minerals,-0.5575757575757576
NSE:JMFINANCIL,JMFINANCIL,125.4,-1.9623172543194363,1377411,0.2750695351819294,122395180464.0,11.532094905278646,10.874,-5.781027969361933,2.541047693510555,Finance,-0.2
NSE:BLUEDART,BLUEDART,5085.5,-0.7707317073170732,6205,0.2574101346165813,121482271263.0,42.03656863231331,120.978,15.827720411885505,0.4883003242314153,Transportation,-0.08787878787878788
NSE:SKYGOLD,SKYGOLD,795.05,2.402112313240595,702674,0.3639452272983419,120096956873.0,36.78079561804042,21.6159,101.57880503203305,,Consumer Durables,0.603030303030303
NSE:PARKHOSPS,PARKHOSPS,276.85,0.0722935116573452,253813,0.4308042166409889,119450478951.0,,,,,Health Services,-0.1853146853146853
NSE:MOLBIO,MOLBIO,1110.9,6.642987424402423,11279534,,119423207507.0,,,,,Health Technology,
NSE:AVANTIFEED,AVANTIFEED,866.15,-1.0792599360438608,188859,0.3542070800154807,119303481116.0,22.220654446568066,38.9795,-8.265182448254357,1.1420087934677097,Process Industries,-0.4454545454545455
NSE:JPPOWER,JPPOWER,17.32,-0.40253018976423394,17429075,0.38358996218165664,119250183714.0,24.452915431314413,0.7083,-12.555555555555555,,Utilities,-0.3787878787878788
NSE:SOUTHBANK,SOUTHBANK,45.09,-0.28748341441838887,5224300,0.8182103622083248,118420564214.0,7.822014051522249,5.7645,13.311579816405558,0.9949148795047537,Finance,-0.15454545454545454
NSE:WABAG,WABAG,1980.6,4.373946037099494,649459,1.7071569219397578,118405917030.0,31.518141311266707,62.84,29.513602638087384,0.2635740643120717,Industrial Services,0.4454545454545455
NSE:NUVOCO,NUVOCO,326.45,-1.4044095439444377,193929,0.7151491595027231,118200834998.0,30.20950935574022,10.8062,153.64880407483042,,Non-Energy Minerals,-0.4454545454545455
NSE:AKUMS,AKUMS,744.15,0.02016129032257759,263535,0.4916687670976795,117164083994.0,39.0543817111188,19.0542,-14.570863652870983,0.1343363782912413,Health Technology,0.49090909090909096
NSE:IRCON,IRCON,123.62,-0.762623424580548,945766,0.7223822821318147,117047181853.0,22.191903778834934,5.5705,-21.564348070965927,1.5267175572519083,Industrial Services,-0.4454545454545455
NSE:PVRINOX,PVRINOX,1205.0,1.0906040268456376,463216,1.703487247455345,117044533293.0,26.712480602970516,45.11,,,Consumer Services,0.5575757575757576
NSE:INDIACEM,INDIACEM,374.5,-0.438654791971282,73424,0.4494596616319969,116691793202.0,125.48165521862958,2.9845,,,Non-Energy Minerals,-0.4
NSE:JUBLINGREA,JUBLINGREA,726.7,-0.8324235807860139,135243,0.46804627201315646,116641579213.0,37.39091956861777,19.4352,10.745666518513453,0.682780281305476,Process Industries,-0.045454545454545456
NSE:UTIAMC,UTIAMC,894.6,-1.399757522318961,75706,0.6022814873980399,116503729371.0,24.982267225923923,35.8094,-35.64090582314882,4.41306266548985,Finance,-0.4666666666666667
NSE:KTKBANK,KTKBANK,310.75,1.3866231647634584,2278072,0.7151214687088526,116175591170.0,8.18840579710145,37.95,23.374512353706116,1.62813415825464,Finance,0.5121212121212121
NSE:KEC,KEC,428.6,-1.77609716970322,1402096,1.2042733832920811,116169683702.0,20.608642551124916,20.7971,-9.352389420646121,1.2603116406966086,Industrial Services,-0.5363636363636364
NSE:EDELWEISS,EDELWEISS,121.4,-1.0352979538599463,1545083,0.360076775897061,115997452455.0,17.784158328816492,6.8263,54.98115606411478,1.2239902080783354,Finance,0.35454545454545455
NSE:LLOYDSENT,LLOYDSENT,79.03,4.467944481163245,6838651,1.528374084792101,115237763098.0,107.39230873760022,0.7359,-63.518738845925036,0.19838645681788122,Distribution Services,0.24545454545454548
NSE:GODREJAGRO,GODREJAGRO,588.7,-1.3902847571189203,196757,0.7522873692863561,114781196503.0,25.344630141468418,23.2278,-1.8574072352687754,1.8434724317077256,Process Industries,0.2424242424242424
NSE:METROPOLIS,METROPOLIS,551.95,0.21788470267817436,118593,0.5709241863248365,114436512042.0,56.83936276478524,9.7107,32.09320673613188,0.0,Health Services,0.04848484848484849
NSE:SIGNATURE,SIGNATURE,800.95,-0.5092851375690839,173950,0.8299343161498681,113505491447.0,10.793979790683446,74.2034,709.8951113827616,,Finance,-0.4454545454545455
NSE:RATEGAIN,RATEGAIN,935.95,-1.4270668773038393,308663,0.3271330982963617,112824032455.0,45.69912161205428,20.4807,15.31990608055226,,Technology Services,0.2424242424242424
NSE:BLS,BLS,267.74,-1.7684179630173147,1545253,0.5746202809459149,112240573424.0,15.645872899926953,17.1125,24.630387601415812,0.9170946441672779,Technology Services,0.31212121212121213
NSE:BLUEJET,BLUEJET,607.25,2.368509777478077,1660583,2.011438157878799,112174245737.0,44.83932421655788,13.5428,-34.48881364131092,0.20248038471273097,Health Technology,0.5121212121212121
NSE:PARAS,PARAS,1527.3,9.996398991717678,5405026,4.615488925655121,111919682353.0,130.2679051201351,11.7243,47.67608827085852,0.07200460829493088,Electronic Technology,0.6484848484848484
NSE:ZENSARTECH,ZENSARTECH,484.9,-1.1920529801324549,477620,0.6922932980089095,111615738876.0,14.37166567871962,33.74,14.761904761904773,3.058103975535168,Technology Services,-0.4666666666666667
NSE:IEX,IEX,124.4,-0.7182761372705438,1974813,0.8619386954721413,111595348901.0,21.836054063542218,5.697,11.96053769357755,2.796644027167399,Finance,-0.4454545454545455
NSE:TECHNOE,TECHNOE,1002.45,4.514413803888867,444334,1.4026978479721943,111560360773.0,27.042447294945983,37.0695,-6.756297870734867,0.7297367735209799,Industrial Services,-0.26666666666666666
NSE:MGL,MGL,1111.4,-1.5676202285005596,277305,1.3027870589959747,111460839204.0,15.3441951200655,72.4313,-33.11457213671237,2.6586316908897554,Utilities,-0.3333333333333333
NSE:TITAGARH,TITAGARH,841.4,2.4910165052682784,435103,1.186792355047861,110513289986.0,59.30363687623343,14.188,-19.976536678360727,0.06093102607847916,Producer Manufacturing,0.31212121212121213
NSE:SIGMAADV,SIGMAADV,658.45,4.999202678998568,190011,0.6539185175217647,110475851841.0,76.71917600727053,8.5826,-48.55358277486723,,Technology Services,0.2424242424242424
NSE:VIYASH,VIYASH,254.95,1.110450128891526,1366678,0.5056977853728845,110206964645.0,62.334963325183374,4.09,249.39347343242778,,Health Technology,-0.13333333333333333
NSE:AAVAS,AAVAS,1388.3,-0.10792919844581955,49386,0.6338445742154912,110193310581.0,16.11304549675023,86.16,16.70052824055262,,Finance,-0.35454545454545455
NSE:JKTYRE,JKTYRE,383.15,0.3010471204188422,262690,0.24246430645553718,110126585083.0,16.6072132909719,23.0713,40.8882727961113,1.0471204188481675,Consumer Durables,-0.35454545454545455
NSE:PGIL,PGIL,2360.8,-0.7232968881412876,37637,0.10579947658255093,109764904050.0,35.19379844961241,67.08,23.086182346637703,0.6101794769289036,Consumer Non-Durables,0.3333333333333333
NSE:ABLBL,ABLBL,88.72,-1.3345195729537398,427273,0.34012452544336796,109712686458.0,61.61538995763595,1.4399,,0.556235398820781,Retail Trade,-0.35454545454545455
NSE:FIRSTCRY,FIRSTCRY,204.65,-1.8041360779233198,1514409,1.7320235573932972,108672667474.0,,-2.5868,29.39378224199579,,Retail Trade,-0.5575757575757576
NSE:CANFINHOME,CANFINHOME,824.15,1.2034137655799046,151032,0.9181734287058687,108421122295.0,9.714007548201703,84.8414,28.171218452483465,1.8421860607921399,Finance,-0.08787878787878788
NSE:OLECTRA,OLECTRA,1324.1,0.3030073479281873,189140,0.4630672414569798,108202927929.0,61.270857819773624,21.6106,25.875747020654483,0.04551488716100891,Consumer Durables,-0.08787878787878788
NSE:JWL,JWL,250.7,-0.7718187215515603,295272,0.3332907415174937,107996489003.0,64.2491030240902,3.902,-48.765756302521,,Producer Manufacturing,-0.4666666666666667
NSE:RITES,RITES,218.49,-1.4567923507126057,242181,0.23085880684867494,106621953808.0,25.171079007396145,8.6802,8.089059347993917,3.6285778679287812,Commercial Services,-0.35757575757575755
NSE:INDIAMART,INDIAMART,1753.1,-0.9548022598870107,104840,0.7784383564288361,106462399024.0,21.417506377239363,81.8536,-16.63380373496724,1.6947716295229218,Retail Trade,-0.5121212121212121
NSE:HCG,HCG,713.65,0.18249456025829358,101694,0.4247709985840131,106273304363.0,531.147662994939,1.3436,-67.47361285949452,,Health Services,0.5363636363636364
NSE:IIFLCAPS,IIFLCAPS,335.05,0.1494544911074578,157511,0.7448906435027371,105271297883.0,19.32237600922722,17.34,-20.275862068965516,0.8971291866028708,Finance,0.024242424242424246
NSE:JAINREC,JAINREC,296.2,-1.8880423981450776,543063,0.26525596820189234,104198666181.0,28.31902403579555,10.4594,,,Non-Energy Minerals,-0.35454545454545455
NSE:BLACKBUCK,BLACKBUCK,588.8,3.388937664618078,602522,2.8556722480974335,103889270680.0,63.93051031487512,9.21,,,Technology Services,0.5818181818181818
NSE:SBFC,SBFC,93.67,-0.29803086748270474,582128,0.44225187072431915,103745778870.0,21.632794457274827,4.33,30.03003003003003,,Finance,0.22424242424242424
NSE:JLHL,JLHL,318.2,0.9677931143899767,229945,1.0684446740859244,103446796410.0,55.587582761210975,5.7243,-2.624774606198742,0.0,Health Services,0.3787878787878788
NSE:BBTC,BBTC,1473.2,0.6559169171904986,25932,0.7430393783363276,102163510420.0,7.967257018130215,184.9068,13.066496431106891,1.161003926925047,Consumer Non-Durables,-0.4
NSE:VOLTAMP,VOLTAMP,10093.5,0.924907509249075,12529,0.4218973088009483,101063960373.0,32.20768893757545,313.3879,-2.599155184433163,1.0010611247922798,Producer Manufacturing,0.603030303030303
NSE:QPOWER,QPOWER,1325.1,1.7273146015660985,369267,1.4271602075422476,100878682022.0,76.98206598462798,17.2131,95.68123685556756,0.0,Producer Manufacturing,0.603030303030303
NSE:KRN,KRN,1522.1,-1.1430798207443096,425418,1.9189449226568007,100802784366.0,99.34730109000718,15.321,78.58100311214201,,Producer Manufacturing,0.26363636363636367
NSE:SAREGAMA,SAREGAMA,513.95,-1.8055024837600175,332519,0.2481847905973722,100767795936.0,44.74967348715717,11.485,8.358256833127337,0.8605851979345956,Consumer Services,-0.024242424242424246
NSE:ZEEL,ZEEL,105.32,0.4291026985791824,24563299,0.6254914229167153,100710458587.0,49.50178605000939,2.1276,-71.0167829119442,1.9074868860276588,Consumer Services,0.4
NSE:SANOFICONR,SANOFICONR,4336.6,-0.6050882420352885,2260,0.9483843894250944,100533269432.0,37.5339065348084,115.5382,33.006012646934565,1.7181343351965546,Health Technology,-0.5121212121212121
NSE:AFCONS,AFCONS,280.25,3.146853146853151,1053377,0.7328176968694005,100019036644.0,71.59279601481671,3.9145,-73.50448755262552,0.7354293068578783,Industrial Services,0.024242424242424246
NSE:FINPIPE,FINPIPE,158.34,-0.6400602409638618,461177,0.8195221620541959,98717883145.0,15.901102653196489,9.9578,54.922521625490084,1.7284726587052168,Producer Manufacturing,-0.4
NSE:WHIRLPOOL,WHIRLPOOL,769.0,-1.0741622177912167,157952,0.4553433337513387,98446195067.0,38.88571443019028,19.7759,-30.481108595694415,0.6443714156840002,Consumer Durables,-0.49090909090909096
NSE:THYROCARE,THYROCARE,608.25,-1.6731328806983545,280953,0.22804870961279783,98403955208.0,55.24974793579857,11.0091,65.28939268823663,1.5096368782854832,Health Services,0.17575757575757575
NSE:ELECON,ELECON,433.95,-0.9811751283514003,308935,0.7045881762105616,98343270576.0,41.25156850070345,10.5196,-54.35627755215384,0.4563605248146035,Producer Manufacturing,-0.3333333333333333
NSE:PRICOLLTD,PRICOLLTD,800.05,-0.8059016799950407,323254,0.4889242076273949,98327900322.0,36.39436286551303,21.9828,56.35215294669912,0.2479082739386427,Producer Manufacturing,0.3090909090909091
NSE:ALKYLAMINE,ALKYLAMINE,1894.6,-1.3280558304254988,33643,0.14473724401667687,98111150931.0,43.098271155595995,43.96,20.57048820625343,0.521308484295582,Process Industries,0.2
NSE:SHREEJISPG,SHREEJISPG,625.85,3.996344300432049,1716005,1.458837853705514,97979035563.0,63.78414186710152,9.812,,0.0,Transportation,0.17878787878787877
NSE:WEWORK,WEWORK,696.05,-1.6600734670810964,123453,0.3589315525876461,97962518884.0,113.38719924413964,6.1387,,,Finance,-0.22424242424242424
NSE:SANDUMA,SANDUMA,200.0,-0.4430285230723214,287527,0.4081185683892097,97950116669.0,13.557483731019522,14.752,45.66136103321618,0.24813895781637718,Non-Energy Minerals,-0.3090909090909091
NSE:INTELLECT,INTELLECT,695.95,0.07189589474441009,334357,1.1556981622243474,97611605782.0,28.006036217303823,24.85,-0.12057877813503853,1.005891651099296,Technology Services,-0.26363636363636367
NSE:BATAINDIA,BATAINDIA,753.1,-0.6595435958316844,590851,0.5284664356629314,97456008808.0,66.21183214496092,11.3741,-29.91669439412423,1.1869436201780417,Consumer Non-Durables,0.2212121212121212
NSE:RELAXO,RELAXO,383.95,-1.853271983640082,345402,0.953183085982741,97409670606.0,51.564598442116576,7.446,6.004954300845637,0.8944543828264758,Consumer Non-Durables,-0.2909090909090909
NSE:ESABINDIA,ESABINDIA,6177.5,-1.7729368739068214,2894,0.19120357829502432,96841335038.0,42.8547247377381,144.1498,29.073383446528272,1.1921319292668389,Producer Manufacturing,0.35454545454545455
NSE:GENUSPOWER,GENUSPOWER,314.55,-1.1626080125687317,1106123,0.7996004177411458,96825212143.0,13.430828351836038,23.42,64.87616687551922,0.769835035349568,Electronic Technology,0.3787878787878788
NSE:PGHL,PGHL,5838.0,0.02570033410434336,13004,0.5220665871763681,96566080388.0,29.643380685900503,196.9411,4.595839239631694,2.6643976312645576,Health Technology,-0.1303030303030303
NSE:CYIENT,CYIENT,858.55,-1.08870967741936,1226481,3.5025332003311536,96432192040.0,25.22179788484136,34.04,-39.61326946957601,3.4576153979139055,Technology Services,-0.2
NSE:SWANCORP,SWANCORP,304.55,-0.21297509829619177,798035,0.8439289536046612,95729728830.0,42.697117541498436,7.1328,-64.8174728835881,0.04911591355599214,Utilities,-0.4454545454545455
NSE:MMTC,MMTC,63.54,-0.4231311706629104,1192493,0.8874441799915549,95699998856.0,21.307132557593643,2.9821,355.4910646097449,,Distribution Services,-0.24545454545454548
NSE:PCJEWELLER,PCJEWELLER,9.62,-1.7364657814096012,66251550,0.3409375649623641,95066138809.0,12.177215189873417,0.79,-1.7901541521630988,,Consumer Durables,-0.11212121212121212
NSE:SGMART,SGMART,804.95,6.998537817360108,907046,2.882538233802355,94765871481.0,81.64869607554749,9.8587,5.893662728249196,,Utilities,0.603030303030303
NSE:RPOWER,RPOWER,22.45,-1.188380281690139,13058606,0.6553944027207647,93964714191.0,,-0.773,-110.10721757322175,,Utilities,-0.5575757575757576
NSE:WAAREERTL,WAAREERTL,890.1,-0.7636992028541192,66158,0.662935039220166,93628159492.0,18.284265794598326,48.6812,77.08694070571117,,Utilities,-0.4454545454545455
NSE:TIMETECHNO,TIMETECHNO,185.67,-2.0779494752386616,1402882,0.39648931326203257,93494537197.0,17.99528964788664,10.3177,15.981339928057547,0.791974656810982,Process Industries,-0.49090909090909096
NSE:TEJASNET,TEJASNET,519.3,-0.6789710241943326,757413,0.5787030687621766,93009199570.0,,-51.3713,-619.8629790420676,,Electronic Technology,-0.17878787878787877
NSE:ELANTAS,ELANTAS,11701.5,-0.03417197044124557,2723,0.2659257595437366,92873985976.0,52.24182453283045,223.9872,33.54654303365924,0.06401966684165376,Process Industries,0.3181818181818182
NSE:KWIL,KWIL,38.1,-1.7788089713843718,21851151,0.9587231365009785,90999670306.0,,-1.4297,,,Consumer Non-Durables,0.29370629370629375
NSE:STAR,STAR,949.1,-3.8496606220241114,241901,1.08384994094633,90979076459.0,14.260878972603665,66.5527,68.93177514582625,0.5065599513702447,Health Technology,-0.603030303030303
NSE:HMT,HMT,60.96,1.1280690112806897,7384,0.64118929151362,90836216324.0,,-3.7364,6.358236635673286,,Producer Manufacturing,0.2909090909090909
NSE:WESTLIFE,WESTLIFE,587.75,1.4061421670117282,36576,0.18520900321543407,90614506024.0,288.59373465579887,2.0366,212.74570024570022,0.06883496816382723,Consumer Services,0.5121212121212121
NSE:KRBL,KRBL,393.6,-0.5307050796057533,715429,1.0080850668692336,90503062128.0,11.88165437547356,33.1267,40.395927985352955,1.1380880121396055,Process Industries,0.5575757575757576
NSE:PNGJL,PNGJL,607.85,-0.41775884665792185,166334,0.2982182457558305,89837730143.0,18.503692519375832,32.8502,76.70328015233507,,Retail Trade,-0.06666666666666667
NSE:RAILTEL,RAILTEL,277.15,-1.000178603322026,324920,0.924425406392112,89830660547.0,25.707501229025404,10.7809,9.065433797345426,1.161128974633798,Communications,-0.603030303030303
NSE:SONATSOFTW,SONATSOFTW,309.45,-3.4176029962546783,1255768,1.0368701016691884,89749955317.0,18.51663475347056,16.712,8.358350245414282,2.468364318075301,Technology Services,-0.22424242424242424
NSE:VESUVIUS,VESUVIUS,434.9,-1.3048905026665154,44334,0.6364076143829787,89363637838.0,34.4619919649437,12.6197,2.1656061268438016,0.34067681126504656,Non-Energy Minerals,-0.49090909090909096
NSE:CLEAN,CLEAN,831.9,-0.964285714285717,265260,0.44849281660792945,89266694594.0,37.965844887229714,21.9118,-13.291677713715892,0.7143707584236219,Process Industries,0.19696969696969696
NSE:TARIL,TARIL,297.5,0.4049949375632766,603861,0.5821160547739203,88954146299.0,34.276167982026614,8.6795,-0.369617870220503,,Producer Manufacturing,-0.15454545454545454
NSE:GNFC,GNFC,609.75,1.5150253891617453,1477556,1.7770838359694114,88281964210.0,8.641214234088686,70.563,84.49434853203024,3.4953395472703064,Process Industries,0.5575757575757576
NSE:SUVEN,SUVEN,339.9,2.05674823600059,572952,0.788611441714874,87962322119.0,,-14.2057,-68.16056441398251,,Health Technology,0.603030303030303
NSE:EMBDL,EMBDL,63.04,-0.11091744572967879,1875178,0.6427059389097274,87891806516.0,,-6.8098,-478.32222222222225,,Finance,0.3333333333333333
NSE:NCC,NCC,140.38,0.7030129124820587,925466,0.5202482960047792,87521806300.0,12.59860892977339,11.1425,-12.781595879581065,1.5781922525107603,Consumer Durables,-0.35454545454545455
NSE:BANCOINDIA,BANCOINDIA,628.55,2.8470915487196233,219443,1.080556067113314,87474454470.0,18.17821621824849,34.5771,14.315044037134022,3.760935328264247,Producer Manufacturing,-0.35454545454545455
NSE:SUDARSCHEM,SUDARSCHEM,1130.6,3.4495379266172397,636429,0.8594541796347541,87038939595.0,122.78986923845518,9.2076,-6.800008097657763,0.4573101019801528,Process Industries,0.4666666666666667
NSE:BSOFT,BSOFT,305.55,-1.6891891891891893,565208,0.47845124848020626,86801692669.0,15.02951303492376,20.33,21.08397855866587,2.093734900950234,Technology Services,-0.5151515151515151
NSE:LEMONTREE,LEMONTREE,109.02,-0.4837973528069385,3034793,1.0486217751298876,86790602106.0,36.710778866552175,2.9697,9.32886647277547,,Consumer Services,-0.4
NSE:EQUITASBNK,EQUITASBNK,76.12,1.6017084890549957,3573103,2.256323886872836,85703393003.0,17.05502778275677,4.4632,,,Finance,0.3787878787878788
NSE:JAYNECOIND,JAYNECOIND,90.23,2.1741592118672872,2963990,0.8654551421757218,85700305852.0,15.522639691714836,5.8128,137.77150570622163,,Non-Energy Minerals,0.46969696969696967
NSE:GALAXYSURF,GALAXYSURF,2438.4,1.4436077713525097,131965,0.8973615333720026,85247406756.0,24.478609826981284,99.6135,15.91739793727578,0.9149891864914322,Consumer Non-Durables,0.49090909090909096
NSE:GRINFRA,GRINFRA,868.8,-0.3212482790270844,7702,0.09590373267488236,84467104591.0,8.274695508729955,104.9948,-7.858885476086007,0.2863852454321553,Industrial Services,-0.5575757575757576
NSE:TIPSMUSIC,TIPSMUSIC,655.7,-0.08380952380951688,195220,0.7920359852595782,83915053000.0,39.05719493453736,16.7882,27.15347153320054,1.9803488460659608,Consumer Services,-0.24545454545454548
NSE:PRECWIRE,PRECWIRE,458.2,0.09830693610048905,382992,0.28597765519558704,83817453392.0,47.80435893958205,9.5849,80.45901268968633,0.27262813522355506,Producer Manufacturing,0.35454545454545455
NSE:EUREKAFORB,EUREKAFORB,431.95,-0.011574074074076705,149714,0.6487492270552963,83692485637.0,46.19489658417641,9.3506,6.0122671564459305,,Producer Manufacturing,-0.5121212121212121
NSE:LOTUSDEV,LOTUSDEV,169.84,-0.07648408542683735,512916,0.2006145834938578,83400700580.0,32.27792770534798,5.2618,,,Finance,0.06666666666666667
NSE:MAHSEAMLES,MAHSEAMLES,620.9,-0.17684887459807438,127305,0.919719514626785,83148518908.0,11.28447453314553,55.0225,-16.07408695439958,1.611473692691967,Non-Energy Minerals,0.35454545454545455
NSE:KINGFA,KINGFA,5974.5,-1.8562628336755644,21586,0.6004417221600988,82434407761.0,42.61299808778228,140.2037,11.081030760393762,0.3287797340171952,Process Industries,0.35454545454545455
NSE:MAHLIFE,MAHLIFE,384.15,-0.6465795939480151,92666,0.7283700062409701,82159547612.0,24.66642694782262,15.5738,195.3835065624763,0.9089728606674458,Finance,0.15454545454545454
NSE:SKFINDIA,SKFINDIA,1621.4,-1.8998063891577845,135419,0.6286852896676557,81743201465.0,38.23452426149642,42.4067,-60.080335046281604,2.419184130152106,Producer Manufacturing,0.2212121212121212
NSE:CELLO,CELLO,362.6,-1.893939393939394,235966,0.054077649230383655,81605975192.0,25.602824360105917,14.1625,-4.987924325774862,0.40600893219650835,Consumer Durables,-0.3787878787878788
NSE:SJS,SJS,2500.2,-1.353324127046762,222713,0.8543061498013385,81238811862.0,38.67285382830626,64.65,65.57393843159353,0.13797997319246236,Producer Manufacturing,0.49090909090909096
NSE:YATHARTH,YATHARTH,854.0,1.3228925668861573,218146,0.4931697617979154,81202638987.0,45.42287419353123,18.8011,24.092298147304792,0.0,Health Services,0.28787878787878785
NSE:TTKPRESTIG,TTKPRESTIG,594.6,0.422225975342003,32666,0.35331630169789685,80981375065.0,42.128681654255736,14.1139,98.62786213884628,1.2684989429175475,Consumer Durables,-0.04242424242424242
NSE:STARCEMENT,STARCEMENT,199.02,-0.02009444388626145,375299,1.9483410504041794,80553158924.0,21.768900945047253,9.1424,56.29637227749855,0.5017561465127948,Non-Energy Minerals,-0.5121212121212121
NSE:MIDHANI,MIDHANI,437.5,2.076528231451231,1544732,0.4988772345947837,80275188431.0,60.71160944742028,7.2062,13.914005690799879,0.4900816802800467,Non-Energy Minerals,0.5121212121212121
NSE:BORORENEW,BORORENEW,563.65,-1.0966836287067907,271605,0.653575190203483,79982462987.0,20.600565039892693,27.3609,,,Process Industries,-0.2
NSE:V2RETAIL,V2RETAIL,219.58,0.3335618003198621,662694,0.5001293918222104,79782702138.0,43.370400363428075,5.0629,117.93723903404931,,Retail Trade,0.1575757575757576
NSE:GAEL,GAEL,177.76,2.900144717800284,1907053,1.5683539476641593,78845482674.0,19.59781266537308,9.0704,75.07720815318098,0.1745200698080279,Consumer Non-Durables,0.603030303030303
NSE:WELENT,WELENT,575.85,1.1327713382507982,208397,0.485311319816613,78833588557.0,26.18690313778991,21.99,-3.4560876666139917,0.5267316302343956,Industrial Services,-0.06666666666666667
NSE:MEDPLUS,MEDPLUS,664.85,1.2718964204112755,199534,1.2850569160669145,78689775658.0,37.938098444472345,17.5246,17.845711057912155,,Retail Trade,-0.17272727272727276
NSE:KAMAHOLD,KAMAHOLD,2448.5,-0.32160885849210596,5044,0.6151069486110095,78644364109.0,8.442075843871418,290.0353,47.334335084874574,1.8545721630554537,Process Industries,-0.5454545454545454
NSE:AVL,AVL,614.15,0.903639201511542,182795,1.306229053672619,78490102943.0,57.183426443202976,10.74,28.93931208355845,0.20565975649884832,Retail Trade,-0.22424242424242424
NSE:JYOTHYLAB,JYOTHYLAB,210.68,-1.5191885196092179,1642022,1.3865869021141872,78455377405.0,27.237233354880413,7.735,-22.286299883454568,1.6381933068102035,Consumer Non-Durables,0.33636363636363636
NSE:BECTORFOOD,BECTORFOOD,260.92,2.20133176654916,2983947,0.8160273796269184,78436098450.0,53.843455292102604,4.8459,6.202195971860009,0.5088062622309198,Consumer Non-Durables,0.5575757575757576
NSE:AARTIPHARM,AARTIPHARM,874.55,1.4618017286385414,316308,0.13323640696572478,78215868638.0,37.21331007191183,23.501,-20.027087544493664,0.4057735783432844,Health Technology,0.4
NSE:KENNAMET,KENNAMET,3502.2,-1.3936987921277135,14827,0.23868396227933766,78197481375.0,39.277523257313646,89.1655,90.4472543198274,1.1242428926769628,Producer Manufacturing,0.4454545454545455
NSE:EPL,EPL,246.0,1.2387341042841231,823068,0.3484497805963799,77612119026.0,20.364238410596027,12.08,-2.02757502027575,2.063557573256294,Process Industries,0.4454545454545455
NSE:POWERMECH,POWERMECH,2443.8,-0.34661338335440195,53837,0.6869303704195179,77494698746.0,19.748070284317908,123.7488,22.69436463036664,0.061197013585737016,Industrial Services,-0.4242424242424242
NSE:RHIM,RHIM,380.0,1.5364061456245823,433930,0.3831929537639327,77190227927.0,,-17.1235,-314.4350940466351,0.6688068485821295,Producer Manufacturing,-0.3090909090909091
NSE:GPPL,GPPL,160.48,0.5702826345804328,1885993,0.7133133471218399,77132839258.0,13.885235689070393,11.5576,42.70051363097591,6.518332811031025,Transportation,0.4454545454545455
NSE:ICIL,ICIL,437.7,12.606122974015951,25217469,39.721694979221986,77043136917.0,57.45451681499567,7.6182,-26.757232269043303,0.3856041131105398,Process Industries,0.5575757575757576
NSE:MAXESTATES,MAXESTATES,477.85,0.7378517971961631,324306,2.053181676309837,77022990951.0,998.6415882967608,0.4785,-84.8013213480291,,Finance,0.5121212121212121
NSE:SMLMAH,SMLMAH,5309.5,-0.21612478857357642,90461,0.44940632917680956,76932720356.0,49.125511309646626,108.0803,9.961969217245505,0.44205338500028213,Consumer Durables,0.3787878787878788
NSE:RELIGARE,RELIGARE,231.55,0.1947209000432787,1967402,1.4423627687501304,76897699127.0,156.63261854833254,1.4783,-58.09332123823563,,Finance,-0.4212121212121212
NSE:UNIMECH,UNIMECH,1517.4,0.40362601733607734,194120,0.47219310002602755,76760836628.0,107.30879388989075,14.1405,,,Producer Manufacturing,0.4
NSE:NEWGEN,NEWGEN,528.45,-1.1965971767785317,290013,0.3614985412317972,76257094581.0,24.042311191992724,21.98,-0.3626473254759669,1.1212857409829937,Technology Services,-0.31212121212121213
NSE:IXIGO,IXIGO,172.26,-0.1449191351226016,348709,0.2433464401121165,76013979264.0,90.25463690663312,1.9086,17.81481481481481,,Technology Services,-0.35454545454545455
NSE:TANLA,TANLA,576.75,0.5666957279860506,772259,1.221608705060826,75969848773.0,14.354156296665007,40.18,11.652050196183037,2.094789211835559,Technology Services,0.045454545454545456
NSE:GMRP&UI,GMRP&UI,96.3,-0.41365046535677935,848279,1.2145239064396847,75555632935.0,11.934268576810588,8.0692,205.26992774183785,,Industrial Services,-0.4666666666666667
NSE:SAPPHIRE,SAPPHIRE,231.99,-1.1462416908130209,890032,0.15889488829421491,75460706852.0,,-0.5017,-283.436928702011,,Consumer Services,0.26363636363636367
NSE:DYNAMATECH,DYNAMATECH,11770.0,5.816776049626899,33383,1.253675628377541,75451570683.0,188.37485475770544,62.4818,0.033300779686526415,0.054006372751984735,Producer Manufacturing,0.6484848484848484
NSE:IMFA,IMFA,1418.4,1.4084507042253553,78872,0.25322771262545885,75433233411.0,14.595490668414614,97.1807,46.4813380080008,0.8940705242829555,Non-Energy Minerals,0.1575757575757576
NSE:ORKLAINDIA,ORKLAINDIA,545.55,0.22965276501929086,43632,0.3038177761808869,74659128876.0,25.38102947744529,21.4944,,,Consumer Non-Durables,-0.33916083916083917
NSE:TTML,TTML,37.85,-0.7863695937090359,912848,0.6277863517703403,74619588042.0,197.13541666666666,0.192,,,Communications,-0.4666666666666667
NSE:ETHOSLTD,ETHOSLTD,2892.2,3.715125869611988,961244,12.402812310892218,74605801786.0,74.41810200647383,38.8642,5.709490794258685,,Retail Trade,0.5818181818181818
NSE:CERA,CERA,5792.0,0.08640055296353896,5304,0.32509760896347556,74603892810.0,36.795348742656174,157.4112,-17.47657765011614,1.296602038258404,Consumer Durables,-0.2212121212121212
NSE:EMIL,EMIL,191.35,-0.5560752520527976,2202751,0.0794340829647519,73929469730.0,35.729623751283725,5.3555,88.7334367070764,,Retail Trade,0.2181818181818182
NSE:HNDFDS,HNDFDS,635.6,4.462157942312429,265619,2.504157584716681,73739618981.0,49.15813978669265,12.9297,32.60414743708079,,Consumer Non-Durables,0.5575757575757576
NSE:SFL,SFL,668.8,-0.933195082210053,154723,0.3014908033642697,73712238121.0,34.11444252879426,19.6046,271.58778597016624,0.14814814814814814,Process Industries,-0.31212121212121213
NSE:INDIASHLTR,INDIASHLTR,669.05,-0.8447573175250159,80555,0.38707095091495397,73710863372.0,14.141830479813992,47.31,27.58899676375406,1.4767776711216127,Finance,-0.603030303030303
NSE:SANOFI,SANOFI,3242.1,1.398010883843117,13100,0.7416423698587483,73649942196.0,23.05978716231114,140.5954,-10.675855198663774,3.8461538461538463,Health Technology,-0.3090909090909091
NSE:NESCO,NESCO,1034.7,-1.108668641880905,20418,0.9723134946712763,73648274170.0,17.50166187134325,59.1201,3.733668817838238,0.6696962449174839,Producer Manufacturing,-0.4212121212121212
NSE:SAFARI,SAFARI,1482.8,-0.9684098043144327,16308,0.3457208878336266,73309762370.0,44.040250436600815,33.6692,10.753947368421047,0.26734393797620637,Consumer Durables,-0.4666666666666667
NSE:GARFIBRES,GARFIBRES,775.7,3.640857772730309,119840,1.1302259037138824,73236259460.0,36.56306268088276,21.2154,-11.468226810662841,1.2,Producer Manufacturing,0.4242424242424242
NSE:INOXGREEN,INOXGREEN,179.66,-1.035584444199623,1588891,2.3560787888835275,72770431328.0,57.1474012341752,3.1438,202.60852825103478,,Utilities,-0.4212121212121212
NSE:MBAPL,MBAPL,162.47,-1.3719419656407401,378074,0.5160329257380146,72173922988.0,45.94350026864236,3.5363,108.82839258296919,0.0607053967097675,Process Industries,0.17575757575757575
NSE:INDIAGLYCO,INDIAGLYCO,1139.2,6.377813054440186,2053501,13.710718992825162,71822532147.0,23.38974768556065,48.7051,23.711515650281054,0.6999206756567589,Process Industries,0.5121212121212121
NSE:KIRLFER,KIRLFER,435.85,0.6117266851338952,50317,0.24495922052366562,71540699518.0,20.88404408241495,20.87,8.134715025906738,1.3837638376383763,Non-Energy Minerals,-0.26363636363636367
NSE:SUPRAJIT,SUPRAJIT,527.8,1.3538166106576965,69957,0.2896707814158867,71442996800.0,38.76606683804627,13.615,71.23847614735439,0.6720430107526882,Producer Manufacturing,0.4666666666666667
NSE:SENORES,SENORES,1537.5,-0.5305039787798438,238950,0.8914813999559762,71214966020.0,54.012752279074675,28.4655,84.16523792579173,,Health Technology,0.3090909090909091
NSE:SHARDACROP,SHARDACROP,771.1,-2.0327785541862533,168472,1.0613512585560074,71156901172.0,11.111175153389262,69.3986,49.10898066700758,1.901863826550019,Distribution Services,-0.5575757575757576
NSE:RBA,RBA,106.34,6.7777889346319915,17132654,0.4270239215342042,70851615887.0,,-2.9413,24.69404475395566,,Consumer Services,0.5121212121212121
NSE:POWERICA,POWERICA,560.65,0.053537967341831805,131737,0.5783118038172785,70786786655.0,,,,,Producer Manufacturing,0.4090909090909091
NSE:BENGALASM,BENGALASM,6246.0,0.18445745448712808,91,0.23636363636363636,70704174995.0,9.341932218493525,668.5983,3.311604258995403,0.8064516129032258,Consumer Durables,0.09090909090909091
NSE:TIIL,TIIL,3280.2,5.908562572646262,190168,1.6102354370678962,70047609905.0,21.899111337506817,149.7869,33.51169131679177,0.6473539407671145,Producer Manufacturing,0.5575757575757576
NSE:GANESHHOU,GANESHHOU,847.0,1.0739856801909307,38087,0.8561646914956534,69932587237.0,26.637314254265274,31.7975,-54.06976744186047,0.17885888034340905,Consumer Durables,0.5363636363636364
NSE:OMNI,OMNI,581.6,3.0383559216936797,442455,0.09890114901070686,69896037853.0,,,,,Producer Manufacturing,0.12237762237762238
NSE:TCI,TCI,910.3,0.29196276097614465,13317,0.5050248397739735,69812615974.0,15.319757657354424,59.42,7.450271247739611,1.1005337588730535,Transportation,-0.35454545454545455
NSE:NEPHROPLUS,NEPHROPLUS,699.1,0.6406103793277256,175378,1.073773974674368,69782928553.0,,,,,Health Services,0.4160839160839161
NSE:KSHINTL,KSHINTL,999.45,-2.239937399129454,225378,0.3224964981961185,69371678740.0,48.75365853658537,20.5,,,Producer Manufacturing,0.33916083916083917
NSE:BIRLACORPN,BIRLACORPN,895.55,-0.6930583277888668,27217,0.6169626766709359,69339459862.0,12.453657736133476,71.9106,44.892535406797876,1.3881947914931423,Non-Energy Minerals,-0.5121212121212121
NSE:RAIN,RAIN,203.74,-1.053858481861001,3466234,0.4075190680712765,69203115860.0,12.75727121880968,15.9705,,0.48602673147023084,Process Industries,-0.24545454545454548
NSE:JKLAKSHMI,JKLAKSHMI,556.0,-0.22431583669807087,130440,0.2591585651468684,69160860074.0,18.660285475518442,29.7959,-7.520430554736501,1.1667564171602944,Non-Energy Minerals,-0.49090909090909096
NSE:JKPAPER,JKPAPER,385.45,1.2344057780695965,560408,1.9449136410283463,69082451889.0,21.09015500949317,18.2763,-10.21267397359876,1.0498687664041995,Process Industries,0.2
NSE:BALAMINES,BALAMINES,2103.7,-1.0116694899303595,71058,0.45496949390422325,68910450459.0,33.39036747339817,63.0032,34.09900686637181,0.5172089524167763,Process Industries,-0.11212121212121212
NSE:LEAPIND,LEAPIND,160.3,3.093446523892213,29111322,,68591528378.99999,,,,,Transportation,
NSE:PICCADIL,PICCADIL,692.85,-0.37385865267093576,401573,0.5459096572963094,68463281103.0,48.26238689319374,14.3559,26.00853170423426,,Process Industries,-0.045454545454545456
NSE:DBL,DBL,421.2,0.3813155386081901,69086,0.12764069788345098,68048135874.0,5.482162148091265,76.831,54.43106671222691,0.23872045834328004,Industrial Services,-0.35454545454545455
NSE:GOKULAGRO,GOKULAGRO,236.92,2.2705689372356,319117,0.777267394237236,68047001959.99999,16.629699300895638,14.2468,59.07370395596298,,Process Industries,0.603030303030303
NSE:RCF,RCF,121.19,-1.679376926821359,575043,1.017569366055681,68023145690.00001,14.980778026379221,8.0897,56.0061710539003,1.897810218978102,Process Industries,-0.603030303030303
NSE:EBGNG,EBGNG,570.7,-3.7605396290050512,305864,0.43506003795524173,67608827065.00001,45.67207657095298,12.4956,,,Technology Services,0.4
NSE:KMEW,KMEW,2706.2,-1.8247777979321669,163040,1.312222730170177,67536838644.99999,50.31617268364696,53.7839,96.78356475129432,,Producer Manufacturing,0.4
NSE:ABFRL,ABFRL,54.97,-0.578766503888588,2800741,0.2917279306837833,67245882115.0,,-6.406,-53.21693374790719,,Retail Trade,-0.3090909090909091
NSE:REDTAPE,REDTAPE,124.71,2.506986684201872,398857,0.4956153381712295,67193767556.00001,27.975683072367534,4.4578,38.28209821013121,1.6454134101192923,Retail Trade,-0.26363636363636367
NSE:KOVAI,KOVAI,6013.0,-1.7804639006860503,3161,0.3890844637010413,67084270892.0,26.041959907595,230.8966,14.624493763323002,0.2446682706031073,Health Services,0.4454545454545455
NSE:CAMPUS,CAMPUS,216.63,-0.5919603524229039,501875,0.5605288510831065,66485338669.00001,43.13448289594202,5.0222,30.21000777806584,0.6896551724137931,Consumer Non-Durables,-0.5575757575757576
NSE:VIKRAMSOLR,VIKRAMSOLR,177.11,-3.2714363735663463,22681278,2.360327429315975,66437675973.00001,17.553022794846385,10.09,,,Electronic Technology,-0.17878787878787877
NSE:DODLA,DODLA,1094.7,-0.4365620736698458,27797,0.9956908440286131,66312324026.0,26.980997214896608,40.573,-5.12369019808671,0.4548762736535662,Consumer Non-Durables,0.26666666666666666
NSE:AXISCADES,AXISCADES,1607.1,3.456933178833515,235517,1.4361466971315118,66116180253.0,189.8545759548252,8.4649,-53.76897870016384,,Commercial Services,0.2909090909090909
NSE:RPEL,RPEL,1495.2,4.552129221732756,116003,1.3654897861651212,65620164608.00001,109.4959466287815,13.6553,55.302694280482676,0.06998145491444767,Process Industries,0.5575757575757576
NSE:SUNFLAG,SUNFLAG,357.4,-0.9286209286209349,84805,0.30079180192041405,64942080594.0,31.30337295157349,11.4173,4.564562364340715,0.2775079783543777,Non-Energy Minerals,0.06666666666666667
NSE:HAPPSTMNDS,HAPPSTMNDS,419.95,-1.604967197750708,1178788,0.5424630530718617,64891909689.0,28.341679376948722,14.8174,16.476174006005632,1.5018186084711957,Technology Services,0.3333333333333333
NSE:AJAXENGG,AJAXENGG,558.4,-1.5601586602027364,53577,0.48274526057810135,64851491399.0,28.216270843860535,19.79,,,Producer Manufacturing,-0.31212121212121213
NSE:STYL,STYL,393.95,-1.0921416018076884,83694,0.39539980526226526,64511987157.0,24.1509318293281,16.312,,0.6270378730875344,Technology Services,0.26666666666666666
NSE:GREENLAM,GREENLAM,255.65,1.1273734177215167,144651,0.3421959055058503,64463066131.0,70.19109329526111,3.6422,172.92618958411387,0.15832178903621613,Non-Energy Minerals,0.4
NSE:JSLL,JSLL,507.95,-1.8074618209936142,426474,0.4515421289079436,64257262776.0,26.762381454162274,18.98,240.89480395854662,0.8704903762452847,Health Services,-0.4454545454545455
NSE:SPARC,SPARC,192.93,-2.244629104175115,707113,0.7111702261401295,64028113942.0,3.951872084948966,48.8199,,,Health Technology,-0.46969696969696967
NSE:JAIBALAJI,JAIBALAJI,67.82,-3.0588907947398525,1511783,1.9213139505254189,63939701830.0,42.89147482924361,1.5812,-65.66191799861014,,Non-Energy Minerals,0.08787878787878788
NSE:GSFC,GSFC,160.43,0.3502846062425735,666599,0.9625205543063979,63716556064.0,9.231946690298486,17.3777,7.808128245373509,3.1269543464665412,Process Industries,-0.02121212121212121
NSE:ACI,ACI,512.9,-0.47540506451926756,82390,0.38731702455530703,63562548708.0,65.3925593492618,7.8434,-38.45320861909321,0.48557832378362625,Process Industries,-0.3333333333333333
NSE:BAJAJCON,BAJAJCON,484.05,0.550477773161619,690503,1.2179326173108305,63158508823.0,28.60714159072373,16.9206,85.02772036873012,,Consumer Non-Durables,-0.26666666666666666
NSE:SUPRIYA,SUPRIYA,801.65,2.2512755102040787,388406,0.7426617396295697,63098511841.0,32.52789612497464,24.645,11.36717955670033,0.12755102040816327,Health Technology,-0.1090909090909091
NSE:VMART,VMART,809.4,2.158273381294967,70947,0.7292456844714981,63013947386.0,46.94269326017991,17.2423,106.86622675464905,0.12623871741463108,Retail Trade,0.5575757575757576
NSE:TRANSRAILL,TRANSRAILL,459.0,-1.2584704743465682,290369,0.8835003004647696,62341787060.0,15.3,30.0,5.964756122113788,0.0,Industrial Services,-0.603030303030303
NSE:IBULLSLTD,IBULLSLTD,26.98,-3.05425799496945,26102837,2.8153829090812885,62320995810.0,,,,,Finance,-0.11212121212121212
NSE:KUSUMGAR,KUSUMGAR,595.0,0.4643309413254538,231690,0.26384385964312923,62259887619.0,,,,,Process Industries,-0.40476190476190477
NSE:SHAKTIPUMP,SHAKTIPUMP,498.35,-0.9638314785373541,214242,0.7601546977008231,62087688912.0,28.99119821753725,17.1897,-49.88951596916942,0.1987478883036868,Producer Manufacturing,-0.4666666666666667
NSE:SHREMINVIT,SHREMINVIT,102.01,1.000000000000005,75000,2.0,61695264200.0,8.041147721898156,12.686,-26.850223439527177,,Miscellaneous,0.3333333333333333
NSE:SETL,SETL,308.85,0.04859086491740658,871085,0.9352024821781327,61593048000.0,72.08374177286095,4.2846,,,Health Technology,0.4454545454545455
NSE:TRIVENI,TRIVENI,276.52,-1.1157202117007599,1005726,0.787257852257666,61569426960.0,21.53347765819926,12.8414,29.938174790290105,0.9842519685039371,Process Industries,0.35454545454545455
NSE:PRAJIND,PRAJIND,336.5,0.7334231402484623,1435121,0.9993548959456353,61485480309.0,205.42091447408583,1.6381,-78.50347099195571,1.0762331838565022,Industrial Services,0.17878787878787877
NSE:PAISALO,PAISALO,67.57,-0.029590176061562702,6912049,0.6007377010148441,61429106621.0,24.3662327359273,2.7731,21.26022126022125,0.14806040864672787,Finance,0.024242424242424246
NSE:ENTERO,ENTERO,1408.2,0.4708904109589139,113686,0.3647651835761657,61014994703.0,48.92981236970118,28.78,22.259983007646568,,Distribution Services,0.5363636363636364
NSE:STYLAMIND,STYLAMIND,3736.4,4.298794104510942,97350,2.3211620354695497,60757102186.0,37.30256267926725,100.1647,43.015608758723886,,Non-Energy Minerals,0.5575757575757576
NSE:AEROFLEX,AEROFLEX,485.85,6.581112207963145,3211434,2.576961785074001,60329594851.0,94.73160839978942,5.1287,40.3201094391245,0.08773853915332311,Producer Manufacturing,0.4666666666666667
NSE:KPIGREEN,KPIGREEN,308.9,1.9135598812273027,2232493,0.9998014273939918,59963792260.0,13.37229437229437,23.1,28.047360894003408,0.2966869952200428,Utilities,-0.26363636363636367
NSE:SKIPPER,SKIPPER,538.95,1.554550593555681,303274,0.4870617253099319,59958794646.0,33.348389971041755,16.1612,44.37764099448798,0.018827073331450627,Producer Manufacturing,0.5363636363636364
NSE:NEOGEN,NEOGEN,2328.5,2.572573895423113,1415051,7.772246773947269,59939162903.0,175.83936203954025,13.2422,3.848174724542214,0.04401408450704226,Process Industries,0.603030303030303
NSE:UNIVCABLES,UNIVCABLES,1745.0,1.1828829873593931,125726,0.3289629813948024,59842588547.0,30.220688962434558,57.7419,71.65930880713488,0.26089981447124305,Electronic Technology,0.5575757575757576
NSE:FIEMIND,FIEMIND,2219.1,-2.743568391988426,131916,0.6378549783643979,59794322566.0,22.212034796952715,99.9053,23.132375687883997,1.760679622334221,Producer Manufacturing,-0.49090909090909096
NSE:CORDELIA,CORDELIA,830.0,0.8260447035957184,73914,0.22869466072812614,59790657729.0,,,,,Consumer Services,-0.09090909090909091
NSE:ITDC,ITDC,692.95,-0.766146355434614,85568,0.1835852065955766,59704078325.0,72.16575368144801,9.6022,3.2638971038962397,0.42378968539003015,Consumer Services,-0.06666666666666667
NSE:INNOVACAP,INNOVACAP,1043.0,0.43815301651499394,27129,0.22298810138318545,59345116253.0,38.749897831045985,26.9162,18.669235551127123,0.0,Health Technology,0.4454545454545455
NSE:INDUSINVIT,INDUSINVIT,133.23,-0.5523624692095312,319412,1.506211355859951,59336057647.0,15.334768246221842,8.6881,-21.96294000880242,10.301582561958794,Finance,0.2424242424242424
NSE:DCBBANK,DCBBANK,183.08,-0.5486446846651045,695926,0.5944894535240913,59323677758.0,7.484873262469338,24.46,20.61143984220907,0.7874015748031495,Finance,-0.31212121212121213
NSE:ARVINDFASN,ARVINDFASN,438.05,-1.3734098840481743,289640,1.3943058942688333,59263626972.0,49.00107387355139,8.9396,,0.36080730634795355,Retail Trade,-0.603030303030303
NSE:LATENTVIEW,LATENTVIEW,281.6,-1.3660245183887838,510170,1.338539830067335,59056390253.0,29.8643589662011,9.4293,5.1204013377926305,,Commercial Services,-0.4454545454545455
NSE:SBCL,SBCL,1026.85,0.21959789186023815,215349,0.10157337822738705,59024143354.0,55.7582767252567,18.4161,29.348345226723605,0.39037720197140485,Non-Energy Minerals,0.4454545454545455
NSE:GOKEX,GOKEX,812.4,1.032209924138783,596705,1.7313431709863323,58999926349.0,60.899550224887555,13.34,-42.450388265746334,,Consumer Non-Durables,0.4
NSE:SIS,SIS,413.6,-0.6843558650498177,117106,0.6333909179316709,58759918055.0,40.44354917567912,10.2266,280.17100371747216,1.6832992665624622,Commercial Services,-0.2909090909090909
NSE:DBREALTY,DBREALTY,106.48,-1.8707953184038346,562576,1.2421983919181716,58715529419.0,470.5258506407424,0.2263,,,Finance,-0.5575757575757576
NSE:BALUFORGE,BALUFORGE,542.55,5.688127008863335,4047193,1.896233688810609,58603231764.0,22.90999839539224,23.6818,32.10498424120714,0.029177202878817348,Producer Manufacturing,0.5121212121212121
NSE:ASHAPURMIN,ASHAPURMIN,596.3,-2.5971904606337946,344369,0.45073048733273113,58509736347.0,13.999953043927404,42.593,17.334471976970026,0.326530612244898,Non-Energy Minerals,-0.4454545454545455
NSE:CYIENTDLM,CYIENTDLM,736.1,-0.18306325852600483,937834,1.4611069548226154,58430128112.0,71.19368628740547,10.3394,26.485124290467795,,Electronic Technology,0.5575757575757576
NSE:KALPATARU,KALPATARU,280.65,-0.8654185800070806,34751,0.6153429353580927,58172990036.0,49.55853787745011,5.663,,,Finance,-0.35454545454545455
NSE:GULFOILLUB,GULFOILLUB,1173.2,-0.11918951132299196,48680,0.30559576736051386,58168279699.0,15.61559962731266,75.13,1.0083355740790536,4.344862838643722,Energy Minerals,0.4
NSE:JSFB,JSFB,575.0,4.764507606814243,899325,1.8878703764153124,58053112111.0,16.00333982744225,35.93,-12.573332068043394,,Finance,0.4666666666666667
NSE:RPTECH,RPTECH,861.1,-1.233010265527327,238708,0.404931139416325,57872601391.0,18.14369995785925,47.46,46.03076923076923,0.22948938611589212,Distribution Services,0.4454545454545455
NSE:JUSTDIAL,JUSTDIAL,661.3,-2.7928854916948405,174274,0.9264517240261103,57841846028.0,11.168004755648177,59.2138,-16.43916227204286,,Technology Services,-0.203030303030303
NSE:LCL,LCL,573.0,4.906627608934447,1384572,1.5506333579495477,57732442500.0,,,,,Producer Manufacturing,0.6666666666666666
NSE:FDC,FDC,351.55,-0.7761783799040362,67246,0.14628429918256475,57699889180.0,19.564576179690242,17.9687,8.712118920423249,1.4108352144469527,Health Technology,-0.5363636363636364
NSE:ALOKINDS,ALOKINDS,11.48,-0.4336513443191582,2915427,1.3552706262664578,57199575398.0,,-1.4316,9.00076277650648,,Process Industries,-0.3090909090909091
NSE:FEDFINA,FEDFINA,150.86,-0.749999999999991,506919,0.5550087304670307,56890012683.0,14.86305418719212,10.15,64.61506025073389,,Finance,-0.2909090909090909
NSE:KRISHANA,KRISHANA,190.04,1.4791477545789404,695945,1.3833690003057169,56698428395.0,30.250549170672695,6.2822,92.84157534456826,0.05339883590537726,Process Industries,0.5363636363636364
NSE:SMARTWORKS,SMARTWORKS,508.5,2.7376502677038106,140039,1.3735535114924602,56565439988.0,208.87245841035121,2.4345,,,Finance,0.603030303030303
NSE:GOLDIAM,GOLDIAM,361.75,-3.3787393162393107,1087826,0.5437545771039608,56338479475.0,25.815867034904052,14.0127,55.06263279036828,0.7516034206306788,Consumer Durables,-0.024242424242424246
NSE:MASTEK,MASTEK,1717.5,-5.20476873827133,103505,1.9051344113234854,56190311187.0,12.827694375980284,133.89,5.358829084041539,1.324174459985103,Technology Services,-0.46969696969696967
NSE:IFBIND,IFBIND,1416.4,2.1933621933622,75848,0.883445072378015,56142841381.0,35.76867034185293,39.5989,49.2141546368833,,Consumer Durables,0.5575757575757576
NSE:NIRLON,NIRLON,621.9,0.06436041834271557,4271,0.3179791091224491,55972313681.0,15.70188882184075,39.6067,57.421193416455665,4.830140074062148,Finance,-0.36363636363636365
NSE:SENCO,SENCO,336.75,-1.4053579270970609,622186,0.2952623188541287,55947592058.0,9.668278285635537,34.8304,166.00071788057218,0.5126702797714955,Consumer Durables,-0.4242424242424242
NSE:MOIL,MOIL,257.25,-5.700146627565986,2810988,4.5714644426042135,55520941946.0,17.24403748441501,14.9182,8.109949199585492,1.9534542789078246,Non-Energy Minerals,-0.603030303030303
NSE:CSBBANK,CSBBANK,317.45,-0.7813720893889671,340793,1.1868473163396152,55472092411.0,8.28639147163389,38.3098,10.948351260085607,,Finance,-0.5575757575757576
NSE:MASFIN,MASFIN,302.95,-0.7697346871929324,139081,1.1599478911251462,55434004272.0,13.947845784108802,21.7202,21.563294043901173,0.6546644844517185,Finance,-0.5121212121212121
NSE:TFCILTD,TFCILTD,123.7,2.843365480545396,17193617,0.961761827159506,55418377136.0,37.1605383321317,3.3288,41.42238083099669,0.5012531328320802,Finance,0.5575757575757576
NSE:INDIGOPNTS,INDIGOPNTS,1150.8,-0.8785529715762312,121042,0.3984744710934658,55386562435.0,34.20927467300832,33.64,13.610266801756168,0.43090446847933817,Process Industries,0.4454545454545455
NSE:BLISSGVS,BLISSGVS,546.5,4.99519692603266,957917,2.4464573989657077,55193739895.0,43.338620142743856,12.61,25.610120529933255,0.28873917228103946,Health Technology,0.5575757575757576
NSE:PNCINFRA,PNCINFRA,213.96,-0.5623460519589067,454449,0.41729056847781304,55168752425.0,7.496426269024862,28.5416,9.002306716976516,0.27900488258544526,Industrial Services,-0.5575757575757576
NSE:CEIGALL,CEIGALL,309.15,-2.152239278366834,1111540,4.76693670473503,55083580282.0,16.70015881761903,18.5118,19.06072728675989,0.15812776723592664,Industrial Services,-0.49090909090909096
NSE:IONEXCHANG,IONEXCHANG,370.3,-1.1082921618373553,218682,0.40971465250452377,54919308460.0,24.1373016804203,15.3414,-16.27747065340181,0.33382294031245824,Producer Manufacturing,-0.5121212121212121
NSE:ISGEC,ISGEC,782.2,4.733212827207608,134373,1.192200166622157,54889785282.0,29.35690292555687,26.6445,-16.98498255234296,0.8037508372404554,Industrial Services,-0.26666666666666666
NSE:TIMEX,TIMEX,549.2,1.4594494734897638,542921,2.410837112933292,54583664582.0,64.4071772018295,8.527,112.52679328049446,,Consumer Durables,0.13636363636363635
NSE:MAPMYINDIA,MAPMYINDIA,1012.6,2.107492185136632,188578,0.5911508253095988,54301060794.0,40.47534345683256,25.0177,-12.66233312852594,0.35296490520371115,Commercial Services,-0.06363636363636366
NSE:LUMAXIND,LUMAXIND,5726.0,-1.1395027624309393,5659,0.19707813125772694,54188805557.0,28.56773661804098,200.4359,32.02163080743377,0.9487666034155597,Producer Manufacturing,0.2909090909090909
NSE:PURVA,PURVA,224.36,-0.988526037069718,1104228,0.45571177427511594,53749975501.0,33.2498480963884,6.7477,,,Finance,0.26666666666666666
NSE:TVSSCS,TVSSCS,122.17,0.5679947316430669,278248,0.3387511176127985,53581312470.0,83.22774030928538,1.4679,29.29622126310226,,Transportation,-0.3333333333333333
NSE:HCC,HCC,20.04,-1.426463354648299,11753009,0.6149748720716678,53332370437.0,29.427312775330392,0.681,-12.456613960663322,,Industrial Services,-0.4454545454545455
NSE:VADILALIND,VADILALIND,7429.5,0.24962892996896502,23467,0.40406492726073695,53269365905.0,24.38140731865559,304.7199,56.571246825875576,0.0,Consumer Non-Durables,0.3787878787878788
NSE:PDSL,PDSL,363.0,-3.5472299721004443,86518,0.6540678335127551,53267110287.0,43.75760936388731,8.2957,-22.542483660130724,0.8762612851832182,Consumer Non-Durables,0.13333333333333333
NSE:AHLUCONT,AHLUCONT,707.7,-10.852176103797943,545834,19.904821640860323,53087644539.0,21.068645021464594,33.5902,1.0255885855900324,0.08832807570977917,Industrial Services,-0.5575757575757576
NSE:PRSMJOHNSN,PRSMJOHNSN,104.99,-0.32279502515902725,279191,0.04942021422724968,53078948494.0,30.269568977944353,3.4685,93.61951546276654,,Non-Energy Minerals,-0.5363636363636364
NSE:CCAVENUE,CCAVENUE,15.08,-0.8547008547008598,6092671,0.40732560064181866,52859020053.0,16.448516579406633,0.9168,31.158798283261802,,Commercial Services,-0.4
NSE:VMARCIND,VMARCIND,363.2,0.8328706274292059,198000,0.32942350885949595,52777944800.0,53.18650421743205,6.8288,247.66317075654212,,Producer Manufacturing,0.5363636363636364
NSE:YASHO,YASHO,4915.8,12.688260779863834,240190,2.803822322249875,52631631589.0,102.78251706142113,47.8272,364.3372394442772,0.011454228901310363,Consumer Non-Durables,0.6484848484848484
NSE:SHARDAMOTR,SHARDAMOTR,936.2,2.9356789444749913,89994,0.67626932944177,52192218415.0,16.18742975706752,57.835,-1.77930020192688,,Producer Manufacturing,0.6484848484848484
NSE:VRLLOG,VRLLOG,297.5,0.43889264010803897,128724,0.11918525815278407,51755106956.0,19.46925820490167,15.2805,21.76182318020638,1.690045631232043,Transportation,0.4454545454545455
NSE:KISSHT,KISSHT,302.55,-0.6730137885751842,452849,0.3227691336375502,51294655439.0,,,,,Finance,-0.2727272727272727
NSE:CARERATING,CARERATING,1725.1,1.0603397773872238,46633,0.9633882310165024,51277017604.0,29.273714576616324,58.93,24.50876822311431,1.2911555842479019,Commercial Services,0.5575757575757576
NSE:QUESS,QUESS,336.9,-2.035475428903751,935310,1.7766362953055932,51267767834.0,19.970361588618847,16.87,99.17355371900825,2.3306627822286963,Commercial Services,0.49090909090909096
NSE:SAATVIKGL,SAATVIKGL,401.45,-0.29802558052899264,133219,0.9630319323891858,51223417816.0,20.276174169532958,19.7991,,,Producer Manufacturing,-0.4212121212121212
NSE:LGBBROSLTD,LGBBROSLTD,1603.1,0.01871724482155943,14844,0.6248710814007822,51150650624.0,15.96237773810389,100.4299,4.951965330181538,1.3716993484428095,Producer Manufacturing,0.08787878787878788
NSE:BANSALWIRE,BANSALWIRE,321.0,-0.8494208494208495,83094,0.3950140023797628,50833720168.0,35.357095651407676,9.0788,-10.432800923413879,,Non-Energy Minerals,0.22424242424242424
NSE:CRAMC,CRAMC,254.4,0.17720023626698841,196667,0.8169154377648568,50652024536.0,,,,1.574803149606299,Finance,-0.3333333333333333
NSE:MARINE,MARINE,376.8,2.642331789703075,813408,0.42732948491910555,50639242400.0,81.98611806175069,4.5959,47.45572381930186,,Distribution Services,0.35454545454545455
NSE:ORCHPHARMA,ORCHPHARMA,969.2,-2.919817699203684,103600,1.083021546483682,50592307005.0,566.6842074489856,1.7103,-89.82067290809859,,Health Technology,-0.17878787878787877
NSE:FCL,FCL,43.81,0.9214466712739132,9732833,0.8773920126496624,50504400816.0,36.615127455077314,1.1965,31.599208095028587,0.2997463684574591,Process Industries,0.5121212121212121
NSE:DATAMATICS,DATAMATICS,833.95,-2.1587376077902243,66820,0.40319539288017997,50405930297.0,22.80427345986727,36.5699,1.9469495281769635,0.5863039399624767,Technology Services,-0.1575757575757576
NSE:KDDL,KDDL,4093.5,0.2178915928120279,26917,0.2816145468241594,50150314879.0,51.88180049556087,78.9005,0.05503626179505868,0.5640711220110362,Consumer Durables,0.5575757575757576
NSE:GUJALKALI,GUJALKALI,678.55,-0.2792269821441826,48455,0.6923062635464426,49988517647.0,75.10154840566236,9.0351,,2.6002644336712204,Process Industries,0.24545454545454548
NSE:LXCHEM,LXCHEM,174.19,-3.0446398753200485,744564,0.8088125067621559,49842637150.0,38.4381137321535,4.5317,26.038103184536226,0.1668520578420467,Process Industries,-0.1575757575757576
NSE:ARTEMISMED,ARTEMISMED,312.15,-0.7156488549618322,224368,0.4161917990360187,49739823765.0,42.34781782908928,7.3711,29.281254384734112,0.14322087842138767,Health Services,0.2424242424242424
NSE:SUBROS,SUBROS,746.25,-2.09262660718972,67002,1.1809578868887622,49699859055.0,29.26872315808052,25.4965,6.484323773487201,0.39377830281551485,Producer Manufacturing,-0.4666666666666667
NSE:CENTUM,CENTUM,3430.2,2.0103491345982247,121604,1.9568572233173753,49694345668.0,102.18843282470492,33.5674,605.3308398646803,0.14849794330348523,Electronic Technology,-0.17878787878787877
NSE:JAMNAAUTO,JAMNAAUTO,122.58,-0.6081245439065921,965469,0.2495285942071639,49298168251.0,20.95814526056627,5.8488,30.291824459790597,2.028397565922921,Producer Manufacturing,-0.4454545454545455
NSE:PILANIINVS,PILANIINVS,4385.7,-1.336302895322952,1861,0.5628307878421291,49249921079.0,,-10.9999,-119.65865122554933,0.2023358550376007,Finance,-0.31212121212121213
NSE:MOREPENLAB,MOREPENLAB,88.44,-1.5364061456245777,34382090,0.6891723636055053,49222679567.0,34.58334962655926,2.5573,50.07629107981222,0.22264276967605476,Health Technology,0.3090909090909091
NSE:OPTIEMUS,OPTIEMUS,551.15,-0.5772526382249563,118199,0.4912111116051892,49222273865.0,67.8756157635468,8.12,7.452890112216802,,Distribution Services,-0.06666666666666667
NSE:GVPIL,GVPIL,705.05,-3.5697189359228645,531113,1.9763873817955027,49109667126.0,17.450393657912386,40.4031,,0.9582477754962354,Industrial Services,-0.3787878787878788
NSE:RENUKA,RENUKA,23.3,1.3043478260869596,13988980,2.455080164650839,48955264160.0,,-3.6614,-96.15343405121611,,Process Industries,0.33636363636363636
NSE:DEEDEV,DEEDEV,657.25,1.0298977788025587,149576,0.6896685279023981,48894348844.0,56.983700364140795,11.534,49.12791073529603,,Producer Manufacturing,0.3787878787878788
NSE:ROLEXRINGS,ROLEXRINGS,177.06,-1.3373453694416615,2030603,0.15040494096611087,48829331019.0,4.293779282381585,41.2364,548.2181875343865,,Producer Manufacturing,0.26363636363636367
NSE:THOMASCOOK,THOMASCOOK,102.4,-1.234567901234569,443347,0.2913248605971375,48801982498.0,21.811365766379826,4.6948,-12.95609611391279,0.43373493975903615,Consumer Services,-0.49090909090909096
NSE:ICRA,ICRA,4975.6,-1.5259168365428277,21592,0.4913559850445002,48746439517.0,24.566011652019355,202.54,10.285869861148916,1.38591906232676,Commercial Services,-0.4666666666666667
NSE:SSWL,SSWL,315.25,1.8578352180936994,504241,0.9104881621786668,48618506622.0,23.386498516320476,13.48,5.144925275342431,0.48520135856380403,Producer Manufacturing,0.5121212121212121
NSE:SURYAROSNI,SURYAROSNI,223.44,0.9807023093957552,445729,0.3428272167871496,48130176801.0,15.603242994113169,14.3201,8.269886513991063,2.2609088853719195,Non-Energy Minerals,-0.26363636363636367
NSE:MPSLTD,MPSLTD,2830.3,0.5506607929515418,21475,0.4387640644569439,48090437166.0,25.509689049121228,110.95,18.981233243967832,0.0,Consumer Services,0.4
NSE:SHOPERSTOP,SHOPERSTOP,429.55,-0.5786367318597384,16932,0.26713998343391315,47608847534.0,,-3.142,-296.55927431967467,,Retail Trade,0.35454545454545455
NSE:DECNGOLD,DECNGOLD,244.05,1.7298874531054629,4204180,0.9020424099266934,47559258180.0,,-1.8554,69.23459574185846,,Non-Energy Minerals,0.5454545454545454
NSE:SWSOLAR,SWSOLAR,199.59,-1.9791768981436013,563024,0.9742910604212947,47537352091.0,,-12.3005,-363.22490905200084,,Industrial Services,-0.5121212121212121
NSE:PTC,PTC,158.89,-1.0770763292242673,1398862,0.25748350516484825,47524133594.0,9.24736064066301,17.1822,-44.80057826680587,5.294300840859545,Utilities,-0.5818181818181818
NSE:SOTL,SOTL,718.4,3.7176062946654156,353721,0.320152208538949,47488374630.0,11.89898451177559,60.3749,223.4883758311589,0.7218652999350321,Process Industries,0.4666666666666667
NSE:RUSTOMJEE,RUSTOMJEE,371.9,-0.853105838443094,31541,0.03370375657811501,47460086493.0,40.25850310680032,9.2378,-27.380924305670195,,Finance,-0.5121212121212121
NSE:IOLCP,IOLCP,159.19,-1.2958829365079387,1212814,0.29183349907189693,47404690659.0,27.795432322950134,5.7272,60.058129785925885,0.6191950464396285,Process Industries,0.1090909090909091
NSE:GMMPFAUDLR,GMMPFAUDLR,1031.25,-2.3945861530452848,183385,0.21352529049499536,47391656653.0,62.21419177354939,16.5758,73.54496246584236,0.189726319783712,Producer Manufacturing,0.26363636363636367
NSE:MANINDS,MANINDS,645.15,2.3479019592289925,768627,0.49908326053938706,47316034112.0,23.712298859869005,27.2074,19.18433502715963,,Producer Manufacturing,0.5575757575757576
NSE:EPIGRAL,EPIGRAL,1079.6,-1.5951143924892899,38575,0.8571631732036238,47265649241.0,17.185226690267964,62.8214,-37.926461985992766,0.45637093829864916,Process Industries,-0.5121212121212121
NSE:CMRGREEN,CMRGREEN,211.99,-1.3632979713381626,971305,1.1721875939431774,47140738833.0,,,,,Producer Manufacturing,-0.375
NSE:NRBBEARING,NRBBEARING,485.6,0.3202148538374158,506902,0.6263182099107887,46910538300.0,31.908951722597138,15.2183,70.30898530613156,1.6425619834710743,Producer Manufacturing,0.5575757575757576
NSE:RAYMONDLSL,RAYMONDLSL,748.4,-1.7976643485107,109781,0.5785008123072318,46506051290.0,105.13007810305108,7.1188,4.23145626519079,0.13100150651732495,Consumer Non-Durables,0.06666666666666667
NSE:AGI,AGI,711.7,-0.6699232379623105,41866,0.4229115296071358,46333030314.0,12.714900033408547,55.9737,4.049811228160191,0.9774488584793689,Process Industries,0.4666666666666667
NSE:ELLEN,ELLEN,324.75,-1.081328053609507,309877,0.23994524599039466,46318481665.0,37.93498195241043,8.5607,,,Process Industries,0.28787878787878785
NSE:BOSCH_HCIL,BOSCH_HCIL,1732.1,1.8642672312396975,77451,0.8174489589138254,46219068575.0,1026.9164641015,1.6867,-87.9085271873544,0.0,Consumer Durables,0.5121212121212121
NSE:MSTCLTD,MSTCLTD,701.55,7.402020820575614,1264371,4.331709533097192,46027520138.0,21.07801162738294,33.2835,-44.87962731417462,2.401345977363108,Retail Trade,0.5121212121212121
NSE:LASERPOWER,LASERPOWER,327.6,1.002004008016032,2178727,0.7542508607897681,45746045265.0,,,,,Producer Manufacturing,0.5714285714285714
NSE:DHANUKA,DHANUKA,996.4,-0.060180541624876904,20286,0.6755784678096152,45516793740.0,16.755680518746722,59.4664,-11.380018985823222,0.2002703649927402,Process Industries,-0.4666666666666667
NSE:MHRIL,MHRIL,221.39,-1.5563164213615546,49704,0.41728617903242865,45442427429.0,84.2748382185002,2.627,-59.089918086398605,,Consumer Services,-0.4
NSE:GREAVESCOT,GREAVESCOT,198.59,1.8358032921388712,1163863,0.3773796767758177,45437177381.0,46.61737089201878,4.26,22.259212489955225,1.0253781081773903,Producer Manufacturing,-0.08787878787878788
NSE:RPGLIFE,RPGLIFE,2702.7,-1.4080910516908167,11443,0.6617702339299656,45225108257.0,37.3621056706019,72.338,-34.540722696193235,0.8776902119256158,Health Technology,-0.024242424242424246
NSE:NORTHARC,NORTHARC,289.2,3.767491926803014,973159,1.9949963089373326,45092655107.0,10.723025583982203,26.97,44.224598930481285,,Finance,0.2909090909090909
NSE:NETWORK18,NETWORK18,28.51,-1.519861830742652,2751352,1.2881146062778168,45026401176.0,,-0.2262,97.62806060923819,,Consumer Services,-0.4666666666666667
NSE:RTNPOWER,RTNPOWER,8.12,-2.754491017964077,17002832,1.7048648025243598,44840386790.0,39.094848338950406,0.2077,-3.7088548910523906,,Utilities,-0.603030303030303
NSE:ELECTCAST,ELECTCAST,71.25,-0.9728978457262026,570345,0.3867138506676814,44540200178.0,36.49167733674776,1.9525,-78.92379101899827,1.2491325468424705,Non-Energy Minerals,-0.4
NSE:TURTLEMINT,TURTLEMINT,145.75,-2.930402930402934,9091189,3.09717662329256,44466315765.0,,,,,Finance,0.375
NSE:ANZEN,ANZEN,132.9,0.377643504531722,150000,5.454545454545454,44360302368.0,177.34187349879906,0.7494,,8.333333333333332,Miscellaneous,0.506993006993007
NSE:SHILCTECH,SHILCTECH,3944.0,1.8858176181865152,29078,0.5255585799543809,44182051828.0,32.807094450992736,120.2179,-16.326093114774174,0.3236664940445365,Producer Manufacturing,-0.29370629370629375
NSE:HAWKINCOOK,HAWKINCOOK,8235.0,-1.2589928057553956,2401,2.7108501750028227,44179695110.0,32.1058389351232,256.4954,17.3473085122931,1.6756433273488927,Producer Manufacturing,-0.5454545454545454
NSE:SANGHVIMOV,SANGHVIMOV,520.75,2.722161948910151,312016,0.5169532931798304,44071509910.0,22.62340235118298,23.0182,19.84214170801422,0.39288871427168254,Finance,0.603030303030303
NSE:SWARAJENG,SWARAJENG,3594.0,-0.9535357989307146,5045,0.8344221895105871,44031111305.0,21.633113470916886,166.1342,16.83777309866503,3.0353200883002205,Producer Manufacturing,-0.5121212121212121
NSE:SUNTECK,SUNTECK,298.8,-0.2503755633450175,102965,0.8214613099820733,43949816517.0,20.55600272428952,14.5359,32.28524885560095,0.5011693952555965,Finance,-0.4
NSE:RAMRAT,RAMRAT,472.65,1.1016042780748616,158012,0.48921911079104435,43645355458.0,34.79717293675918,13.583,85.38283062645013,0.5347021708908138,Producer Manufacturing,0.5363636363636364
NSE:GOODLUCK,GOODLUCK,1330.0,1.4415376401494997,224629,0.47169512186159024,43509204769.0,21.039543267899827,63.2143,22.906110862675717,0.4583651642475172,Non-Energy Minerals,-0.26666666666666666
NSE:DEEPINDS,DEEPINDS,717.95,5.472307918319377,720997,1.296409308868915,43484800781.0,22.254079940486342,32.2615,,0.3679446611229671,Industrial Services,0.6484848484848484
NSE:TEXRAIL,TEXRAIL,104.72,-2.03012442698101,600959,0.43415829277601947,43453136569.0,19.648016811137378,5.3298,-2.2754359265846515,0.7022471910112359,Producer Manufacturing,-0.37575757575757573
NSE:HIRECT,HIRECT,1261.0,0.19068806610520347,33411,0.23333121495509854,43245432279.0,104.25106235222142,12.0958,-3.2335999999999956,0.11127449032309342,Producer Manufacturing,0.17878787878787877
NSE:RAYMOND,RAYMOND,625.0,-3.5270510148954273,732738,1.1150088661965876,43133126539.0,112.1881170346437,5.571,-99.33651352685875,,Process Industries,0.31212121212121213
NSE:BANARISUG,BANARISUG,3543.9,2.1355697734739727,1129,2.158699808795411,43124030047.0,36.50156042394092,97.089,7.277699511063232,0.3634777551613841,Process Industries,0.403030303030303
NSE:EMUDHRA,EMUDHRA,562.05,8.34698795180722,704938,3.6207800719391576,43103493256.0,40.43525179856115,13.9,25.678119349005424,0.24015369836695488,Technology Services,0.603030303030303
NSE:JUNIPER,JUNIPER,197.29,2.7070643968972816,185054,0.3843971970042386,42764959761.0,26.465538057038607,7.4546,141.71070976946274,,Consumer Services,0.22424242424242424
NSE:BAJAJHIND,BAJAJHIND,18.6,3.7367540435025193,35177973,4.23781555414667,42761058244.0,27.715690657130086,0.6711,,,Process Industries,0.5363636363636364
NSE:VIPIND,VIPIND,309.4,2.9617304492512404,293364,1.0502330020552582,42736299749.0,,-26.6436,-340.3100262762143,,Consumer Durables,0.33636363636363636
NSE:SYMPHONY,SYMPHONY,615.65,-0.7896221094190602,46927,0.3509833472324544,42617470391.0,,-20.2413,-183.23347876325627,1.4502094747019012,Producer Manufacturing,-0.4454545454545455
NSE:FOSECOIND,FOSECOIND,5511.5,-2.2956922531466053,4538,0.44650851593478497,42479989611.0,41.714569862727544,132.1241,3.0546503410868975,0.44357700496806246,Process Industries,0.3333333333333333
NSE:RESPONIND,RESPONIND,158.09,-0.5785799635242987,79629,0.724832398039296,42404086000.0,41.60701126434362,3.7996,-49.43776864013201,0.06287331027978622,Non-Energy Minerals,-0.603030303030303
NSE:UFLEX,UFLEX,613.3,4.6497739100759325,6022318,13.054478216950416,42398976247.0,6.489837209105454,94.5016,128.39106655613855,0.5109426892616878,Process Industries,0.5121212121212121
NSE:WPIL,WPIL,426.35,-1.7400322654989524,36794,1.2741407670331573,42164485231.0,24.54420374538735,17.3707,46.624068337399024,0.46328468844104703,Producer Manufacturing,-0.36363636363636365
NSE:RTNINDIA,RTNINDIA,30.67,0.6233595800524976,3062630,2.356607392715626,42159224426.0,,-5.1305,-167.77139874739038,,Commercial Services,-0.26363636363636367
NSE:MANINFRA,MANINFRA,106.02,1.824817518248167,5576668,1.7786632605645476,42021682441.0,19.70888405554626,5.3793,-21.696410375847915,1.1239193083573487,Finance,0.0
NSE:KOLTEPATIL,KOLTEPATIL,473.95,0.4876497402735104,89586,0.05721671400450384,41927946348.0,33.74654666628692,14.0444,28.020856121928094,,Finance,0.3787878787878788
NSE:GUFICBIO,GUFICBIO,421.4,0.7651841224294569,120133,0.8543271053093827,41882989209.0,57.52979562860926,7.3249,18.733385203916235,0.023943493355680596,Health Technology,0.4454545454545455
NSE:AVANTEL,AVANTEL,162.27,3.02203034727955,1317756,2.1655987312960714,41836171884.0,250.76495132127957,0.6471,-67.982781653555,0.1270244522070499,Electronic Technology,0.09090909090909091
NSE:CAPILLARY,CAPILLARY,513.45,-2.3023499191323205,122954,0.053397633660634186,41831838480.0,,,,,Technology Services,-0.520979020979021
NSE:AYE,AYE,171.8,1.1957354067267485,615784,0.9879255927346597,41817594009.0,16.402990347250736,10.4737,41.34547908232118,,Finance,0.23076923076923078
NSE:ROSSTECH,ROSSTECH,1103.55,-0.4824600955902368,899314,3.5606482630776464,41784656962.0,161.55028546332892,6.831,,0.02706482024448554,Electronic Technology,0.5575757575757576
NSE:REFEX,REFEX,299.45,-1.0900082576383192,259682,0.6990927854923211,41577493927.0,16.937217194570135,17.68,54.275741710296664,0.49504950495049505,Energy Minerals,-0.24545454545454548
NSE:VISHNU,VISHNU,637.5,3.113627173473514,577536,7.573696323543875,41577287256.0,28.66843549039889,22.237,15.178825784062354,0.048571197280012954,Process Industries,0.5575757575757576
NSE:COCKERILL,COCKERILL,8361.5,-0.6829789761254306,12747,0.5466826778745122,41569965627.0,,-29.7,-83.34804644817177,0.08314822953662679,Non-Energy Minerals,-0.5909090909090908
NSE:RALLIS,RALLIS,213.27,0.0891683874601078,556136,0.6691496153450945,41441321077.0,19.380605763201658,11.0043,24.418289125568155,1.4077897700610043,Process Industries,-0.2424242424242424
NSE:WAKEFIT,WAKEFIT,131.52,5.52836395731366,6325396,4.554063428192316,41300496405.0,,,,,Retail Trade,0.32167832167832167
NSE:BAJAJELEC,BAJAJELEC,355.55,-0.5315428731291026,329528,0.18548340523323836,41252914867.0,,-3.7727,-140.96441795063902,0.8391608391608392,Consumer Durables,0.045454545454545456
NSE:TRUALT,TRUALT,474.5,-0.99113197704747,309211,0.779493004727714,41174107483.0,28.545474233874366,16.6226,,,Process Industries,0.3333333333333333
NSE:MOSCHIP,MOSCHIP,209.0,-1.284715662195352,834811,0.6709536514411167,41171923975.0,155.97014925373134,1.34,-34.31372549019607,,Electronic Technology,-0.24545454545454548
NSE:CMSINFO,CMSINFO,249.5,-1.9068213092195772,989188,1.3395984108259065,40744142911.0,13.986837236940946,17.8382,-20.294012511170685,2.0624631703005303,Finance,-0.5575757575757576
NSE:NACLIND,NACLIND,172.4,-0.6053617757278658,358338,0.5926772509175353,40688066038.0,345.4909819639279,0.499,,,Process Industries,-0.4242424242424242
NSE:KIRLOSIND,KIRLOSIND,3753.3,-2.331572510343748,4188,0.303001801515009,40352834224.0,26.5775108358607,141.2209,-8.954354973889506,0.3385681173008308,Non-Energy Minerals,-0.17878787878787877
NSE:SEITINVIT,SEITINVIT,124.0,-1.5873015873015872,5600000,6.363636363636363,40176000000.0,27.221636810677907,4.5552,6.879399343031454,,Finance,0.28409090909090906
NSE:MAHLOG,MAHLOG,404.55,-0.0987776268675089,98395,0.4376258126955294,40150376240.0,109.11076947973137,3.7077,,0.6178178672927221,Transportation,0.08787878787878788
NSE:MIDWESTLTD,MIDWESTLTD,1159.4,4.450450450450458,76196,3.6866118645461894,40115000560.0,36.63503679618798,31.6473,,,Non-Energy Minerals,-0.2212121212121212
NSE:AURIONPRO,AURIONPRO,712.55,-1.4112763749567687,136607,0.7196432522415265,39995630293.0,19.165698362490044,37.1784,4.610016882386056,0.5526770293609672,Technology Services,-0.5121212121212121
NSE:WSTCSTPAPR,WSTCSTPAPR,619.2,2.2625928984310564,365576,0.7831884503826329,39972797761.0,17.80517822431304,34.7764,-8.739408030608775,0.495703899537343,Producer Manufacturing,0.603030303030303
NSE:ORIENTELEC,ORIENTELEC,184.22,-1.707395155266241,102644,0.09688282411110359,39931427961.0,35.794505110169816,5.1466,27.11106720343799,0.8014961261020571,Consumer Durables,0.2
NSE:GHCL,GHCL,439.55,1.6535615171137916,136235,1.1590995718729369,39915605577.0,7.891977492019147,55.6958,-13.584943717368873,2.7697634160415463,Process Industries,0.13333333333333333
NSE:INDOSTAR,INDOSTAR,251.4,1.7196034796682178,150009,0.8288815853453687,39840597209.0,,-24.21,-153.29077701959056,,Finance,0.35757575757575755
NSE:SEAMECLTD,SEAMECLTD,1574.7,0.8711805777977156,58789,0.3974920858581283,39767240686.0,15.58821840730321,101.0186,122.2949376698538,0.12786906208042964,Industrial Services,0.4666666666666667
NSE:KSCL,KSCL,772.75,0.05826751262463362,251400,1.4281486160762724,39721251760.0,16.20598536165929,47.683,-24.12300592751721,0.6475006475006474,Process Industries,-0.4212121212121212
NSE:RAYMONDREL,RAYMONDREL,578.0,-0.5249117976077713,117841,0.23543380568205,39562943849.0,12.761889201189637,45.2911,,0.3448870494912916,Finance,-0.26666666666666666
NSE:IDEAFORGE,IDEAFORGE,834.85,4.999371148283235,858715,1.6839490513808257,39507024364.0,1159.3528676572698,0.7201,,,Electronic Technology,-0.06666666666666667
NSE:PITTIENG,PITTIENG,1035.8,-1.0271845587884,171312,1.1716669334022742,39468492411.0,30.803178455023435,33.6264,-1.6179336091329992,0.23850410227055904,Producer Manufacturing,0.35454545454545455
NSE:TATVA,TATVA,1669.6,-0.9609680863684924,83025,1.4686632113353735,39324383949.0,76.01425950292064,21.9643,618.0926537417857,0.11896972220569865,Process Industries,0.02121212121212121
NSE:DIVGIITTS,DIVGIITTS,1259.0,-1.9813928140449255,310779,0.6674317881787438,39247072616.0,60.893916896006345,20.6753,131.1173958729236,0.25481181329385183,Producer Manufacturing,0.26363636363636367
NSE:NOVARTIND,NOVARTIND,1596.5,0.4656723931785345,3787,0.28467477016289683,39238614667.0,40.31433311532702,39.6013,-4.865855650686579,1.573118550213944,Health Technology,0.31212121212121213
NSE:VSTTILLERS,VSTTILLERS,4473.3,-1.1949463268100777,6610,0.35568422128831945,39215577425.0,35.5903965680206,125.6884,-5.054842121166335,0.5516145758635527,Producer Manufacturing,-0.4
NSE:SANATHAN,SANATHAN,454.6,-1.9201725997842454,48968,0.6061656384000634,39188804197.0,63.13187423619598,7.2008,-59.69912019521367,,Process Industries,-0.17878787878787877
NSE:HARSHA,HARSHA,436.4,2.537593984962395,224405,0.833847974024951,38748368622.0,25.69129239445906,16.9863,69.59165335463258,0.3524436090225564,Producer Manufacturing,0.5575757575757576
NSE:JKIL,JKIL,502.9,-1.3244383400372806,82171,0.6457065398895939,38661290425.0,9.975858778815235,50.4117,-6.434824893696393,0.7828554653097172,Industrial Services,0.2212121212121212
NSE:GUJTHEM,GUJTHEM,371.3,5.708185053380786,260877,2.3212299599421287,38442943586.0,83.09090095331871,4.4686,9.17931051332796,0.1899092970521542,Health Technology,0.5363636363636364
NSE:STYRENIX,STYRENIX,2157.3,-1.1138613861386013,28395,0.20992949119360754,38325228739.0,13.904662215902865,155.1494,20.789780592280966,0.0,Process Industries,-0.3333333333333333
NSE:HEMIPROP,HEMIPROP,132.33,-1.4448499292470378,235729,0.6664811945085539,38318249130.0,,-0.4128,-45.91728525980913,,Finance,-0.4454545454545455
NSE:SANDHAR,SANDHAR,631.8,-0.11856770215793219,91956,0.3024780861606638,38242164960.0,18.291253029000234,34.5411,47.878224832818155,0.6295742504131581,Consumer Durables,0.11212121212121212
NSE:SHAREINDIA,SHAREINDIA,178.08,1.7832647462277116,753617,1.6879813555734493,38239761543.0,10.762461925252625,16.5464,19.150284438683645,1.0300429184549356,Finance,0.4
NSE:UNICHEMLAB,UNICHEMLAB,529.6,-2.521627093686717,120244,0.25105788859071304,38212718891.0,12.253331143034968,43.2209,133.3376523114631,,Health Technology,0.08787878787878788
NSE:INDOTECH,INDOTECH,3788.8,4.999445737723093,25073,1.025036180633345,38169342626.0,40.51789501151223,93.5093,28.73596607766068,0.0,Producer Manufacturing,0.4666666666666667
NSE:PACEDIGITK,PACEDIGITK,176.66,0.11334013374135136,401762,0.2752582022952731,38151723217.0,12.29965884564506,14.363,,,Utilities,-0.4212121212121212
NSE:VAIBHAVGBL,VAIBHAVGBL,223.5,-1.3027158313093348,289114,0.4890082493100768,38024084620.0,13.248369887374036,16.87,73.9175257731959,2.6449195503636767,Consumer Durables,-0.5121212121212121
NSE:POLYPLEX,POLYPLEX,1182.0,-2.378592666005943,90057,0.45250612632104686,38016273521.0,23.89457277838087,49.4673,13.865563627323695,0.2477291494632535,Process Industries,0.4454545454545455
NSE:KNRCON,KNRCON,130.36,-3.150074294205038,690886,0.2981705620238418,37826052170.0,9.29138572507876,14.0302,-58.583291267781924,0.18587360594795538,Industrial Services,-0.02121212121212121
NSE:INDIQUBE,INDIQUBE,187.12,4.7528410681296585,117808,1.6000543275270789,37820376770.0,,-4.485,,,Finance,0.603030303030303
NSE:DBCORP,DBCORP,209.85,-1.0748126149059545,53698,0.5847467962958124,37772163313.0,10.629945191323817,19.7414,5.365015317940664,3.303445021236432,Consumer Services,-0.22424242424242424
NSE:AGIIL,AGIIL,292.85,-2.8689883913764436,400574,0.3630059020833596,37605465769.0,35.39699998791293,8.2733,39.8603644723941,,Finance,-0.5121212121212121
NSE:PSPPROJECT,PSPPROJECT,942.35,-0.49102428722280644,50924,0.7499709136643923,37505095116.0,50.86991962083057,18.5247,231.4314851591434,,Industrial Services,-0.06666666666666667
NSE:AARTIDRUGS,AARTIDRUGS,412.8,0.4990870359099236,98818,0.3424515829436115,37457206065.0,19.704245386590802,20.9498,1.2884791111669833,0.48732943469785583,Health Technology,-0.045454545454545456
NSE:ASHIKAG,ASHIKAG,432.45,-2.623283044359386,23028,0.11804914408218944,37434123230.0,37.151104352980596,11.6403,,,Miscellaneous,-0.09090909090909091
NSE:TVSSRICHAK,TVSSRICHAK,4746.8,-2.5077532912978184,65246,0.5601221785066441,37372145108.0,39.349785171129454,120.6309,244.5268253673583,0.7744711366081032,Consumer Durables,0.3090909090909091
NSE:KPL,KPL,3532.6,-1.8204052138628721,35819,0.27258164550459835,37258332304.0,45.22457381926557,78.1124,86.69088562517177,,Health Technology,0.18181818181818182
NSE:POCL,POCL,500.85,2.8967642526964608,437866,0.6521852135346312,37185621643.0,31.55815433471744,15.8707,62.88332854386467,1.0256410256410255,Non-Energy Minerals,-0.26666666666666666
NSE:DALMIASUG,DALMIASUG,452.7,-1.501305483028728,587469,0.6114377893489306,37102578370.0,17.858974460127975,25.3486,-44.6055742763362,1.3089005235602094,Process Industries,0.37575757575757573
NSE:BHAGCHEM,BHAGCHEM,287.35,-0.484848484848477,275498,2.2110043811109032,37059422236.0,135.37642513898052,2.1226,131.04386633286165,0.052484254723582924,Process Industries,0.46969696969696967
NSE:SGFIN,SGFIN,668.45,1.2419538053767583,194499,0.7566429311680914,36887906234.0,27.139667072675604,24.63,82.57968865826537,,Finance,0.24545454545454548
NSE:SINDHUTRAD,SINDHUTRAD,24.99,5.044136191677173,2322609,3.858459572550919,36744161064.0,70.07851934941111,0.3566,335.4090354090353,,Transportation,0.49090909090909096
NSE:ANUP,ANUP,1825.2,-0.5069501226492208,17978,0.18048008223900508,36714674604.0,43.24493378919161,42.2061,-29.739992309139307,0.6547180620345364,Producer Manufacturing,-0.4454545454545455
NSE:FILATEX,FILATEX,86.75,4.871856866537719,5428532,1.3748827361233504,36683663053.0,20.166914636414358,4.3016,34.24879845203169,0.36315216075535645,Process Industries,0.4666666666666667
NSE:TARC,TARC,120.81,-2.854615632036022,376125,0.8299989937400036,36665720741.0,,-0.4288,91.35135135135135,,Finance,-0.5575757575757576
NSE:ASHIANA,ASHIANA,365.75,0.2054794520547945,23957,0.3809428402876829,36651363318.0,30.789110377803215,11.8792,228.06407069870204,0.6856829402084476,Finance,-0.13333333333333333
NSE:TCPLPACK,TCPLPACK,4234.8,4.884089558153365,42483,0.5828619408974727,36643881980.0,33.36797673350296,126.9121,-13.559863452589822,0.620840369524188,Commercial Services,0.49090909090909096
NSE:VSTIND,VSTIND,214.88,0.17715617715617504,113611,0.8125367429871722,36452199483.0,13.103477714696895,16.3987,-4.915228685406807,5.591798695246971,Consumer Non-Durables,-0.3090909090909091
NSE:HEIDELBERG,HEIDELBERG,160.06,-0.09986268880289388,82281,1.3792369365488317,36348744454.0,31.16068995055095,5.1366,1.1480219758580632,4.364089775561097,Non-Energy Minerals,0.26666666666666666
NSE:LUXIND,LUXIND,1228.9,1.6459884201819759,39889,1.3543962107193181,36325086775.0,36.10143301155693,34.0402,-33.915612830080256,0.16556976696055298,Consumer Non-Durables,-0.26666666666666666
NSE:KSL,KSL,821.35,-1.0183176669076806,25115,0.5919300478446345,36249499680.0,13.559246486581076,60.5749,-0.4839862328423966,1.2042389210019269,Non-Energy Minerals,-0.31212121212121213
NSE:PREMEXPLN,PREMEXPLN,668.25,-0.6541291905151234,352008,1.0354199709147727,36154404402.0,107.1944177093359,6.234,-8.74624899363244,0.07434944237918216,Process Industries,0.28787878787878785
NSE:UNIPARTS,UNIPARTS,825.85,3.0830680896211753,223610,0.6936469618939314,36151401314.0,20.688869070284788,39.9176,83.40102549023212,1.9050593379138039,Producer Manufacturing,0.603030303030303
NSE:JTEKTINDIA,JTEKTINDIA,130.04,-0.10754340144416559,132001,0.48469281907325235,36106571407.0,49.45991176023124,2.6292,-4.026282168278885,0.5760368663594471,Consumer Durables,-0.4454545454545455
NSE:63MOONS,63MOONS,757.65,-2.8965075296379394,274671,0.6889308204810884,36012680020.0,,-14.1512,-203.23133624753575,0.2559017337342461,Technology Services,-0.06666666666666667
NSE:WEBELSOLAR,WEBELSOLAR,86.93,4.987922705314022,4243097,1.6594504579517069,36005177750.0,12.174046998851638,7.1406,52.69764557449265,,Electronic Technology,-0.4
NSE:STEELCAS,STEELCAS,357.75,1.6046577676796299,105385,0.5575324144907111,35870340154.0,39.92166315155168,8.9613,14.577047000460281,0.5078290308929327,Non-Energy Minerals,0.4454545454545455
NSE:JINDWORLD,JINDWORLD,36.19,1.5717092337917349,3082336,0.4553904245083616,35662552469.0,42.80307510348906,0.8455,12.658227848101278,,Process Industries,0.26969696969696966
NSE:JUBLCPL,JUBLCPL,2199.1,-6.117657103825144,16482,0.2751535447596121,35660635033.0,26.03267727814041,84.4746,22.12606621367644,,Process Industries,0.2424242424242424
NSE:GREENPLY,GREENPLY,287.55,0.4366049598323437,176270,1.1457263568410678,35615817713.0,36.47167753227975,7.8842,13.352023578463088,0.1753463089601964,Producer Manufacturing,0.0
NSE:MUTHOOTMF,MUTHOOTMF,210.29,1.0426676917163116,395178,0.36228727845225045,35453846697.0,14.6111836802757,14.3924,,,Finance,0.003030303030303022
NSE:SAMHI,SAMHI,160.03,0.3889341948434882,438145,0.3796934686605243,35419382835.0,7.046023925572713,22.7121,412.1797762944253,,Consumer Services,-0.26363636363636367
NSE:SAMBHV,SAMBHV,124.34,3.720387053720394,1780858,0.7978588974610429,35345839259.0,22.228975972540045,5.5936,,,Non-Energy Minerals,0.5575757575757576
NSE:EIEL,EIEL,197.18,-1.4888089528377246,439145,0.4145278491503569,35141105220.0,19.13161597050405,10.3065,-12.300780286076536,,Industrial Services,-0.35454545454545455
NSE:NFL,NFL,70.23,-1.8311434162706208,957265,1.8502897888218928,35095979161.0,9.455911459385225,7.4271,137.78133504081958,1.4537321778026278,Process Industries,-0.4666666666666667
NSE:VSSL,VSSL,359.2,-0.6499792559811984,150777,0.37386234163287163,34957476391.0,30.148897953702306,11.9142,-7.856148491879354,0.9681881051175657,Non-Energy Minerals,0.4212121212121212
NSE:AIMTRON,AIMTRON,1742.6,4.805436939916994,54600,0.7579122709605774,34652922621.2,,,,,Electronic Technology,0.603030303030303
NSE:OSWALPUMPS,OSWALPUMPS,297.95,-1.9901315789473721,793154,1.0364874679933918,34646087828.0,9.975993330364586,29.8667,,,Producer Manufacturing,-0.603030303030303
NSE:WHEELS,WHEELS,1442.6,1.7707231040564309,54292,0.7282072329815149,34580043089.0,21.563108639144527,66.9013,39.5186803332534,1.020278386207871,Producer Manufacturing,0.49090909090909096
NSE:ADVENZYMES,ADVENZYMES,303.0,-0.8507853403141434,212983,0.594935715277353,34175122503.0,20.454177242533888,14.8136,21.11618932376194,0.4423328964613369,Consumer Non-Durables,-0.49090909090909096
NSE:SEIL,SEIL,205.69,-2.5304459081647175,136313,0.5767455360429468,33938800491.0,571.5198666296193,0.3599,-15.773461268429678,,Commercial Services,-0.4090909090909091
NSE:NPST,NPST,1591.0,-1.9595760414099062,39453,0.6898861118737074,33900058433.0,73.02452816332526,21.7872,15.949803621036498,0.12308828507246823,Technology Services,0.35454545454545455
NSE:INDRAMEDCO,INDRAMEDCO,368.95,-0.2163624070317813,135008,0.12777056416352148,33896090464.0,17.988785958069233,20.51,12.131036405683645,1.0818120351588911,Health Services,-0.4454545454545455
NSE:CMLL,CMLL,532.65,3.35694188415639,1043881,0.8616177429628386,33740441469.999996,,,,,Energy Minerals,0.033333333333333354
NSE:ZOTA,ZOTA,1085.4,-2.3393917581428827,100892,0.9262409537457895,33711713454.999996,,-31.3509,-50.29194630872483,0.08997660608241856,Health Technology,-0.5575757575757576
NSE:GOPAL,GOPAL,274.15,1.255771006463519,182669,0.8803609562332857,33709906477.999996,40.70466659737791,6.7351,,0.3698224852071006,Consumer Non-Durables,0.17878787878787877
NSE:HERITGFOOD,HERITGFOOD,359.6,-1.1137082359411399,164947,0.4261400260364795,33666386804.0,24.737558989034575,14.5366,-20.834535978608347,0.6890848952590959,Consumer Non-Durables,0.31212121212121213
NSE:HGINFRA,HGINFRA,507.7,-1.3216715257531606,71376,0.8352847417996959,33556607191.000004,17.749203785471313,28.6041,-57.79680747627148,0.38842493688094776,Industrial Services,-0.5575757575757576
NSE:SMSPHARMA,SMSPHARMA,359.35,0.3490645071209159,126543,0.6210482972127106,33489966837.0,32.20299491885401,11.1589,32.475010090937126,0.11185682326621924,Health Technology,-0.17575757575757575
NSE:SPECTRUM,SPECTRUM,2231.3,4.997411886499472,5337,0.433082047828098,33217483849.999996,60.975809713280064,36.5932,186.2533734892635,,Electronic Technology,0.11212121212121212
NSE:NIITMTS,NIITMTS,235.53,-1.4560060248525124,108219,0.7423950453488061,32955063593.0,12.934102141680395,18.21,18.477553675992205,1.360971524288107,Commercial Services,-0.5575757575757576
NSE:CARYSIL,CARYSIL,1181.1,2.188960027686447,84124,0.5475386340693165,32942224847.999996,31.461350565910074,37.5413,52.97130563048563,0.2590226213089276,Consumer Durables,0.24545454545454548
NSE:VENUSPIPES,VENUSPIPES,1572.2,-1.5220795490134642,39299,0.3135254157508646,32940686370.000004,31.357203261372522,50.1384,13.732233024684346,0.06288912647003334,Non-Energy Minerals,-0.2909090909090909
NSE:DREDGECORP,DREDGECORP,1160.8,0.025850926324856055,98365,0.35508663911840754,32463200684.0,65.83895320148149,17.6309,,,Transportation,0.35454545454545455
NSE:WELSPLSOL,WELSPLSOL,47.96,-1.0521972354033382,175909,0.6474614662356367,32196290466.0,111.19870159981451,0.4313,,,Non-Energy Minerals,-0.5
NSE:KKCL,KKCL,515.05,-1.1420345489443464,50307,0.43486754809458567,32134452483.0,21.43906692918302,24.0239,-3.0211163275109705,0.0,Consumer Non-Durables,0.15454545454545454
NSE:ROUTE,ROUTE,499.45,-1.7990562327959168,159705,0.8669484749078659,32131571960.0,12.6672009657964,39.4286,-15.4616540773029,2.156862745098039,Communications,-0.4666666666666667
NSE:ARSSBL,ARSSBL,512.0,0.5498821681068365,164535,1.2397348059304736,32119716048.0,21.699604575565058,23.5949,,0.98173964264677,Finance,-0.22424242424242424
NSE:DPABHUSHAN,DPABHUSHAN,1457.2,3.8039606781592883,30341,0.8744333230541329,32045833816.0,13.876773640605656,105.01,92.03408737633269,,Retail Trade,0.37575757575757573
NSE:TECHNVISN,TECHNVISN,5014.4,-0.6085112287169873,688,0.5774718818197079,32025091100.0,1046.935025889427,4.7896,,,Technology Services,0.2727272727272727
NSE:ASHOKA,ASHOKA,111.83,-1.2712986669020903,355429,0.44754848686431403,31805940047.0,1.2699930498457792,88.0556,40.35717473635888,,Industrial Services,-0.4
NSE:MAYURUNIQ,MAYURUNIQ,726.1,-0.8331057088227292,74326,0.48428040125829763,31781234446.0,15.231801971890077,47.67,36.00919852435583,0.8203445447087777,Process Industries,-0.2
NSE:RELTD,RELTD,158.85,-0.6380183899418341,128827,0.6022263681533901,31589212018.0,35.82948009473328,4.4335,253.71788734641777,,Utilities,-0.24545454545454548
NSE:FUSION,FUSION,189.87,-2.9195214234584355,834010,0.7146485428028219,31549488720.0,18.237616344408266,10.4109,,,Finance,-0.4242424242424242
NSE:PRINCEPIPE,PRINCEPIPE,289.75,1.9349164467897977,278562,0.6849207623475284,31388290202.0,30.77045611426751,9.4165,347.1484875825063,0.35223670306445937,Producer Manufacturing,0.5121212121212121
NSE:APCOTEXIND,APCOTEXIND,632.55,4.476009579651484,404180,1.9274293153520046,31363608737.0,20.34511594995336,31.091,175.90337924180037,1.3224233407719646,Process Industries,0.4454545454545455
NSE:NITINSPIN,NITINSPIN,606.9,9.598194130925505,3703976,24.49645050481268,31207721305.0,16.108697210108478,37.6753,21.523425530199173,0.540443163393983,Process Industries,0.693939393939394
NSE:MONARCH,MONARCH,387.1,-0.5012209227605676,118299,0.4998286709726376,30862837828.0,16.978070175438596,22.8,14.228456913827653,0.2569703199280483,Finance,0.3333333333333333
NSE:CRIZAC,CRIZAC,174.58,-0.9137862534763523,189447,0.6570909193071248,30840665302.0,13.855885457590261,12.5997,,0.0,Technology Services,-0.4666666666666667
NSE:GRAUWEIL,GRAUWEIL,66.43,-2.251324308416697,110940,0.26632226097853146,30809309975.0,18.809638417759157,3.5317,6.6978851963746155,0.7358351729212657,Process Industries,-0.3333333333333333
NSE:ARVSMART,ARVSMART,665.55,-0.7160438576862934,84696,0.09515762982270858,30696477373.0,16.372089590790008,40.6515,59.60541813898704,0.33619723571161747,Finance,0.49090909090909096
NSE:RAMCOIND,RAMCOIND,344.75,-2.4614514075541063,178495,0.06897520722027191,30637701436.0,9.132039086981514,37.7517,57.8875389473244,0.3543083900226757,Non-Energy Minerals,0.06666666666666667
NSE:WINDMACHIN,WINDMACHIN,318.9,6.1584553928095875,1515871,4.994831754412614,30619830803.0,556.6416477570257,0.5729,-10.34428794992176,,Producer Manufacturing,0.603030303030303
NSE:BEPL,BEPL,122.17,-0.5858898201643736,586412,0.388570328995182,30572261366.0,15.211544687103121,8.0314,15.828033285741059,3.2560032560032566,Process Industries,0.3333333333333333
NSE:UEL,UEL,211.36,-4.998202085580716,3059,0.07741599137516511,30434709968.0,1844.3280977312393,0.1146,1.0582010582010517,,Utilities,0.26666666666666666
NSE:MMFL,MMFL,680.2,7.575517950340044,935190,3.1949369683304294,30417408600.0,29.036857428261634,23.4254,1.997239481510188,0.0,Producer Manufacturing,0.603030303030303
NSE:JASH,JASH,476.6,-0.8116545265348548,64170,0.5676746570464817,30364581478.0,35.17447009505816,13.5496,4.804114939861548,0.33298647242455776,Producer Manufacturing,-0.2
NSE:SHANTIGEAR,SHANTIGEAR,388.95,-1.1185966696326513,17195,1.0468287693750076,30249062054.0,46.754417598269015,8.319,-34.24703009034215,1.2680699974638598,Producer Manufacturing,-0.5121212121212121
NSE:BUILDPRO,BUILDPRO,1270.1,2.0816588972833836,49616,0.38921225623244793,30197687731.0,23.460589313157584,54.1376,,0.40150967638320084,Distribution Services,0.3531468531468532
NSE:RML,RML,1100.1,1.419747395593239,10805,0.10858237940622874,29960039128.0,25.538523682506078,43.0761,323.9773622047244,1.4759466814261335,Producer Manufacturing,-0.02121212121212121
NSE:UFBL,UFBL,780.35,2.327563598216627,34438,0.1571333274321262,29883497189.0,,-10.1385,-0.6472556163322924,,Consumer Services,0.3090909090909091
NSE:BALMLAWRIE,BALMLAWRIE,174.72,0.07446016381235779,81490,0.667383543660012,29823069562.0,10.701095710864625,16.3273,3.002908278816254,4.873853211009174,Producer Manufacturing,-0.2
NSE:NAVNETEDUL,NAVNETEDUL,134.09,-0.3344730191764447,78549,0.24716768346022797,29808476078.0,8.821014130463384,15.2012,56.70693992000329,0.0,Producer Manufacturing,-0.28787878787878785
NSE:SANGAMIND,SANGAMIND,588.75,-0.6245252763946401,15927,0.6011980930164087,29803747782.0,24.349843664698,24.1788,518.2887536439421,0.3371828373935767,Process Industries,-0.1575757575757576
NSE:WONDERLA,WONDERLA,476.0,1.5574994666097741,149020,0.5677923576261236,29771503538.0,29.760044014855012,15.9946,-0.09618988132418121,0.4263483265828182,Consumer Services,-0.4242424242424242
NSE:GANECOS,GANECOS,1101.7,0.04540501271340355,58461,0.43129816609195654,29685930517.0,52.14728282221076,21.1267,-41.29972103982129,0.3159272464683847,Process Industries,0.24545454545454548
NSE:ELPROINTL,ELPROINTL,175.58,0.14830025096966654,13682,0.13018486784076,29675798665.0,34.07864601529444,5.1522,32.080598851517635,,Electronic Technology,-0.09090909090909091
NSE:JTLIND,JTLIND,74.8,-0.7035709544670133,857810,0.3049627432874316,29646216156.0,16.17612075863411,4.6241,155.47513812154696,0.16573853089366214,Non-Energy Minerals,-0.2909090909090909
NSE:KERNEX,KERNEX,1901.8,8.568818861677222,1425146,1.9471572435504805,29562611760.0,15.14671237175311,125.5586,289.84394890615204,,Electronic Technology,-0.08787878787878788
NSE:VINDHYATEL,VINDHYATEL,2485.7,-0.03619399983914144,36075,0.3082993413546712,29510426479.0,12.417510503204664,200.177,2.246567169973039,0.24094934040118066,Industrial Services,0.5575757575757576
NSE:PANAMAPET,PANAMAPET,502.65,3.192362964483669,850410,0.39988430576476036,29430137739.0,6.350824792285766,79.1472,166.76553462850362,0.6166495375128468,Process Industries,0.4666666666666667
NSE:RPSGVENT,RPSGVENT,875.25,-1.3524936601859678,22399,0.5968085304798927,29365843255.0,,-39.285,-91.5696667950787,,Finance,-0.4242424242424242
NSE:BOROLTD,BOROLTD,250.34,2.2588946529962017,116597,1.4231764015169546,29304949397.0,42.773420814325014,5.8527,-15.093354223789007,,Producer Manufacturing,0.4242424242424242
NSE:STYLEBAAZA,STYLEBAAZA,402.65,4.993481095176004,4854791,6.358388339143661,29263318192.0,63.988875645609845,6.2925,173.95620183725896,,Retail Trade,0.603030303030303
NSE:ORISSAMINE,ORISSAMINE,4747.5,-2.5374145470222405,11722,0.11976733137092826,29213399414.0,,-4.8482,92.76811179131016,,Non-Energy Minerals,0.4454545454545455
NSE:CARRARO,CARRARO,512.8,-0.12659460512223017,132531,0.6433930974485843,29210320359.0,21.950363413778046,23.3618,,1.313740755157649,Producer Manufacturing,-0.4666666666666667
NSE:JINDALPOLY,JINDALPOLY,646.65,-2.8543528881544358,15581,0.374033468805745,29131098894.0,,-226.0739,-4442.37291541089,0.8868179768525478,Process Industries,-0.11212121212121212
NSE:SASKEN,SASKEN,1943.0,1.224277155509247,11301,0.4445327312349049,29098796684.0,42.66578831796223,45.54,66.43094431470578,1.3047335734043108,Technology Services,0.24545454545454548
NSE:POKARNA,POKARNA,923.7,-1.5035188739603231,43179,0.2555195694768355,29019743729.0,30.17276578786622,30.6137,-48.063076818675356,0.0641025641025641,Producer Manufacturing,-0.403030303030303
NSE:INTERARCH,INTERARCH,1725.1,-0.7878997009431818,32697,0.3998063145847318,28988473556.0,21.653068909250656,79.67,13.716814159292035,0.7232122193936589,Producer Manufacturing,-0.5575757575757576
NSE:EUROPRATIK,EUROPRATIK,274.3,-3.3303964757709212,149710,0.680646338962877,28963478511.0,32.547046678848574,8.4278,,0.0,Producer Manufacturing,-0.4454545454545455
NSE:CHEMPLASTS,CHEMPLASTS,177.69,-2.223078192923564,273833,0.5804937333099016,28886618571.0,,-24.7423,-97.07756519522724,,Process Industries,-0.5575757575757576
NSE:ADFFOODS,ADFFOODS,269.6,2.568004565341449,143180,1.0512142045337742,28850180469.0,32.20719644478426,8.3708,31.162644938890622,0.4569687738004569,Consumer Non-Durables,0.0
NSE:SIYSIL,SIYSIL,643.75,1.762567183054059,93135,1.6331393941944512,28707924754.0,12.309572114492884,52.2967,24.71222566944644,1.8964836033188464,Process Industries,0.5121212121212121
NSE:MAITHANALL,MAITHANALL,987.65,0.7806122448979569,26281,0.6208701773948541,28577355029.0,9.897056185697695,99.7923,-59.07145739822034,1.7317781286609282,Non-Energy Minerals,0.11212121212121212
NSE:SUNCLAY,SUNCLAY,1292.1,0.1783222204992987,1984,0.265318676616117,28381125664.0,11.357543303875154,113.7658,,0.34955528799471786,Producer Manufacturing,0.045454545454545456
NSE:RSYSTEMS,RSYSTEMS,242.3,0.8742714404662877,141529,0.4306548842536454,28361226324.0,15.561978163134233,15.57,-1.142857142857141,2.5067892208063505,Technology Services,-0.26363636363636367
NSE:DIAMONDYD,DIAMONDYD,1193.8,0.285618279569881,11074,0.11468908941585618,28317239695.0,,-1.4114,66.28123656170864,0.04221903233977877,Consumer Non-Durables,0.5121212121212121
NSE:BLSE,BLSE,310.6,-0.06435006435006069,119023,0.20565475856218082,28215479829.0,48.5760310286045,6.3941,5.138450407787425,0.32200933827080985,Technology Services,0.2424242424242424
NSE:ANTELOPUS,ANTELOPUS,856.55,6.948433012860529,386388,2.530577119178534,28191423048.0,22.823074873434585,37.53,-4.818665990362665,,Energy Minerals,0.5121212121212121
NSE:NSIL,NSIL,5558.5,0.063006300630063,1628,0.8884038199181447,28175451660.0,51.543954005934715,107.84,27.793255540295043,,Finance,0.045454545454545456
NSE:STALLION,STALLION,234.0,-2.864259028642593,343376,0.26410296089803126,27959249142.0,43.77268135732725,5.3458,,,Distribution Services,0.0
NSE:DDEVPLSTIK,DDEVPLSTIK,272.75,1.2810991459338985,105418,0.3059417144147368,27845570290.0,13.220909152601527,20.6302,9.363387210491984,0.650315867707172,Process Industries,-0.17878787878787877
NSE:VIMTALABS,VIMTALABS,621.2,-0.36089501964872883,92799,0.38402028046197145,27822063529.0,35.17553793884485,17.66,7.617306520414381,0.32123353678123995,Commercial Services,0.28787878787878785
NSE:GLOBUSSPR,GLOBUSSPR,899.5,2.0130422455344488,374502,3.5397064091500683,27752005140.0,26.048227591139838,34.5321,305.7253971237898,0.7402788799455844,Consumer Non-Durables,0.33636363636363636
NSE:ROSSARI,ROSSARI,495.9,-0.0503879875037791,37945,0.49244493817995877,27583500464.0,18.24503311258278,27.18,11.530570373409924,0.10041168792047393,Process Industries,-0.4
NSE:DCAL,DCAL,169.14,-3.8048114656202157,551104,1.0902921965835386,27523273036.0,38.82385346371023,4.3566,-34.461594006679306,,Health Technology,-0.5121212121212121
NSE:GATEWAY,GATEWAY,54.51,-1.1604714415231199,867706,0.43132942095680804,27515385530.0,11.13403325299236,4.8958,-36.03940217391304,3.631741420010895,Transportation,-0.4
NSE:GSPCROP,GSPCROP,590.9,0.19499788045781724,207094,0.7363789940650614,27464670685.0,,,,0.16937669376693767,Process Industries,0.1818181818181818
NSE:NOCIL,NOCIL,162.93,-0.4764522631482506,226911,0.34789580006328974,27316928279.0,41.232443375933194,3.9515,-28.90556125294615,0.9171507184347293,Process Industries,-0.3333333333333333
NSE:INDSWFTLAB,INDSWFTLAB,346.87,10.814005494856566,5070304,2.033952535127704,27245054271.0,51.82888563488032,6.6926,-78.63222757894064,,Health Technology,0.6484848484848484
NSE:GIPCL,GIPCL,171.63,-1.6108690667278163,439397,0.36782954558677294,27224875347.0,5.297483826361795,32.3984,147.65253550626042,2.3375142531356894,Utilities,0.35454545454545455
NSE:ORIENTCEM,ORIENTCEM,130.54,-1.0235802562741636,100991,0.44434129332438704,27079611412.0,12.813490778095154,10.1877,-19.522079153171664,0.3793626707132018,Non-Energy Minerals,-0.4666666666666667
NSE:PATELENG,PATELENG,27.84,-2.247191011235957,2930985,0.7317076458747546,27005394744.0,9.557485667204505,2.9129,-2.0808121554390233,,Industrial Services,-0.4666666666666667
NSE:BETA,BETA,2355.0,-3.2019400715195894,51805,0.9494772880560683,26970816168.0,53.261624264684265,44.2157,8.861423313185519,,Health Technology,-0.024242424242424246
NSE:AUTOAXLES,AUTOAXLES,1789.0,0.11191941801902631,8851,0.43930572720459404,26968328125.0,15.515251171015533,115.3059,10.844625512377814,1.7929179740026895,Producer Manufacturing,-0.19696969696969696
NSE:NILKAMAL,NILKAMAL,1846.7,2.0276243093922677,37333,0.5851154699119968,26948588995.0,22.106319100951435,83.5372,20.578751216076174,1.107481034387286,Consumer Durables,0.4
NSE:RAMKY,RAMKY,391.6,0.3973849506473558,25799,0.7115395223123173,26872962966.0,11.482355700860591,34.1045,15.50628088369274,,Industrial Services,-0.08787878787878788
NSE:MUFIN,MUFIN,135.82,-0.0367998822403852,699732,0.5147073264652434,26870793586.0,65.70875665215287,2.067,87.60210564530772,,Finance,0.49090909090909096
NSE:RISHABH,RISHABH,665.75,-4.1534696228044945,709826,2.2598712130714973,26821708703.0,31.854066985645936,20.9,110.68548387096773,0.2882882882882883,Producer Manufacturing,0.49090909090909096
NSE:FLAIR,FLAIR,252.05,-1.1956095648765124,181686,0.7717998212446943,26770426041.0,19.01460514801292,13.2556,14.771074322920269,0.39370078740157477,Producer Manufacturing,-0.4454545454545455
NSE:RELINFRA,RELINFRA,64.47,-1.9914867740954731,139005,0.2506575918658586,26744029731.0,0.8750985792373462,73.6717,-30.08583670622399,,Utilities,-0.603030303030303
NSE:ELITECON,ELITECON,17.13,2.3909145248057295,648688,0.1685041894469955,26742904268.0,8.84083402146986,1.9376,-92.90022351691034,0.0,Process Industries,-0.22727272727272724
NSE:KIRIINDUS,KIRIINDUS,408.95,-0.3654525520769887,191225,0.45047103640258274,26725396897.0,0.44056565203878095,928.2385,3159.7451169062856,,Process Industries,-0.2
NSE:JNKINDIA,JNKINDIA,463.95,-2.6031279521360413,166331,0.3428955814707623,26687220272.0,34.454973487605265,13.4654,200.7683716774626,0.06289967501834574,Producer Manufacturing,0.28787878787878785
NSE:IMAGICAA,IMAGICAA,46.14,-1.9549511262218477,230013,0.24404438046363264,26612463312.0,185.59935639581659,0.2486,-75.1126238862749,,Consumer Services,-0.5363636363636364
NSE:ADOR,ADOR,1562.3,2.425752311020783,35829,1.1085705445544554,26522760845.0,23.98328553971987,65.1412,212.65124717423961,1.5091368393425413,Producer Manufacturing,0.5121212121212121
NSE:VEEDOL,VEEDOL,1511.3,-0.6769190325972632,6403,0.22952371051980686,26482737701.0,13.248905494705873,114.0698,27.514266710635887,3.8160405289821697,Energy Minerals,0.4454545454545455
NSE:PIXTRANS,PIXTRANS,1884.8,-2.7852279760676706,17362,0.09903113531593338,26373619238.0,19.488388444279007,96.714,16.317444128803814,0.46496009092552887,Producer Manufacturing,0.3787878787878788
NSE:HIKAL,HIKAL,217.18,2.0534749306893496,138404,0.22504660557738476,26226069305.0,,-2.7391,-153.35424052358877,0.2820874471086037,Health Technology,-0.02121212121212121
NSE:RAJRATAN,RAJRATAN,512.0,-0.928792569659434,53341,0.28925911143696287,26210528703.0,32.644317210951144,15.6842,39.48206250111165,0.387409200968523,Producer Manufacturing,0.17575757575757575
NSE:SPORTKING,SPORTKING,214.34,3.8418681265442602,599054,1.0417045967723284,26202245723.0,16.891662923296373,12.6891,43.23076575763049,0.4849660523763337,Process Industries,0.4454545454545455
NSE:TALBROAUTO,TALBROAUTO,426.95,0.8265438658637384,77088,0.24604997985970095,26154217660.0,23.54884613687508,18.1304,16.56123026281954,0.17701203681850367,Producer Manufacturing,0.5121212121212121
NSE:PARAGMILK,PARAGMILK,211.03,1.804235611944623,1852481,3.6609992565279104,26005368544.0,20.873392680514343,10.11,6.197478991596637,0.5308880308880309,Consumer Non-Durables,-0.4
NSE:HUBTOWN,HUBTOWN,180.52,-1.306653545459508,231892,0.44771860291531046,25990210255.0,27.231860009051143,6.629,-25.41209563994374,,Finance,-0.4666666666666667
NSE:BBL,BBL,2339.8,1.7968240156623965,29024,0.6112915387175177,25972874613.0,23.647218030826885,98.9461,-18.725496557915804,1.5231629566768938,Producer Manufacturing,-0.3787878787878788
NSE:XPROINDIA,XPROINDIA,1088.6,-1.36812539639396,53091,0.38589380815282537,25899563089.0,78.22706400592128,13.9159,68.45705016463299,0.18124150430448574,Process Industries,-0.4454545454545455
NSE:EFCIL,EFCIL,184.64,6.053991958644453,513483,1.5288443072855507,25860987774.0,9.927041834008076,18.5997,42.3508162343775,,Distribution Services,-0.26666666666666666
NSE:INDNIPPON,INDNIPPON,1120.3,-1.5985946420729071,15685,0.35172893214333767,25773718565.0,22.039136533267236,50.8323,31.64283235527195,1.3604248036160969,Producer Manufacturing,-0.203030303030303
NSE:TASTYBITE,TASTYBITE,10142.5,1.27814668730341,24438,0.821517174610218,25731847847.0,72.39001606605137,140.1091,-4.105010855073125,0.0997207818109294,Consumer Non-Durables,0.603030303030303
NSE:KITEX,KITEX,128.98,0.13197733095255607,700509,1.095996994769478,25715548782.0,,-1.1992,-118.09020968471866,0.3878975950349108,Process Industries,-0.37575757575757573
NSE:MEDIASSIST,MEDIASSIST,346.8,0.9606986899563352,54084,0.2974987857248549,25648878340.0,27.264150943396228,12.72,-4.7191011235954985,0.5824959953400319,Finance,-0.35454545454545455
NSE:EVEREADY,EVEREADY,354.3,0.3967129498441582,28010,0.2359090457348554,25633163026.0,14.446129758293376,24.5256,113.98433001204043,0.708918190840777,Producer Manufacturing,0.13333333333333333
NSE:DRAGARWQ,DRAGARWQ,5321.0,0.5100113335851908,612,0.27707352408547625,25621716579.0,33.512516020947686,158.7765,29.10894325602726,0.13203561189074994,Health Services,0.4090909090909091
NSE:KNACK,KNACK,204.19,-1.6236269030641766,534808,0.2641259982670077,25354062395.199997,,,,,Process Industries,0.06944444444444445
NSE:PANACEABIO,PANACEABIO,405.85,-1.7669127435555982,158973,0.7803830417035857,25317995351.0,,-1.1673,-162.2792509203436,,Health Technology,-0.4
NSE:COSMOFIRST,COSMOFIRST,961.2,-0.37829714463387853,94807,0.4670596969558134,25317861932.0,15.12271869100063,63.56,15.144927536231883,0.41472265422498705,Process Industries,0.4666666666666667
NSE:ORIANA,ORIANA,1212.45,-2.6926163723916496,145200,2.2095412006391233,25317660900.0,9.765348135929587,124.1584,57.2534998093834,,Industrial Services,-0.5121212121212121
NSE:FMGOETZE,FMGOETZE,462.65,1.9165106289238878,38297,0.6324970395828826,25259767797.0,15.063899063899063,30.7125,0.6284259535331662,,Producer Manufacturing,-0.08787878787878788
NSE:GKENERGY,GKENERGY,123.72,-0.5706019448686072,281921,0.40170032395807925,25230467546.0,11.071834477327439,11.1743,,0.40192926045016075,Industrial Services,-0.5121212121212121
NSE:SATIN,SATIN,228.79,0.02623180168758024,318091,0.8504597585599135,25159758253.0,6.1412220707130345,37.2548,225.3467006672023,,Finance,-0.11212121212121212
NSE:SILVERTUC,SILVERTUC,195.47,-0.9124550108987739,328326,0.6252526854885259,25006931132.0,59.46217260365649,3.2873,81.93037799546185,0.050709939148073035,Technology Services,-0.02121212121212121
NSE:SIRCA,SIRCA,442.7,0.739560814654682,903545,2.170554051070701,24988832397.0,37.34698870394898,11.8537,22.45810863860823,0.45454545454545453,Process Industries,0.4
NSE:UTKARSHBNK,UTKARSHBNK,14.05,0.07122507122508237,1567677,0.5541424407686844,24966716778.0,,-6.0402,-121.44742630884294,,Finance,-0.3090909090909091
NSE:STOVEKRAFT,STOVEKRAFT,774.25,3.440213760855043,105788,0.18117625499768367,24860286554.0,52.727099379601064,14.6841,19.239451716633653,0.46610733786123326,Consumer Durables,0.11212121212121212
NSE:PARKHOTELS,PARKHOTELS,116.4,-0.06868131868131722,102246,0.8859693360299049,24815426196.0,38.90504361776798,2.9919,-35.44983818770226,0.6448839208942391,Consumer Services,-0.4212121212121212
NSE:NELCO,NELCO,948.8,-12.269995376791497,2128333,3.9361915204989306,24680382329.0,560.8559437252468,1.6917,-42.946274999156856,0.09245562130177515,Electronic Technology,-0.09090909090909091
NSE:SUNDROP,SUNDROP,649.55,-0.2840036843721251,21332,0.5015293683391365,24610387487.0,87.60654941735002,7.4144,,,Process Industries,-0.4666666666666667
NSE:RAJESHEXPO,RAJESHEXPO,81.99,-0.7264802034144672,59250,0.5036111255134985,24474099500.0,14.300913974743597,5.7332,130.3785260789199,,Consumer Durables,-0.4
NSE:EASEMYTRIP,EASEMYTRIP,6.16,0.48939641109298937,10631694,0.429837828459861,24465761861.0,,-0.1102,-136.381644106966,,Consumer Services,-0.35454545454545455
NSE:SOLARA,SOLARA,549.05,7.84718130033391,672938,6.031391219708072,24335853940.0,,-0.4689,-108.86473201625861,,Health Technology,0.5363636363636364
NSE:SAIPARENT,SAIPARENT,542.05,-1.7936407283268576,60708,0.3242108748534701,24316249125.0,,,,,Health Technology,-0.40909090909090906
NSE:MARATHON,MARATHON,346.85,-3.330546265328871,141169,2.4972669089005013,24254541958.0,12.049720513185733,28.7849,-29.63572273665066,0.27797081306462823,Finance,-0.5575757575757576
NSE:GANDHAR,GANDHAR,255.1,3.409136973529529,2219748,1.1131581504913948,24186032920.0,8.282897812873395,30.7984,299.6418607668851,0.8093889113719142,Process Industries,0.4454545454545455
NSE:CONFIPET,CONFIPET,69.9,-3.652653342522387,1806127,0.47919815992355447,24177178480.0,17.26522748604456,4.0486,45.92704728950405,0.1374192661811186,Retail Trade,-0.17878787878787877
NSE:FISCHER,FISCHER,38.13,2.3074859136034327,3417977,2.4404338775056744,24163686551.0,83.93132291437377,0.4543,1505.3003533568906,0.13419216317767044,Process Industries,0.045454545454545456
NSE:GNA,GNA,581.5,3.5526667260261857,691925,1.075896558437156,24142135114.0,18.878828116629926,30.8017,29.231576076695553,0.5334755934915977,Producer Manufacturing,0.5575757575757576
NSE:ARKADE,ARKADE,130.02,0.02307869836141329,190982,0.43285404395174515,24108420208.0,,-0.2347,-102.64958229848725,0.0,Consumer Durables,-0.15454545454545454
NSE:PRAKASH,PRAKASH,134.97,0.4016960499888358,605957,0.6740897446208889,24041738113.0,7.722456172472193,17.4776,-12.169774816199572,1.3407821229050279,Non-Energy Minerals,0.38181818181818183
NSE:FREDUN,FREDUN,1436.7,-2.530529172320214,28495,,24035604617.0,52.19523714373944,27.5255,123.45391372116059,0.01605483882065573,Health Technology,
NSE:MANGLMCEM,MANGLMCEM,870.05,-0.28651653200389665,26851,0.8819452655919487,24017516317.0,20.84661130252685,41.7358,90.44659520778289,0.17173278378842521,Non-Energy Minerals,-0.3787878787878788
NSE:APOLLOPIPE,APOLLOPIPE,551.3,1.1003117549972492,368049,0.6488073318160079,24008474322.0,,-2.098,-132.14438928724644,0.12842858453352904,Producer Manufacturing,0.4666666666666667
NSE:PRABHA,PRABHA,192.2,17.63985799975517,5357086,102.6224332830798,23957321167.0,2489.6373056994817,0.0772,,,Energy Minerals,0.6484848484848484
NSE:VENUSREM,VENUSREM,1819.5,0.8927581235444111,26969,0.4680249206046197,23794575337.0,20.93590816045915,86.9081,116.29099253131447,0.5617661929105107,Health Technology,0.49090909090909096
NSE:JGCHEM,JGCHEM,645.85,7.49833555259655,871395,0.50295341085925,23607643445.0,33.72672915741926,19.1495,16.17515910042285,0.1825877666196365,Process Industries,0.603030303030303
NSE:BOMDYEING,BOMDYEING,114.83,0.8253578013873015,509297,0.8978932616706977,23524325066.0,117.46112929623567,0.9776,-95.8661750279084,0.35118525021949076,Process Industries,-0.26363636363636367
NSE:SPAL,SPAL,952.45,2.14488712531503,51014,0.4547148116125467,23468404469.0,22.829578139980825,41.72,7.225651912430668,0.32135397139949656,Consumer Non-Durables,-0.04242424242424242
NSE:AJMERA,AJMERA,116.58,-1.7860151642797004,208362,0.4723993854060462,23339964299.0,14.833948339483396,7.859,12.372563878919605,0.8431703204047217,Finance,-0.3090909090909091
NSE:KMCSHIL,KMCSHIL,141.97,-0.8104520366100725,217294,,23329308525.0,49.4910409258872,2.8686,118.32711774107617,,Health Services,
NSE:BRIGHOTEL,BRIGHOTEL,60.71,-0.5894874733911896,70205,0.6047765328959497,23151404310.0,33.40118838028169,1.8176,,,Consumer Services,-0.06666666666666667
NSE:ALEMBICLTD,ALEMBICLTD,89.87,-0.31059345535219207,276330,0.7932482183994558,23123204560.0,7.197142605450512,12.4869,1.308658402025059,2.665186007773459,Health Technology,0.4242424242424242
NSE:KICL,KICL,5309.5,0.32120925838450637,446,0.23226747213831891,23092470737.0,57.04447416909746,93.0765,-36.71029387165605,0.1890359168241966,Finance,-0.04242424242424242
NSE:DOLPHIN,DOLPHIN,619.4,7.37626766057033,553366,3.395608387557589,23062639008.0,34.40575910413936,18.0028,43.29218303525235,,Industrial Services,0.5121212121212121
NSE:THEJO,THEJO,2051.4,-3.1490486756999116,5961,0.6929703212006371,22976046047.0,39.73417576862212,51.6281,12.657957156542066,0.23606062036731035,Distribution Services,0.13333333333333333
NSE:ANANTAM,ANANTAM,105.21,0.21908935035243834,185893,0.9009494979162032,22935375000.0,,,,0.0,Miscellaneous,0.13636363636363635
NSE:RANEHOLDIN,RANEHOLDIN,1567.9,-2.061340495971016,20859,0.644998701282638,22928017932.0,26.50507905542586,59.1547,-64.96745163345898,2.9267988915527603,Producer Manufacturing,-0.2909090909090909
NSE:BNAGROCHEM,BNAGROCHEM,231.7,-0.45112781954887704,13939,0.23685681708889905,22785982558.0,132.84027061116845,1.7442,-86.61982095322844,,Process Industries,-0.2727272727272727
NSE:SHK,SHK,159.48,-2.904109589041102,591708,0.9775162732700079,22756377298.0,24.778596066001676,6.4362,-51.9442702266822,0.0,Process Industries,-0.024242424242424246
NSE:ADVAIT,ADVAIT,2126.1,2.2556752597152796,52545,0.7040875804819875,22747235039.0,39.659237593547374,53.6092,70.55178030592248,0.09621397989127822,Producer Manufacturing,-0.04895104895104896
NSE:VERANDA,VERANDA,240.0,2.084219481071887,155468,0.2742341955231887,22623178779.0,15.554115359688918,15.43,,,Commercial Services,0.045454545454545456
NSE:MOLDTKPAC,MOLDTKPAC,678.65,-0.22053958685584063,30321,0.6014496203375229,22587353172.0,29.65531405399264,22.8846,14.488258307235109,0.5884516366311144,Producer Manufacturing,-0.24545454545454548
NSE:DYCL,DYCL,452.9,-2.6754056086816473,396701,0.5724931516022119,22528420156.0,24.06917296429748,18.8166,27.65585036736522,0.10755001075500109,Producer Manufacturing,0.35454545454545455
NSE:EPACKPEB,EPACKPEB,223.85,1.0381403746332578,532736,0.19848286182588243,22319479868.0,23.720713369856625,9.4369,,,Industrial Services,-0.3333333333333333
NSE:RAMCOSYS,RAMCOSYS,564.5,-4.9983170649613,245328,1.1983499534733926,22315499713.0,50.99413725507909,11.0699,,,Technology Services,-0.35757575757575755
NSE:NITCO,NITCO,91.81,-0.7888480657013227,487557,0.6909112500361357,22312507290.0,,-1.2427,98.69108596574935,,Producer Manufacturing,-0.3090909090909091
NSE:PROTEAN,PROTEAN,551.75,0.5925250683682771,152670,0.47978172712622463,22288851151.0,27.23346495557749,20.26,-13.27426051966953,1.822489520685256,Technology Services,-0.26363636363636367
NSE:SIKA,SIKA,1030.1,-2.165447810808261,26840,0.957183512478335,22263037615.0,63.01539139158733,16.3468,9.662963559276566,0.2285496619369584,Electronic Technology,-0.5454545454545454
NSE:OBSCP,OBSCP,850.7,-1.098645585072363,47600,0.37753807106598986,22231092840.0,68.25037707390649,12.4644,,,Producer Manufacturing,0.3090909090909091
NSE:GEOJITFSL,GEOJITFSL,80.24,1.172613793973008,250678,0.6960816355771935,22167879161.0,30.87935347315759,2.5985,-52.901834263756975,1.8886930244270965,Finance,0.49090909090909096
NSE:SAGCEM,SAGCEM,168.29,-0.4260102952488012,20803,0.5967396324269745,22096111735.0,,-2.7085,80.35183170112441,,Non-Energy Minerals,-0.5575757575757576
NSE:ELCIDIN,ELCIDIN,110000.0,-0.8070697506650435,5,0.21008403361344538,22002000328.0,23.04540888316711,4773.185,8.886957454064753,0.022725206799381874,Finance,-0.45454545454545453
NSE:CAMLINFINE,CAMLINFINE,109.6,-3.952326702304798,1253433,0.4601107951690152,21985455672.0,511.4325711619225,0.2143,,,Process Industries,-0.4454545454545455
NSE:SANSTAR,SANSTAR,107.29,-1.7400860884696323,136937,0.6658358528418987,21959430596.0,44.53345508882617,2.4092,60.7419268748332,,Consumer Non-Durables,-0.2909090909090909
NSE:SHRINGARMS,SHRINGARMS,224.93,-1.0165463826791068,287256,0.4361267229492452,21914189157.0,17.922709163346614,12.55,,,Consumer Durables,-0.09090909090909091
NSE:SPANDANA,SPANDANA,240.35,-2.888888888888891,154363,0.7587362833163345,21907254629.0,,-42.5556,78.01035108533445,,Finance,-0.603030303030303
NSE:SSFLPP.E1,SSFLPP.E1,114.1,-5.074875207986696,35972,4.963435162954991,21907254629.0,,-42.5556,78.01035108533445,,Finance,-0.603030303030303
NSE:MONOLITH,MONOLITH,999.35,-0.813855391791964,42000,0.6635071090047393,21900106800.0,74.2563957765212,13.4581,,,Non-Energy Minerals,0.4
NSE:ORIENTHOT,ORIENTHOT,121.21,-0.9317531671434414,192296,0.6969440740581002,21896259456.0,32.49946374946375,3.7296,41.155098024373636,0.5301794453507341,Consumer Services,-0.15454545454545454
NSE:HLEGLAS,HLEGLAS,306.2,-2.6700572155117714,459622,0.6605195493506352,21895607552.0,59.07547461027936,5.1832,-37.13447100631905,0.3489294210943696,Producer Manufacturing,-0.5363636363636364
NSE:REPCOHOME,REPCOHOME,350.1,0.14302059496567504,101784,0.7890012371747764,21890219274.0,4.54493527264419,77.0308,3.8565249749226087,2.1434695627322093,Finance,-0.2181818181818182
NSE:SAKSOFT,SAKSOFT,166.36,0.854804486207957,440873,0.8530159122653554,21778171481.0,16.70281124497992,9.96,10.493560089193616,0.6086427267194157,Technology Services,0.0
NSE:TCIEXP,TCIEXP,555.2,-2.0379355977062117,36942,0.16302923157988575,21777801998.0,26.07503146662659,21.2924,-1.1632548855776754,1.5877216194760517,Transportation,-0.06666666666666667
NSE:HONDAPOWER,HONDAPOWER,2111.2,-1.2581263738833588,5716,1.3835503703345113,21725965726.0,32.51451540866458,64.931,-10.113308369037826,5.904041818351536,Producer Manufacturing,-0.31212121212121213
NSE:INA,INA,94.86,-3.607356975917079,696450,0.9495028624147244,21703239935.0,,,,0.10157440325038092,Electronic Technology,-0.4755244755244755
NSE:BHARATRAS,BHARATRAS,1277.8,-1.783243658724062,11196,0.6733140087321537,21677202294.0,14.822445019029756,86.2071,4.237850700645573,0.028753258702652967,Process Industries,-0.603030303030303
NSE:ZAGGLE,ZAGGLE,165.88,3.364905284147561,19850047,11.689681445451304,21573855495.0,16.14938276412633,10.2716,48.300655482082526,,Technology Services,-0.37575757575757573
NSE:VENKEYS,VENKEYS,1514.8,-1.0581319399085596,22951,0.15602438633081983,21543057946.0,12.30563266208008,123.0981,202.79828305065988,0.6539153179663234,Process Industries,0.02121212121212121
NSE:BAJEL,BAJEL,183.22,-1.42572765911659,95119,0.2015569121376806,21513845186.0,96.18352669431466,1.9049,72.65476298377595,0.32266738370529713,Industrial Services,-0.3787878787878788
NSE:NIBE,NIBE,1444.4,0.3752605976372544,66083,0.8745822828367048,21508711269.0,,-7.3075,-150.85105494627845,0.09030599840227849,Process Industries,0.0
NSE:SOMANYCERA,SOMANYCERA,512.35,-1.262285604162643,195386,0.47294232352831544,21308202825.0,19.799741851711588,25.8766,82.69661176105113,1.1548455394091042,Producer Manufacturing,0.26666666666666666
NSE:VINCOFE,VINCOFE,148.16,1.285206453377082,2360732,1.2393204099345667,21299643675.0,27.310599078341014,5.425,36.05698091440323,0.10259917920656635,Distribution Services,-0.26666666666666666
NSE:TIL,TIL,226.9,-1.2834457254731297,172337,0.37749359515790437,21285092583.0,,-4.3135,-1171.6686320754718,,Producer Manufacturing,-0.2909090909090909
NSE:LANDMARK,LANDMARK,513.3,0.4500978473581124,118817,0.4152161226180034,21194787778.0,47.33274931993176,10.8445,128.40143218197136,0.2934559327007728,Retail Trade,0.13636363636363635
NSE:TAJGVK,TAJGVK,345.15,2.26666666666666,142023,1.7095530483496455,21189971381.0,5.202892455466768,66.3381,194.3519545636065,0.5918035212309514,Consumer Services,-0.19696969696969696
NSE:LAOPALA,LAOPALA,189.31,-0.9988494927308842,213069,0.19470904673450276,21184350677.0,22.559195395450267,8.3917,-5.22029839957532,2.619858527639508,Consumer Durables,-0.1575757575757576
NSE:HUHTAMAKI,HUHTAMAKI,276.0,-1.1107130060910149,80445,0.3370898101620143,21044186590.0,17.722982084376806,15.573,33.51108520087106,0.7177462766911897,Process Industries,0.11212121212121212
NSE:PARACABLES,PARACABLES,63.64,0.1416207710464255,1518566,0.6595975305151044,20812429884.0,31.901348438518223,1.9949,-24.203047228238155,,Producer Manufacturing,-0.2
NSE:TEAMLEASE,TEAMLEASE,1246.5,0.5566311713456027,16967,0.8303358634426125,20774990517.0,14.118630475853914,88.2876,29.242092874144713,,Commercial Services,-0.5121212121212121
NSE:GREENPANEL,GREENPANEL,166.15,-2.0284214871159842,266864,0.9004134565357781,20736292059.0,302.9722830051058,0.5484,-69.10944629076776,0.29568302779420463,Non-Energy Minerals,-0.4454545454545455
NSE:ASIANENE,ASIANENE,463.05,8.888888888888893,3647695,6.717565194651649,20658028976.0,36.78298791773575,12.5887,22.57740993184031,0.29436006122689273,Energy Minerals,0.6484848484848484
NSE:EXICOM,EXICOM,158.05,6.560140237324716,3722984,2.4917555199181005,20604667514.0,,-19.2392,-14.293182520257577,,Producer Manufacturing,0.2
NSE:ARMANFIN,ARMANFIN,1936.8,-1.329665291150855,33991,0.3958817397785969,20587375730.0,17.599273057701044,110.05,1824.3884099533109,,Finance,-0.045454545454545456
NSE:HESTERBIO,HESTERBIO,2413.5,-0.16958967571144562,5937,1.0629688646984048,20572579016.0,15.076940183871828,160.0789,262.2301018722592,0.45485558335228565,Health Technology,0.02121212121212121
NSE:EMSLIMITED,EMSLIMITED,375.75,1.8016797615822207,196174,0.9678490429013269,20499197248.0,30.627216041080818,12.2685,-63.1019227241148,0.4063388866314506,Industrial Services,-0.17575757575757575
NSE:SHANTIGOLD,SHANTIGOLD,253.85,-4.86808574426622,2594125,1.1678357921416278,20477928421.0,9.582391200129853,26.4913,,,Consumer Durables,0.35454545454545455
NSE:HINDOILEXP,HINDOILEXP,156.49,1.03299115501325,612833,1.1903747225263108,20471261097.0,82.311171891437,1.9012,-83.14389573543754,,Energy Minerals,-0.3787878787878788
NSE:PENIND,PENIND,152.49,0.6866952789699706,202502,0.43359750044751105,20430858100.0,14.464722733395309,10.5422,13.983284498697127,,Non-Energy Minerals,-0.26363636363636367
NSE:BFUTILITIE,BFUTILITIE,533.2,-2.281682397141012,26107,0.29700357105071257,20412089206.0,12.693666498433528,42.0052,6.813067215244928,,Industrial Services,-0.5121212121212121
NSE:GMBREW,GMBREW,880.3,-1.2396926011106824,83936,4.843951985226224,20348613265.0,11.921141439474782,73.8436,29.816869393086492,1.0104979509347105,Consumer Non-Durables,-0.5121212121212121
NSE:EPACK,EPACK,210.87,0.0806834361651713,267478,0.5635282339279063,20284963346.0,,-0.8083,-114.20088195505895,,Producer Manufacturing,-0.4
NSE:GOCLCORP,GOCLCORP,401.65,-1.5563725490196134,42792,0.16149953937608008,20270292530.0,5.8594918223873,68.5469,-74.70770488700235,7.336757153338224,Process Industries,-0.11212121212121212
NSE:INDOCO,INDOCO,221.16,1.1063362896589501,55369,0.7451705027199128,20219104765.0,554.4246678365505,0.3989,,0.09130335539831089,Health Technology,-0.26666666666666666
NSE:JISLJALEQS,JISLJALEQS,27.53,-0.7212405337179923,1122421,0.399180074430185,20214348249.0,,-0.7374,-253.3056133056133,,Producer Manufacturing,-0.4
NSE:JISLDVREQS,JISLDVREQS,21.01,-1.2687969924812008,1341,0.01609075135769464,20214348249.0,,-0.7374,-253.3056133056133,,Producer Manufacturing,-0.5363636363636364
NSE:ESAFSFB,ESAFSFB,40.41,2.9291900152827273,1072621,0.3758557857741055,20212429107.0,,-0.1063,99.17698978011768,,Finance,0.4
NSE:BLUECLOUDS,BLUECLOUDS,22.85,4.672469079248755,4206753,,20178564427.0,19.4038722826087,1.1776,6.628033321260407,,Process Industries,
NSE:GRANDOAK,GRANDOAK,39.55,3.6697247706421985,5451,0.7625589300952674,20132681147.0,,-0.002,99.98414258983223,,Finance,0.13636363636363635
NSE:HPL,HPL,314.4,0.6563150312149686,86613,0.736674862999892,20077828419.0,22.153013627203674,14.1922,-4.117122473246141,0.32025620496397117,Electronic Technology,-0.2181818181818182
NSE:SIMPLEXINF,SIMPLEXINF,259.65,3.3186104810791353,84733,0.6143807720780967,20070443678.0,44.37323763137657,5.8515,34.38131545103803,,Industrial Services,0.603030303030303
NSE:KCP,KCP,151.22,-2.6146316331787753,238462,1.3894888954279405,19944102724.0,11.437690981151484,13.2212,-4.483520929358896,0.0,Producer Manufacturing,-0.603030303030303
NSE:SAKAR,SAKAR,893.7,-1.2867951620920062,61515,0.44004254853415725,19872349768.0,55.067409360905046,16.2292,81.13755078351711,,Health Technology,0.28787878787878785
NSE:CANTABIL,CANTABIL,228.58,-3.2670334320778665,150920,0.5633592516415136,19767850942.0,19.618748444352896,11.6511,24.732092196683407,0.6346519991537973,Consumer Non-Durables,-0.603030303030303
NSE:ALPEXSOLAR,ALPEXSOLAR,871.35,12.73044828255385,270500,5.004625346901018,19743461850.0,11.008426717875507,79.153,297.4581718119188,,Electronic Technology,0.33636363636363636
NSE:ARDEE,ARDEE,63.89,2.4863650946422795,12385354,,19668539904.0,,,,,Non-Energy Minerals,
NSE:ANONDITA,ANONDITA,1074.6,-1.1089127133851913,5400,0.1873698820263706,19653823449.7,56.684689436898324,18.9575,,,Producer Manufacturing,-0.08787878787878788
NSE:MSPL,MSPL,34.51,0.11604293588627546,414575,0.4340447727534944,19645171139.0,60.75704225352113,0.568,,,Non-Energy Minerals,-0.3090909090909091
NSE:JAYKAY,JAYKAY,154.53,2.6777408637873763,221544,0.8105571757381649,19627745336.0,9.878666223438259,15.6428,739.1609892173166,,Commercial Services,-0.27622377622377625
NSE:MUKANDLTD,MUKANDLTD,135.69,0.310490130849403,63136,0.2372535764090219,19521350996.0,3.0999552221074853,43.7716,684.8170261596113,1.4803849000740192,Non-Energy Minerals,-0.17575757575757575
NSE:BCG,BCG,9.29,-3.9296794208893564,6674431,0.7956834397722685,19513304685.0,1.9486103828002095,4.7675,35.532749602001374,,Technology Services,-0.5575757575757576
NSE:WEL,WEL,146.24,0.3430767119527926,823797,0.3034018922948087,19484761743.0,162.90520218335746,0.8977,-24.334120026972343,0.1375515818431912,Electronic Technology,0.4
NSE:KLBRENG_B,KLBRENG_B,362.75,4.56904006918421,383002,1.9593701399688959,19460124607.0,21.139154200733095,17.1601,10.486498319533334,0.8633093525179856,Producer Manufacturing,-0.3181818181818182
NSE:DCXINDIA,DCXINDIA,179.12,3.3464112624048066,1195745,2.377064073550437,19308838118.0,,-1.8367,-151.1615598885794,,Producer Manufacturing,-0.04242424242424242
NSE:WINDLAS,WINDLAS,917.95,-1.6552389115063137,36703,0.11311022136973603,19282492472.0,29.36500319897633,31.26,1.3618677042801612,0.6742294520547946,Health Technology,0.3333333333333333
NSE:TARSONS,TARSONS,336.65,-6.874135546334722,1199280,0.8076855392648599,19247371701.0,161.11509930605405,2.0895,-59.6255289548432,,Process Industries,0.28787878787878785
NSE:AWFIS,AWFIS,265.6,-1.2455846811674907,100991,0.4077795113316278,19246919922.0,22.546689303904927,11.78,11.658767772511833,,Finance,-0.37575757575757573
NSE:NDRAUTO,NDRAUTO,794.25,-1.1573641963785646,15998,0.36699310196113516,19130520540.0,29.11046767336168,27.284,17.310677232252267,0.49732686808404825,Producer Manufacturing,-0.49090909090909096
NSE:HGS,HGS,406.95,-1.4768187870717886,12476,0.49050906631858715,19115185464.0,,-9.3337,-62.62501306756805,1.2168410805548795,Commercial Services,-0.35454545454545455
NSE:INDIANHUME,INDIANHUME,360.15,-0.6619776582540433,26224,0.725153055299004,19099775188.0,13.290354483257437,27.0986,-73.98757482558295,1.3791201213625708,Producer Manufacturing,0.06969696969696969
NSE:VIDYAWIRES,VIDYAWIRES,88.07,-1.4876957494407297,462364,0.39073972772684085,19033834056.0,28.608088354718205,3.0785,,,Non-Energy Minerals,-0.27622377622377625
NSE:AEROPLANE,AEROPLANE,181.19,-0.9078479628110455,699064,1.3361090256891703,18856738218.0,,,,,Process Industries,-0.36363636363636365
NSE:NUCLEUS,NUCLEUS,711.85,-0.2731857663210888,10546,0.26567979362328187,18813380532.0,17.777894324110356,40.0413,-37.0505921359814,1.7491079549429793,Technology Services,-0.2
NSE:MOTISONS,MOTISONS,16.78,1.4510278113663966,134348077,1.803536834549299,18802984743.0,26.634920634920636,0.63,46.13778705636744,,Retail Trade,0.49090909090909096
NSE:CNL,CNL,1264.15,0.9623831962303476,41736,0.34025318437065877,18802378395.0,29.210801168293404,43.2768,35.49405134627426,0.03993291270665283,Distribution Services,0.35454545454545455
NSE:HATHWAY,HATHWAY,10.51,-0.7554296506137872,824463,0.6853014406023542,18798509504.0,24.544605324614665,0.4282,-27.936721642544587,,Consumer Services,-0.4666666666666667
NSE:ALGOQUANT,ALGOQUANT,66.27,-0.03017046311662427,1038278,0.7775310846784714,18771593129.0,40.93773165307635,1.6188,291.0144927536232,,Finance,0.19930069930069932
NSE:SCILAL,SCILAL,40.52,0.821099776063711,261874,1.1381867176634215,18720461622.0,66.43712083948189,0.6099,,1.3684996267728293,Miscellaneous,-0.2181818181818182
NSE:TIRUMALCHM,TIRUMALCHM,151.34,-2.1909132036450503,359675,0.5930659717567532,18589237155.0,,-12.9351,-19.153816393080195,,Process Industries,-0.5121212121212121
NSE:TINNARUBR,TINNARUBR,1065.1,3.377656993108799,51796,0.787846154314171,18572445892.0,31.023805986886753,34.3317,34.80275324818105,0.3152585119798234,Process Industries,0.1575757575757576
NSE:SERVOTECH,SERVOTECH,82.19,-0.43609933373712834,534588,1.3334460776573924,18560983248.0,50.541138851309796,1.6262,13.22935524300238,0.024227740763173838,Producer Manufacturing,-0.4454545454545455
NSE:OMAXE,OMAXE,101.93,1.090945155211751,2278334,0.5282584490296286,18469297468.0,,-27.8962,29.55843027733518,,Finance,0.4454545454545455
NSE:SBC,SBC,38.66,-0.2322580645161378,6715518,0.5995379887204668,18442838577.0,45.71901608325449,0.8456,145.17251377210786,,Distribution Services,-0.08787878787878788
NSE:PNGSREVA,PNGSREVA,574.2,-0.3903200624512099,383388,0.3359301706016151,18301070753.0,,,,,Consumer Durables,0.4300699300699301
NSE:GRMOVER,GRMOVER,87.51,-0.872224739465333,1110887,0.7582652321186312,18273850998.0,17.3448556081898,5.0453,55.69030426464234,,Process Industries,-0.37575757575757573
NSE:SHUKRAPHAR,SHUKRAPHAR,41.55,0.2654440154440141,1250975,,18248394705.0,53.668302764143625,0.7742,235.0064906966681,0.024090580582992054,Health Technology,
NSE:KABRAEXTRU,KABRAEXTRU,512.6,-1.5177713736791503,124007,0.1891069850499542,18126420234.0,3537.6121463077984,0.1449,-97.75564573588179,0.0,Producer Manufacturing,0.35454545454545455
NSE:BGRENERGY,BGRENERGY,244.15,-2.8065286624203756,43964,0.941871102227421,18116159873.0,,-172.8293,-10.951666528642557,,Industrial Services,-0.603030303030303
NSE:KRSNAA,KRSNAA,540.2,-3.26797385620915,85135,0.8267845766583278,18110509686.0,18.21922428330523,29.65,21.866009042334568,0.35823034210997673,Health Services,-0.603030303030303
NSE:NGLFINE,NGLFINE,3023.5,3.957502406821617,110560,8.379820519039534,18099446867.0,32.65661891934512,92.5846,174.02676200990325,0.05973409792978683,Health Technology,-0.2
NSE:PFS,PFS,28.2,0.21321961620468627,492747,0.7907369199441996,18093121320.0,8.119547378422734,3.4731,-27.87365273191701,,Finance,-0.3090909090909091
NSE:MARSONS,MARSONS,102.31,-2.3759541984732775,1323672,0.7040352385680545,18079106166.0,39.877611474898664,2.5656,43.29758713136729,0.0,Producer Manufacturing,-0.6433566433566433
NSE:GOCOLORS,GOCOLORS,346.85,0.8138351983723329,178348,0.7548006664835544,18071980909.0,34.757991782743765,9.979,-38.12815822922156,,Consumer Non-Durables,0.35757575757575755
NSE:PAUSHAKLTD,PAUSHAKLTD,752.35,2.4720784527376702,42926,0.2220694371802572,18034065929.0,43.76188786579726,17.1919,-17.029111407115696,0.3418102269619907,Process Industries,0.4755244755244755
NSE:MAHASTEEL,MAHASTEEL,1123.7,2.2381948867255153,41209,2.439196188108556,18026894374.0,184.7491902734163,6.0823,18.10749932036196,,Non-Energy Minerals,0.4666666666666667
NSE:INSECTICID,INSECTICID,619.5,0.1293033780507442,9791,0.374436872337333,18005741458.0,14.400145047465852,43.0204,-16.432140109868758,0.32320620555914675,Process Industries,-0.4
NSE:RICOAUTO,RICOAUTO,133.32,0.31602708803610796,2048298,0.5074077566949314,17979374133.0,58.95984433044401,2.2612,-4.522231136258075,0.41384499623777277,Producer Manufacturing,-0.17878787878787877
NSE:CAPACITE,CAPACITE,209.11,-1.3120015102175528,178342,0.32445208618314253,17936058533.0,9.54792225048057,21.9011,-5.172801981312624,,Industrial Services,-0.4212121212121212
NSE:YATRA,YATRA,115.5,1.360245721807808,942413,0.23590201990821374,17904136295.0,58.25683445980027,1.9826,-35.890056588520615,,Consumer Services,0.35757575757575755
NSE:EIHAHOTELS,EIHAHOTELS,293.5,0.4449007529089704,18024,0.7347947148919863,17854334305.0,20.34831320456468,14.4238,-6.936020853227342,1.1945392491467577,Consumer Services,-0.5121212121212121
NSE:MACPOWER,MACPOWER,1983.6,11.35062310542269,190615,3.3050306722936775,17821481880.0,51.019043405796346,38.8796,50.0297129803277,,Producer Manufacturing,0.6484848484848484
NSE:KODYTECH,KODYTECH,1413.85,1.2315182758744005,16500,1.0299625468164795,17803879674.0,121.15252784918594,11.67,-6.340288924558594,,Technology Services,0.5121212121212121
NSE:JAICORPLTD,JAICORPLTD,100.08,-1.1067193675889373,246773,0.6341475448635239,17726005493.0,18.81698191253337,5.3186,-40.43587331451866,0.49504950495049505,Process Industries,-0.4666666666666667
NSE:GOODYEAR,GOODYEAR,763.5,-0.2417194747501173,4123,0.17236117672141701,17670097666.0,32.6740045876271,23.3672,21.945517169397775,3.459304222961948,Consumer Durables,-0.4666666666666667
NSE:STUDDS,STUDDS,449.0,0.21202990737640634,56142,0.6594018378967546,17640160371.0,23.641533277169334,18.992,,0.6692693809258227,Consumer Durables,0.19930069930069932
NSE:BFINVEST,BFINVEST,460.7,-0.775360758130524,21539,0.37620867451024226,17530514419.0,6.153496821071753,74.868,26.865241689231993,2.1486892995272884,Finance,-0.13636363636363635
NSE:AURUM,AURUM,226.64,-1.0824022346368793,77941,0.24369546899207234,17434235159.0,29.185124137220562,7.7656,,,Technology Services,0.35454545454545455
NSE:MMWL,MMWL,14.91,-1.9723865877712077,50362,0.48533921319576817,17274320221.0,237.79904306220095,0.0627,100.31948881789138,,Technology Services,0.2
NSE:MTNL,MTNL,27.08,0.0,870596,0.8647924642516536,17054099807.999998,,-47.7194,14.04078250531398,,Communications,-0.4
NSE:SMCGLOBAL,SMCGLOBAL,80.69,0.3482153960950145,433148,0.8037594926726077,17043065374.999998,15.512832836681726,5.2015,-11.02767609729396,1.474382602285293,Finance,0.5575757575757576
NSE:GARUDA,GARUDA,182.88,0.21920210434020476,357792,0.19175916653964617,17035943238.0,12.511288071586897,14.6172,96.68451788261257,,Industrial Services,0.3333333333333333
NSE:JINDRILL,JINDRILL,651.15,11.07983623336744,17885600,99.88071677157932,16994520033.0,9.846395325627393,66.1308,-19.52031621938694,0.17053206002728513,Industrial Services,0.6484848484848484
NSE:RHETAN,RHETAN,21.43,0.704887218045106,7416414,0.35855121891641184,16973436892.000002,101.32387706855792,0.2115,243.90243902439025,,Non-Energy Minerals,-0.35454545454545455
NSE:ACCELYA,ACCELYA,1130.8,-0.30856034558758705,4118,0.8155262897316566,16948022265.0,17.696677569289033,63.899,-26.072771446751897,7.045664714430402,Technology Services,-0.49090909090909096
NSE:DISAQ,DISAQ,11696.0,0.47246800103083925,761,1.3339176161262052,16941487282.999998,33.245472734647635,351.8073,5.98715587651638,1.7167381974248928,Producer Manufacturing,-0.4090909090909091
NSE:VINYAS,VINYAS,1462.1,9.886888880538121,31200,1.471004243281471,16744607179.300001,60.020525451559934,24.36,57.834377571449856,,Electronic Technology,0.5575757575757576
NSE:INDOKEM,INDOKEM,585.5,-0.855135043603413,3563,,16703358473.0,724.8978581156371,0.8077,-57.094289508632144,,Process Industries,
NSE:RATNAVEER,RATNAVEER,252.19,2.9893412831298214,11663647,1.153815194423398,16655431779.999998,21.91908217808874,11.5055,22.418471032611578,,Non-Energy Minerals,0.5575757575757576
NSE:HINDWAREAP,HINDWAREAP,199.89,1.1435510803015692,84276,0.28732642144345083,16553614590.000002,,-0.7448,93.53236423001442,,Producer Manufacturing,-0.35454545454545455
NSE:KPEL,KPEL,262.3,7.610256410256415,859114,1.578771048482789,16549517436.999998,9.74006683995544,26.93,47.319474835886204,0.368701351904957,Utilities,-0.3090909090909091
NSE:SHALBY,SHALBY,152.7,-0.3003395142334865,31754,0.38727129479890043,16541694946.0,41.43713874793085,3.6851,,,Health Services,-0.4
NSE:SPMLINFRA,SPMLINFRA,194.47,-1.2842639593908636,145589,0.7317501005227182,16421857395.0,19.538636203795804,9.9531,79.01258992805755,,Industrial Services,-0.045454545454545456
NSE:SURYODAY,SURYODAY,151.92,-1.3570547367054109,215485,0.3571875530949431,16368631943.0,8.416387357690922,18.0505,140.63162385186567,0.974025974025974,Finance,-0.3333333333333333
NSE:CEINSYS,CEINSYS,784.3,0.2108222066057596,23346,0.21663524066870565,16355453790.0,11.78831239102988,66.532,49.208342677730414,0.44805735134097163,Industrial Services,-0.5524475524475525
NSE:IPL,IPL,138.19,-2.027649769585263,129967,1.1020213659885818,16278362213.0,14.784897343447419,9.3467,9.101202287848723,0.5305978068623983,Process Industries,-0.4666666666666667
NSE:BLUSPRING,BLUSPRING,111.21,2.027522935779811,328749,0.8004562919099493,16274122842.0,,-0.749,,,Commercial Services,0.06666666666666667
NSE:TBZ,TBZ,251.05,3.0160032827246708,436679,0.29191585493510924,16268923826.0,7.8384783267089,32.0279,189.45232715770453,1.0254306808859721,Consumer Durables,0.11212121212121212
NSE:MBEL,MBEL,284.35,0.37063183903989105,147787,0.3015669802858241,16224378244.0,16.606706925350124,17.1226,,0.35223670306445937,Producer Manufacturing,-0.2909090909090909
NSE:WENDT,WENDT,8055.0,-0.6781750924784217,5231,1.211384373118429,16144099609.0,95.04424778761062,84.75,-52.360876897133224,0.371652801952416,Producer Manufacturing,0.49090909090909096
NSE:VIKRAN,VIKRAN,61.09,-2.318516149664208,962118,0.5042830498652754,16134915095.0,17.504799564457436,3.4899,,,Industrial Services,-0.4454545454545455
NSE:TTKHLTCARE,TTKHLTCARE,1114.1,-2.134574841883361,21545,0.47878522554795294,16130482265.0,21.28521345395145,52.3415,17.246160600684554,0.8760019272042399,Health Technology,0.4454545454545455
NSE:DELTACORP,DELTACORP,60.71,0.8806912595546713,1073671,1.3600990110925106,16106431331.0,,-5.8522,-161.03862240161874,0.8312551953449709,Consumer Services,-0.26363636363636367
NSE:SURAKSHA,SURAKSHA,318.3,3.1933862862700675,239760,0.3980162931694786,16082537169.0,46.28067930673491,6.8776,7.6205677088223345,0.16191709844559585,Health Services,0.49090909090909096
NSE:MOL,MOL,61.94,-1.635699539463238,1332044,0.407529738209647,16019253412.0,24.470606826801514,2.5312,,,Process Industries,0.4
NSE:VIDHIING,VIDHIING,325.9,2.0989974937343323,52151,2.3670032905934417,15984896543.0,30.579978043219203,10.6573,11.700031443244931,1.8747070770192158,Consumer Non-Durables,0.5575757575757576
NSE:MOBIKWIK,MOBIKWIK,198.99,-1.8932110634521535,797818,0.5191685213713912,15946250839.0,,-1.5961,92.96425926578975,,Commercial Services,-0.4666666666666667
NSE:AYMSYNTEX,AYMSYNTEX,270.9,-0.3677822728944465,26598,0.4157997007892972,15946213470.0,84.75955070241857,3.1961,193.54335047759002,,Process Industries,0.4
NSE:HITECH,HITECH,77.98,-0.5737600408007175,359333,0.5006427785532794,15923646111.0,20.906166219839143,3.73,-8.53808052572213,0.03188775510204082,Non-Energy Minerals,-0.49090909090909096
NSE:KAPSTON,KAPSTON,528.4,1.090491677826656,93251,0.8327677420046224,15906910940.0,52.73032093246048,10.0208,47.7122641509434,,Commercial Services,0.15454545454545454
NSE:GNRL,GNRL,104.34,0.6268685504870342,41822,0.18838679337497582,15890976679.0,77.38633835199882,1.3483,,,Energy Minerals,0.2272727272727273
NSE:KRISHNADEF,KRISHNADEF,1125.0,5.88235294117647,137041,0.9736192596739563,15881980125.0,,,,,Electronic Technology,-0.26666666666666666
NSE:RACLGEAR,RACLGEAR,1399.1,4.146196218549934,18521,0.29904607515145254,15829623230.0,33.431382153840275,41.8499,66.28482652298987,0.0,Producer Manufacturing,0.4454545454545455
NSE:MCLOUD,MCLOUD,28.85,7.769891669779611,9814518,4.237295723929066,15822343704.0,15.371909633418586,1.8768,-45.700729082282145,0.11169024571854058,Technology Services,0.3787878787878788
NSE:SUMMITSEC,SUMMITSEC,1428.8,-1.1689838832399593,2045,0.2896928830462375,15802131679.0,13.009101272138599,109.8308,39.490709577454055,,Miscellaneous,-0.5121212121212121
NSE:IFGLEXPOR,IFGLEXPOR,222.83,1.762798556879944,25073,0.29872067061736157,15738368982.0,39.22165701511978,5.6813,4.892638886324623,0.984657659720632,Producer Manufacturing,0.5121212121212121
NSE:KOTIC,KOTIC,145.08,1.1997767857142847,11873,1.0762815573584734,15684761298.0,,-7.9691,-229.99710132924758,,Process Industries,-0.36363636363636365
NSE:BLIL,BLIL,71.3,1.0058081881286212,45096,1.0693934270341028,15666832638.0,12.134104833219876,5.876,-25.507099391480725,6.0923774440351375,Commercial Services,0.5909090909090908
NSE:VOEPL,VOEPL,477.85,-2.5591353996737265,54797,0.5704045826398062,15599799674.0,85.74068757625781,5.5732,27.600338851111562,,Health Technology,-0.5
NSE:IKIO,IKIO,196.99,-2.3545157132943393,127812,0.5471120716777941,15587517092.0,32.813072592197756,6.0034,108.1478399556203,,Producer Manufacturing,-0.1575757575757576
NSE:MVELECTRO,MVELECTRO,574.1,0.7016312927556569,776889,,15586622285.0,,,,,Producer Manufacturing,
NSE:DANISH,DANISH,791.15,0.2979208924949319,20850,1.0036101083032491,15532741968.0,14.164201977957447,55.8556,90.98086279819604,,Producer Manufacturing,-0.1090909090909091
NSE:INFOBEAN,INFOBEAN,158.03,-1.3237589759600403,151901,0.8627714034341369,15530520977.0,18.069451273197114,8.7457,59.73881278538813,0.3122073056509522,Technology Services,-0.5575757575757576
NSE:GTLINFRA,GTLINFRA,1.21,0.0,11791144,0.3268840588312263,15501270313.0,1.460647030420087,0.8284,,,Industrial Services,-0.26363636363636367
NSE:JAGSNPHARM,JAGSNPHARM,230.89,-1.130475741874712,245501,2.604359605963567,15378048002.0,34.462222752917995,6.6998,-26.653091609739004,1.714898177920686,Health Technology,0.3333333333333333
NSE:DOLLAR,DOLLAR,268.55,0.0745295323271804,82886,0.3420886782539717,15219771597.0,13.583163048536225,19.7708,15.536284054651064,1.1179429849077696,Consumer Non-Durables,-0.22424242424242424
NSE:IVALUE,IVALUE,280.3,0.4299534217126437,231932,0.9047505920637131,15214560830.0,14.77385928202101,18.9727,,,Technology Services,0.2212121212121212
NSE:FRONTSP,FRONTSP,1284.7,-0.17871017871017517,37490,0.6881815962362029,15207773057.0,25.910194664278745,49.5828,38.560593781613115,0.05438582860694585,Producer Manufacturing,-0.36363636363636365
NSE:WALCHANNAG,WALCHANNAG,222.6,-0.5850564959135377,471983,0.7748245829175889,15189837694.0,,-0.4727,96.83579891559006,,Producer Manufacturing,-0.35757575757575755
NSE:MIIL,MIIL,707.9,3.714013625375434,76476,,15082798777.0,339.5041005227567,2.0851,-37.22981516045517,,Finance,
NSE:ALLCARGO,ALLCARGO,9.97,-0.8946322067594419,11041930,0.20555193105042346,15067651759.0,54.600219058050385,0.1826,,,Transportation,0.4454545454545455
NSE:ONEPOINT,ONEPOINT,56.25,-1.6780283167278462,767856,0.4325792105019282,15037353377.0,32.88704396632367,1.7104,20.62059238363893,,Commercial Services,-0.2909090909090909
NSE:BHARATSE,BHARATSE,240.91,1.0359000167757082,309042,0.4899566201582931,14955819435.0,32.69901594842212,7.3675,31.213378688845754,0.6298551333193365,Producer Manufacturing,0.4
NSE:DIFFNKG,DIFFNKG,408.5,2.5351405622490017,108247,0.25373445349944085,14921849556.0,27.894431356481956,14.6445,34.112055386644194,0.3762227238525207,Producer Manufacturing,0.37575757575757573
NSE:NAVKARCORP,NAVKARCORP,97.92,-0.9808878551926371,289283,1.0929731637217377,14908925268.0,36.86608184932796,2.6561,,,Transportation,-0.5575757575757576
NSE:DLINKINDIA,DLINKINDIA,418.85,0.03582517315501173,72487,0.7777566762267422,14887182534.0,13.860852069282751,30.2182,2.1551214136244217,6.200810875268304,Electronic Technology,-0.2181818181818182
NSE:DSSL,DSSL,1147.2,-0.9411967878421434,32052,1.3193544005235924,14765459550.0,17.2086883475339,66.664,13.964127216406016,0.04313133491481561,Technology Services,-0.35454545454545455
NSE:ASALCBR,ASALCBR,721.9,-1.5479031708148685,24739,0.6110477150238848,14666851036.0,16.918050920544452,42.6704,-8.294863528906083,0.27380381956328287,Consumer Non-Durables,-0.4454545454545455
NSE:IGPL,IGPL,479.95,1.5122673434856129,134210,1.1579940068352794,14533629548.0,18.102235481814787,26.5133,34.56751900764367,1.0594342621040365,Process Industries,0.4454545454545455
NSE:VIVIDEL,VIVIDEL,1622.35,-0.7767346564325278,24720,1.2232779097387174,14531997390.0,,,,,Producer Manufacturing,0.18181818181818182
NSE:SDBL,SDBL,74.0,0.7762494893095371,534753,0.5319552346389408,14491917269.0,,-1.5491,-130.05218538421246,,Consumer Non-Durables,0.33636363636363636
NSE:AVADHSUGAR,AVADHSUGAR,711.3,-1.9234746639090032,287487,0.41633774497515547,14480323087.0,21.589612218633903,32.9464,-6.889252517373621,1.3824566254233772,Process Industries,0.3303030303030303
NSE:NITTAGELA,NITTAGELA,1599.8,0.6733371090554431,6641,0.8865305032705914,14470818525.0,14.067279900883623,113.7249,23.727393687911864,0.4391881293722747,Consumer Non-Durables,-0.2727272727272727
NSE:GPTINFRA,GPTINFRA,115.12,0.05214670606640212,35571,0.3014330590824407,14443474295.0,14.773558512890931,7.7923,12.268038266482245,3.2808398950131235,Industrial Services,-0.4
NSE:PNBGILTS,PNBGILTS,79.5,-1.0455563853622147,102981,0.35832116092423555,14413411201.0,14.00116236064881,5.6781,-69.90762577574739,2.4978144123891597,Finance,-0.4454545454545455
NSE:DIGITIDE,DIGITIDE,98.08,1.647839154316513,254802,0.5591095745227089,14404103953.0,,-1.6091,,,Commercial Services,-0.2212121212121212
NSE:AMRUTANJAN,AMRUTANJAN,488.25,-0.731930466605677,61899,0.6427005071082371,14397546880.0,26.146818469052235,18.6734,-1.0586440031367217,0.994822860623287,Health Technology,-0.4
NSE:SESHAPAPER,SESHAPAPER,228.87,0.6995776135163689,41361,0.7649528389125209,14373229163.0,13.921871578383904,16.4396,13.02578205568923,0.877577885037297,Process Industries,-0.26666666666666666
NSE:IGARASHI,IGARASHI,450.4,-0.9892284018465597,106521,0.11552605998123533,14333736697.0,86.42093750599611,5.2117,-11.415362126697596,0.2854633289415898,Producer Manufacturing,-0.02121212121212121
NSE:EXPLEOSOL,EXPLEOSOL,897.7,-2.7463301012946117,409143,0.6416559539210531,14316183569.0,11.237178700808396,79.8866,20.08742748824854,11.92476556994959,Technology Services,0.4
NSE:SYNCOMF,SYNCOMF,15.57,2.299605781865963,5350013,0.5262412047357187,14297400036.0,17.070496656068414,0.9121,48.962926669933054,0.6574621959237344,Health Technology,0.603030303030303
NSE:SIGNPOST,SIGNPOST,273.4,2.186507194916825,78931,0.7565861364272487,14287184551.0,29.221265043500566,9.3562,-1.2454877456671838,0.18705574261129815,Commercial Services,-0.04242424242424242
NSE:AEROENTER,AEROENTER,130.89,4.104032450489129,1138795,1.9186956720990638,14253030623.0,9.838542371352544,13.3038,200.0135305791088,0.3175863437872172,Producer Manufacturing,0.4666666666666667
NSE:INDORAMA,INDORAMA,56.81,3.7436084733382105,1115038,3.4881748645367314,14248945017.0,9.196127946127946,6.1776,119.96866543227462,,Process Industries,0.31212121212121213
NSE:ASIANTILES,ASIANTILES,45.81,-4.502814258911813,9009085,1.7031083807189666,14236743118.0,60.118110236220474,0.762,-67.26522897156113,,Producer Manufacturing,-0.6484848484848484
NSE:UGROCAP,UGROCAP,90.8,-2.102425876010785,364000,1.1120772197091822,14222404111.0,6.384833909937277,14.2212,-2.1932448882745033,,Finance,-0.5575757575757576
NSE:UDS,UDS,210.79,-0.4392593992065024,266600,0.9525201231487758,14150567564.0,16.254376089202818,12.9682,-28.706981858163832,0.0,Commercial Services,0.35454545454545455
NSE:ARFIN,ARFIN,82.5,-1.4219142071932103,982108,0.5979049328551107,14105199773.0,75.77845136401213,1.0887,154.3691588785047,0.0,Non-Energy Minerals,-0.3787878787878788
NSE:ACCENTMIC,ACCENTMIC,594.55,1.1827773995915474,55000,1.0054844606946975,14095948152.0,32.08424847147197,18.5309,17.94031351633454,,Health Technology,0.4
NSE:ZSARACOM,ZSARACOM,13076.0,1.8300755392882173,123,0.3096676737160121,14025466552.0,10.832258957593066,1207.1351,436.1599167823701,,Finance,0.5909090909090908
NSE:QUADFUTURE,QUADFUTURE,341.0,-2.3901531415485966,213557,0.6976212401799676,13938000488.0,,-9.619,,,Producer Manufacturing,-0.49090909090909096
NSE:ALLTIME,ALLTIME,213.99,0.3987989115135699,217555,3.5536008885839827,13936778994.0,40.80663615560641,5.244,,,Producer Manufacturing,-0.4454545454545455
NSE:CLSEL,CLSEL,279.05,-0.9055397727272766,25275,0.29360515769297785,13925659350.0,11.087888552912334,25.1671,22.80947454715804,1.0712372790573113,Process Industries,-0.2909090909090909
NSE:STEELXIND,STEELXIND,10.71,-1.9230769230769145,560170,0.23174687715529002,13915905905.0,42.09905660377358,0.2544,-9.272467902995709,,Non-Energy Minerals,-0.46969696969696967
NSE:RIR,RIR,170.35,-2.0639300908359224,139576,0.32917633513271555,13869468748.0,147.41259951540326,1.1556,27.549668874172177,0.05737234652897303,Electronic Technology,0.023809523809523808
NSE:ATULAUTO,ATULAUTO,493.3,-0.9437751004016042,74007,0.1579330145664487,13868702096.0,28.978100474646368,17.0232,103.10203302472078,,Consumer Durables,-0.11212121212121212
NSE:ONIXSOLAR,ONIXSOLAR,356.65,-4.994672349493873,1217,,13840209660.0,6.0398274673707055,59.0497,628.4061331984655,,Producer Manufacturing,
NSE:JAYBARMARU,JAYBARMARU,130.42,2.1139993736298064,264782,0.4423309418330351,13828937500.0,10.215239050065792,12.7672,171.96659850034087,0.547945205479452,Distribution Services,-0.1090909090909091
NSE:ANDHRSUGAR,ANDHRSUGAR,100.46,-1.490488331045313,730850,0.31090385794316283,13816477491.0,12.920567959666633,7.7752,204.76638444653497,0.7847753580537572,Process Industries,0.35454545454545455
NSE:PUNJABCHEM,PUNJABCHEM,1133.6,0.558857446997246,9057,1.3579728615338482,13776563885.0,21.254455354581538,53.3347,41.80385838411552,0.26702269692923897,Process Industries,0.49090909090909096
NSE:RSL,RSL,164.95,0.030321406913270434,325012,0.2736821931087515,13767771568.0,,,,0.30349013657056145,Non-Energy Minerals,0.4755244755244755
NSE:IZMO,IZMO,903.9,-1.3478854024556641,112167,0.9870136955442843,13709460180.0,25.126899320053152,35.9734,6.208647643229353,,Technology Services,-0.31212121212121213
NSE:MENONBE,MENONBE,253.21,4.996682700281975,29561,0.5493557924783916,13696175882.0,32.30213808235955,7.8388,61.46161609919876,0.8183306055646482,Producer Manufacturing,0.4666666666666667
NSE:TEXINFRA,TEXINFRA,107.05,-0.7417709782104749,120182,0.7117990364990795,13691986703.0,149.971980947044,0.7138,,0.13959981386691483,Utilities,-0.17878787878787877
NSE:SKMEGGPROD,SKMEGGPROD,258.6,-0.31608973864775003,232071,0.4350977461145191,13636307603.0,12.230709201409418,21.1435,186.96389793702494,0.4827186715582159,Process Industries,0.024242424242424246
NSE:SPIC,SPIC,66.73,-0.5365926367565947,245920,0.9815288813037347,13635757672.0,6.628785997397359,10.0667,28.24475132490829,2.9868578255675033,Process Industries,-0.4212121212121212
NSE:FERMENTA,FERMENTA,454.2,-0.6235641614703036,118947,0.402159374759104,13486749520.0,21.92084942084942,20.72,-42.30019493177387,0.8183306055646482,Health Technology,-0.2272727272727273
NSE:JAGRAN,JAGRAN,61.56,-0.5813953488372083,184646,0.8897393221740466,13474975597.0,7.105509193531632,8.6637,20.113962483883043,11.30673558391213,Consumer Services,-0.5575757575757576
NSE:IMPAL,IMPAL,1109.4,2.4282153079124904,2623,1.4797472639061313,13471534896.0,14.150979496769025,78.3974,17.539622211527366,3.057112418361202,Distribution Services,0.5121212121212121
NSE:AVTNPL,AVTNPL,87.45,-0.7377979568671867,1325259,2.3428804584854657,13458859200.0,20.54939374001316,4.2556,34.377466923489855,0.9051821679112922,Consumer Non-Durables,0.4212121212121212
NSE:NINSYS,NINSYS,729.0,-0.8702746804460127,3635,0.6877956480605518,13441593301.0,40.34623601164451,18.0686,18.855947533564443,,Technology Services,-0.2909090909090909
NSE:INDOBORAX,INDOBORAX,433.15,3.069601427721589,146390,0.42144240455073734,13440896760.0,24.68006791790594,17.5506,45.538224245590456,2.387489554733198,Process Industries,0.5575757575757576
NSE:PASHUPATI,PASHUPATI,85.32,0.6250737115225697,10109,0.05702989824430956,13383253434.0,95.14887922382066,0.8967,23.189998626184924,0.05896921806816842,Process Industries,0.024242424242424246
NSE:SOLARWORLD,SOLARWORLD,157.66,2.5697742502114296,641371,1.135039733496052,13373590653.0,11.678085996814932,13.5005,,,Industrial Services,-0.35454545454545455
NSE:ONIDA,ONIDA,35.68,-0.9439200444197762,150788,0.44989063624908815,13301818426.0,,-2.0873,-220.67905976340447,,Electronic Technology,-0.17575757575757575
NSE:BHARATWIRE,BHARATWIRE,189.26,-1.8971594443292539,128881,0.7761792859061438,13243695973.0,21.008813800146527,9.0086,-11.86357766211404,,Producer Manufacturing,-0.49090909090909096
NSE:BENARAS,BENARAS,10205.0,0.26527805069758303,50,,13236729007.0,30.215621994722557,337.7392,-1.1097147769502638,0.24552891839600866,Consumer Services,
NSE:KROSS,KROSS,202.5,-1.315789473684205,329684,0.8906411414591555,13227657240.0,22.59036144578313,8.964,13.22899693053925,,Producer Manufacturing,0.2212121212121212
NSE:KALAMANDIR,KALAMANDIR,85.72,-0.5106778087279453,199198,0.4730249584911682,13201754524.0,9.252722817698045,9.2643,20.420365772815316,1.7425650557620818,Retail Trade,-0.4212121212121212
NSE:DEN,DEN,27.41,-1.3318934485241216,171825,0.5592562648418947,13201648016.0,8.814355082483841,3.1097,-28.98282634511738,,Consumer Services,-0.31212121212121213
NSE:TAALTECH,TAALTECH,4196.2,-1.00500141549496,2392,0.17195025519373158,13196305694.0,20.943009380982897,200.3628,20.69132102021172,1.534991911773388,Transportation,0.045454545454545456
NSE:APEX,APEX,398.5,-5.691634126138921,944026,0.8713466291259527,13192187309.0,24.223745957643395,16.4508,460.56155654751774,0.47376524931896247,Consumer Non-Durables,0.2212121212121212
NSE:NIITLTD,NIITLTD,93.08,-2.666527240405727,407309,1.192599546043339,13113578890.0,148.69009584664536,0.626,-79.87138263665595,1.0435145570280706,Commercial Services,-0.33636363636363636
NSE:DCW,DCW,43.69,-1.2878445549028477,1204396,1.2675593707352995,13072416518.0,18.097841845822458,2.4141,103.8935810810811,0.6773538044705352,Process Industries,-0.5575757575757576
NSE:RUBYMILLS,RUBYMILLS,401.55,4.994116878023277,15176,1.5372771474878444,13065007872.0,31.090790838843553,12.9154,-5.217812481653263,0.6398771435884311,Process Industries,0.4666666666666667
NSE:GALAPREC,GALAPREC,1059.6,4.086444007858537,50441,0.793177300860464,13059708061.0,37.37566137566137,28.35,38.38786677666102,,Producer Manufacturing,0.11212121212121212
NSE:RGL,RGL,124.9,2.461033634126333,434303,0.28940951736914905,13032561363.0,16.177289623997826,7.7207,5.569229086334677,,Consumer Durables,0.5575757575757576
NSE:SHRIRAMPPS,SHRIRAMPPS,77.98,2.2420348760980833,341416,0.5347372635045764,13010690209.0,14.586606808829032,5.346,13.341955180528753,,Finance,-0.26363636363636367
NSE:ASTEC,ASTEC,585.55,0.8178374655647384,61908,2.134589325674171,12965258126.0,,-30.2755,53.29923320998261,,Process Industries,-0.35454545454545455
NSE:MANAKCOAT,MANAKCOAT,125.36,2.855267476206108,1563125,3.23477073559178,12911753540.0,32.636484340423316,3.8411,26.098946193493315,0.040983606557377046,Non-Energy Minerals,0.5575757575757576
NSE:CAPITALSFB,CAPITALSFB,287.75,2.202095542532406,18772,0.711766980867376,12830275270.0,8.694351617406227,33.0962,12.304716661011213,1.771793054571226,Finance,-0.08787878787878788
NSE:DHANBANK,DHANBANK,32.24,-0.4631058968817492,559449,0.764691200615855,12807978066.0,11.02636889086494,2.9239,5.540716142073354,,Finance,-0.13333333333333333
NSE:PRECAM,PRECAM,133.16,-1.1065725956182764,57774,0.5403413538742982,12766094244.0,30.942975321838546,4.3034,-33.31990455235675,0.744047619047619,Producer Manufacturing,-0.4454545454545455
NSE:JYOTISTRUC,JYOTISTRUC,10.73,0.7511737089201884,2337427,0.378644778376461,12736351353.0,19.907235621521334,0.539,41.842105263157904,,Utilities,-0.3090909090909091
NSE:ASIANHOTNR,ASIANHOTNR,302.0,0.6666666666666667,5841,0.09275860371383787,12726019787.0,,-53.8182,-152.61854968571538,,Consumer Services,-0.3333333333333333
NSE:DPEL,DPEL,584.5,-0.8565855313374532,35000,0.5977796754910333,12655917014.0,53.821362799263355,10.86,155.6376818417212,,Producer Manufacturing,0.35454545454545455
NSE:EIMCOELECO,EIMCOELECO,2153.7,-1.6171029190078159,41008,0.6868965702072348,12635358496.0,31.36486762007398,68.666,-18.51164424528391,0.182610879043119,Producer Manufacturing,0.3090909090909091
NSE:ANDREWYU,ANDREWYU,25.98,-0.9531071292413268,36629,0.012796473708415215,12624713593.0,,-0.8482,-307.68854064642505,,Producer Manufacturing,-0.5363636363636364
NSE:SULA,SULA,146.85,-1.5288674311003831,566529,1.1024755487721698,12599526082.0,50.01362305020094,2.9362,-56.905509730824555,1.3404825737265416,Process Industries,-0.49090909090909096
NSE:GPTHEALTH,GPTHEALTH,153.13,-0.12392381946256048,76600,0.42523473956870317,12595414440.0,26.581377586446326,5.7608,-0.7750869819835325,1.6286644951140066,Health Services,-0.08787878787878788
NSE:GODAVARIB,GODAVARIB,250.3,1.9136807817589647,248159,0.22803003620505988,12594407957.0,6257.5,0.04,,,Process Industries,-0.4454545454545455
NSE:DOLATALGO,DOLATALGO,71.14,-0.05619556055072527,66103,0.39787792022217555,12552319946.0,9.717649951507369,7.3207,-40.195245486479855,0.1402131239484016,Finance,0.02121212121212121
NSE:CENTENKA,CENTENKA,576.55,0.6898358365350912,32770,0.47128972597026425,12507277016.0,8.560720909065262,67.3483,155.79707392665063,1.9217330538085255,Process Industries,0.22424242424242424
NSE:WAAREEINDO,WAAREEINDO,297.55,-0.9322457133344468,30065,0.28157709396330177,12483187007.0,7.4382479182655175,40.0027,-5.736712129923746,,Electronic Technology,-0.4
NSE:LINCOLN,LINCOLN,619.1,-0.6817999518729445,28701,0.19183608812388836,12460493260.0,12.85605414037208,48.1563,11.703304732677816,0.28934254942935217,Health Technology,0.3333333333333333
NSE:EXCELINDUS,EXCELINDUS,985.2,-0.5401039826359002,2480,0.24067155126401088,12439956558.0,17.351546704051515,56.7788,-18.93849731811816,1.3894502829426032,Process Industries,0.02121212121212121
NSE:GYFTR,GYFTR,157.94,-2.6383923067439286,47780,0.7598515919829137,12431415800.0,48.91903611472465,3.2286,,,Finance,-0.22916666666666666
NSE:ELECTHERM,ELECTHERM,1024.1,5.057447681575703,82284,2.8302354058032826,12412774869.0,,-28.6241,-110.10224320966739,,Non-Energy Minerals,0.46969696969696967
NSE:STLNETWORK,STLNETWORK,25.68,1.2219156484036213,773022,0.650742751622349,12368572546.0,,-2.019,,,Communications,0.35757575757575755
NSE:ROTO,ROTO,66.34,1.0048721071863527,226640,0.3267150848120012,12360150376.0,45.24004364429897,1.4664,-19.005799502899755,0.28967830461960664,Producer Manufacturing,0.11515151515151516
NSE:ALLDIGI,ALLDIGI,814.75,0.6796416434970652,8265,1.0232252952682794,12352186742.0,14.52775652924363,56.0823,29.015880172903636,3.700962250185048,Commercial Services,-0.31212121212121213
NSE:QLINE,QLINE,524.05,-0.9638098837758713,35600,0.6563421828908554,12344117030.0,,,,,Health Technology,-0.4545454545454546
NSE:TCC,TCC,253.05,-1.2680452594615685,13533,0.34769985740529014,12269368635.0,17.885414605185037,14.1484,9.504349710535275,,Distribution Services,-0.4300699300699301
NSE:FINOPB,FINOPB,151.74,3.259612112963607,508544,1.0401317018007141,12237265834.0,60.422888543782115,2.5113,-75.61844660194174,,Finance,-0.28787878787878785
NSE:EKC,EKC,108.59,-0.8582123619099769,130325,0.5364835576485862,12236247819.0,9.72566791756603,11.1653,3.122691000443335,0.6419073819348922,Producer Manufacturing,-0.5575757575757576
NSE:BHAGYANGR,BHAGYANGR,401.05,4.849673202614382,553301,4.87600705711078,12234888126.0,20.415591291112435,19.6443,216.40466449763233,,Producer Manufacturing,0.5121212121212121
NSE:RAJRILTD,RAJRILTD,22.02,0.4103967168262648,10186,0.9374626110165202,12233815430.0,51.2093023255814,0.43,57.856093979442015,,Process Industries,0.4454545454545455
NSE:MWL,MWL,40.72,-0.4644341236861348,157349,0.06277044369750621,12206976741.0,23.304526984490355,1.7473,52.00521966072207,0.072992700729927,Non-Energy Minerals,0.2
NSE:SHREEPUSHK,SHREEPUSHK,376.9,0.14614056064832057,15558,0.3061435320832833,12192926472.0,17.125824143368003,22.0077,6.583076654849776,0.5569553109667152,Process Industries,-0.1090909090909091
NSE:BLKASHYAP,BLKASHYAP,52.36,-2.5497859668713896,188183,0.3970538558741515,12135435744.0,1983.3333333333333,0.0264,-96.70822942643392,,Industrial Services,-0.49090909090909096
NSE:UTSSAV,UTSSAV,503.2,-0.3564356435643587,15000,1.2755102040816326,12028090000.0,20.930126154754824,24.0419,-49.73657692162955,,Consumer Durables,0.0
NSE:IRMENERGY,IRMENERGY,290.25,-0.6333447449503672,46575,0.150221679786403,12012008041.0,16.300135904664565,17.8066,80.87498857253141,0.5127328661767219,Energy Minerals,0.3787878787878788
NSE:CENTRUM,CENTRUM,24.2,-0.4115226337448618,366493,0.6563855444128076,11990602618.0,,-4.795,-74.58583651920625,,Finance,-0.28787878787878785
NSE:MUNJALAU,MUNJALAU,118.39,-1.1109254928165706,2915871,0.38095541574030045,11980000305.0,23.57849873533688,5.0211,23.98390043952786,0.8347245409015025,Producer Manufacturing,0.3333333333333333
NSE:PANORAMA,PANORAMA,46.41,-1.5903307888040712,591390,,11966400831.0,50.1025585663392,0.9263,-46.91082072443833,0.12441280209013718,Retail Trade,
NSE:GULPOLY,GULPOLY,187.75,-2.2440903884202865,286580,0.3142344545612245,11962678661.0,7.927861736402291,23.6823,425.37435942942085,0.7820646506777893,Consumer Non-Durables,-0.26969696969696966
NSE:ALICON,ALICON,756.95,4.248726070789151,171367,1.8587894065480166,11944537271.0,33.95292925033978,22.2941,0.2869956770713869,0.6870019236053861,Producer Manufacturing,0.603030303030303
NSE:ANDHRAPAP,ANDHRAPAP,61.93,3.285523682454968,252483,1.2412864428136476,11931011353.0,44.576405384006335,1.3893,-66.52692446693169,0.8333333333333334,Process Industries,0.33636363636363636
NSE:5PAISA,5PAISA,388.3,1.9695378151260503,191663,3.365106397921202,11919032294.0,29.79337225986143,13.0331,-31.450556733131013,,Finance,0.6484848484848484
NSE:GKSL,GKSL,153.46,1.3874207188160637,3024980,4.207802555523191,11913215021.0,70.43326601799157,2.1788,,,Health Services,0.506993006993007
NSE:GCSL,GCSL,512.3,4.04142973192526,823866,1.1070804201677285,11911765066.0,44.00144295186725,11.6428,,0.14197343068654292,Finance,0.28787878787878785
NSE:INVPRECQ,INVPRECQ,1256.5,4.99707529038188,17094,2.307692307692308,11880999756.0,86.19152147070929,14.578,144.04453000753327,0.08416799932665602,Producer Manufacturing,0.5909090909090908
NSE:SAFEENTP,SAFEENTP,256.1,0.5299313052011865,17500,0.5617977528089888,11872490515.75,17.517099863201096,14.62,,,Producer Manufacturing,0.35757575757575755
NSE:TECHNOCRAF,TECHNOCRAF,304.79,1.61699006467961,2129417,,11869977831.0,,,,,Industrial Services,
NSE:RUPA,RUPA,149.97,0.5835010060362203,87569,0.7048016721624708,11841206353.0,15.859100714859776,9.4564,-3.922783845567681,2.0147750167897915,Consumer Non-Durables,-0.26363636363636367
NSE:FAZE3Q,FAZE3Q,483.7,-0.15481473836309217,13043,0.1908235566069895,11834841320.0,38.58056694370443,12.5374,-33.991102219180256,,Process Industries,-0.3090909090909091
NSE:OAL,OAL,341.95,-2.146229789669481,15287,0.91244426670805,11834279759.0,216.3008412929344,1.5809,-77.69453262786597,0.14218683349921798,Process Industries,-0.17878787878787877
NSE:BOROSCI,BOROSCI,130.46,-1.6806089381264524,36364,0.3150400340995923,11812167764.0,26.88843545827408,4.8519,145.00833207089835,,Process Industries,-0.49090909090909096
NSE:PLATIND,PLATIND,209.69,-2.1055088702147486,83393,1.159103829116519,11756668492.0,22.850511082536013,9.1766,11.99990236043645,,Process Industries,-0.5575757575757576
NSE:BIRLANU,BIRLANU,1588.8,2.3843278773037766,11753,0.14597697009291702,11727605445.0,,-144.3329,-132.3654986106326,0.9645061728395061,Non-Energy Minerals,0.5575757575757576
NSE:BUTTERFLY,BUTTERFLY,656.4,0.07623113279463332,8784,0.2541718148226382,11717364518.0,24.403664267443933,26.8976,31.944764661156217,,Consumer Durables,-0.4212121212121212
NSE:ARROWGREEN,ARROWGREEN,730.25,-4.995771807714822,8357,0.20906141257170302,11653168784.0,17.263307699399775,42.3007,18.49798584770879,0.6473748948015796,Process Industries,-0.024242424242424246
NSE:VHL,VHL,3439.5,-0.9873913293799349,435,0.3144199494036863,11649106216.0,4.364410720804732,788.0789,1.6440569975184802,0.136986301369863,Finance,-0.4
NSE:ORIENTTECH,ORIENTTECH,249.6,-2.0600353148911124,141867,0.8265255828098834,11646154100.0,,-0.063,-100.54039217031789,,Technology Services,-0.5575757575757576
NSE:MODISONLTD,MODISONLTD,373.9,4.998595900028069,439834,4.563933187854941,11612232971.0,11.945496078337406,31.3005,258.3671086075428,1.5369568254855386,Industrial Services,0.603030303030303
NSE:MANALIPETC,MANALIPETC,71.06,5.056179775280902,1998225,2.291759254746005,11611668861.0,6.789863935178108,10.4656,487.8890012358162,0.7406310176270182,Process Industries,0.5575757575757576
NSE:SUNRAKSHAK,SUNRAKSHAK,376.95,-0.3831923890063395,6621,,11576370342.0,26.87164059938123,14.0278,112.9037153958232,,Process Industries,
NSE:HMAAGRO,HMAAGRO,22.02,-4.052287581699345,9306103,2.9815490420782393,11547750753.0,5.136099643132041,4.2873,148.91430562006505,1.3009540329575022,Distribution Services,-0.13333333333333333
NSE:AKCAPIT,AKCAPIT,1762.7,0.8467303621488617,1966,1.0145002322101244,11541419511.0,10.165272908772053,173.4041,34.442314058813636,3.202378910047464,Finance,0.5454545454545454
NSE:ULTRAMAR,ULTRAMAR,401.0,1.7250126839167965,28858,0.11659303342686472,11497500300.0,12.701167810616402,31.5719,17.155993261245484,1.5238095238095237,Process Industries,0.5454545454545454
NSE:GHCLTEXTIL,GHCLTEXTIL,127.94,6.545636242504996,2134572,2.658408463479283,11479853538.0,12.712260167125384,10.0643,66.75448189018125,0.4995836802664446,Process Industries,0.693939393939394
NSE:BIL,BIL,831.25,-2.7664054275353815,11046,0.8103884670408276,11447797576.0,43.364964760260214,19.1687,-9.134562967808604,,Consumer Non-Durables,0.4454545454545455
NSE:GENESYS,GENESYS,182.3,6.701785191688627,1141076,1.2883915984273804,11437190228.0,35.84490149042432,5.0858,-48.30978758003862,,Technology Services,-0.49090909090909096
NSE:TGVSL,TGVSL,105.17,-1.2859020086352586,81178,,11431835934.0,8.128328193713433,12.9387,153.35722258121365,0.936768149882904,Process Industries,
NSE:ICEMAKE,ICEMAKE,728.25,0.802823724825241,99940,2.846774377321514,11400070152.0,95.92081346645242,7.5922,-33.34855015845982,0.31144023807875976,Producer Manufacturing,-0.4
NSE:COMSYN,COMSYN,279.8,-0.6709503354751628,48874,0.03236621865826349,11385738936.0,39.51977401129944,7.08,38.25424721734036,0.141718334809566,Process Industries,0.2181818181818182
NSE:UNIHEALTH,UNIHEALTH,719.6,0.7278835386338249,21000,1.1538461538461537,11358925708.8,43.21921921921923,16.65,69.3604988251569,,Health Services,0.11212121212121212
NSE:BALAJITELE,BALAJITELE,92.79,0.07549611734254463,108093,0.23112791096230917,11314970553.0,,-1.7848,-122.52824234774376,,Consumer Services,0.31212121212121213
NSE:RIIL,RIIL,738.65,-1.1244227294023128,25394,0.7359577101090576,11243459915.0,91.9508035503106,8.0331,-0.2656899869638294,0.47005103411227506,Industrial Services,-0.4666666666666667
NSE:ARIHANTSUP,ARIHANTSUP,251.45,-2.3874223602484603,7697,0.6000202683213932,11214722494.0,37.48229857643288,6.7085,-40.74862437180382,0.09641342074816814,Finance,-0.49090909090909096
NSE:MATRIMONY,MATRIMONY,538.45,-0.8470674891814584,10712,0.050331912462316844,11204979141.0,25.31856867447219,21.267,17.229100289944537,0.9225092250922509,Technology Services,0.2181818181818182
NSE:GREENPOWER,GREENPOWER,9.42,-1.361256544502626,1444923,0.8353655381500578,11202452159.0,17.290748898678416,0.5448,8.26709062003179,,Utilities,-0.5121212121212121
NSE:TEMBO,TEMBO,59.75,-0.9942004971002508,1564988,0.35826985421990865,11192028200.0,1.000249434587035,59.7351,35.647215643173595,,Producer Manufacturing,0.17878787878787877
NSE:YUKEN,YUKEN,881.95,7.299714094531297,23830,1.4828227768547728,11150425768.0,76.25697116423846,11.5655,-35.792167704828834,0.18273740634707925,Producer Manufacturing,0.5121212121212121
NSE:ARIS,ARIS,135.97,-0.20550458715596415,390408,0.2713078067847105,11144411535.0,16.726740395379448,8.1289,,,Technology Services,0.35454545454545455
NSE:IRISDOREME,IRISDOREME,59.0,1.2006861063464886,1095844,0.6797776140813399,11096324362.0,63.89430366038553,0.9234,-30.748462576871155,,Consumer Non-Durables,0.5363636363636364
NSE:ONEGLOBAL,ONEGLOBAL,537.05,-4.997346541659296,17961,,11047659404.0,14.195504382486968,37.8324,101.91602576761116,,Commercial Services,
NSE:LAXMIDENTL,LAXMIDENTL,198.39,-1.1214114832535886,144665,0.8821144160294637,11041894948.0,35.32522569042574,5.6161,,,Health Services,-0.5363636363636364
NSE:DHAMPURSUG,DHAMPURSUG,168.65,-1.2992333352841334,1604066,1.9907906141807956,10999628890.0,15.431562188326364,10.9289,38.760300148550684,0.0,Process Industries,0.26363636363636367
NSE:AWHCL,AWHCL,378.4,-1.943508681005442,97941,0.44332420048333343,10938460840.0,18.37392689274754,20.5944,-31.759622521471748,0.12973533990659056,Transportation,-0.603030303030303
NSE:JINDALPHOT,JINDALPHOT,1065.9,0.7847957639939658,2871,1.600512877689945,10903062102.0,,-60.5192,-126.88720508429019,,Finance,-0.04242424242424242
NSE:GRPLTD,GRPLTD,2001.8,-2.313097794261169,1352,0.6086251913207886,10893063809.0,188.2735788721267,10.6324,-79.80811595083637,0.1713628240593405,Producer Manufacturing,0.3333333333333333
NSE:STEL,STEL,586.1,-0.8961785593506857,6585,2.4919583727530745,10888688526.0,55.15300937252984,10.6268,21.588100686498844,,Finance,0.35454545454545455
NSE:BAJAJHCARE,BAJAJHCARE,322.25,-0.2476396842594061,59116,0.6962523261018067,10876405229.0,60.9467791353028,5.2874,-62.50070921985815,0.4642525533890436,Health Technology,-0.4454545454545455
NSE:MONTECARLO,MONTECARLO,544.05,3.7669273316803356,118030,1.0248675608534108,10858419149.0,10.75782292748035,50.5725,34.04145352381457,3.8186157517899764,Consumer Non-Durables,0.35757575757575755
NSE:ACGL,ACGL,1755.0,-0.6622516556291416,627,,10838356039.0,18.41259316457396,95.3152,12.11970074812968,1.5448570305039044,Producer Manufacturing,
NSE:SUNSHIEL,SUNSHIEL,1262.4,2.8013029315960987,1312,,10817209336.0,29.275147894689248,43.1219,84.9249097287144,0.24391235416073823,Process Industries,
NSE:SRM,SRM,485.45,2.9586426299045576,76444,0.6873792833070169,10813600524.0,9.440126322094114,51.4241,86.76853008687569,,Industrial Services,-0.28787878787878785
NSE:SEKURITIND,SEKURITIND,121.66,3.443584729189692,43443,,10759582751.0,24.949244304083013,4.8763,13.671966059023733,2.1168501270110074,Consumer Durables,
NSE:UTTAMSUGAR,UTTAMSUGAR,290.32,2.5865724381625417,559708,1.7513626295159055,10747322471.0,12.731658115160284,22.803,-10.408530500310388,0.8871540099361249,Process Industries,0.4666666666666667
NSE:TSFINV,TSFINV,416.7,-0.8801141769743075,21032,0.27238407293966804,10743484683.0,19.011857887845096,21.9179,6.0736876237120585,15.682137834036569,Finance,-0.28787878787878785
NSE:HARIOMPIPE,HARIOMPIPE,352.95,1.876172607879925,140776,0.8545401237958976,10725520724.0,15.90882456345951,22.1858,1.2980846060772175,0.21654395842355995,Non-Energy Minerals,-0.26363636363636367
NSE:BCLIND,BCLIND,36.27,-0.2475247524752374,568674,0.7173756399530524,10723284322.0,9.18065153010859,3.9507,13.239509286860812,0.9633911368015413,Consumer Non-Durables,0.2909090909090909
NSE:NAHARSPING,NAHARSPING,303.4,2.258173238961911,83164,0.9646822188479839,10704181728.0,14.47781563451389,20.9562,248.68885191347752,0.33692722371967654,Process Industries,0.3333333333333333
NSE:INDPRUD,INDPRUD,6198.0,-0.08060615831049493,51,0.18613138686131386,10696886849.0,17.057609199109745,363.3569,-3.1566056015383723,1.879993733354222,Finance,-0.4545454545454546
NSE:REMUS,REMUS,893.8,-1.4879312245122893,2800,0.12001714530647235,10691623200.0,25.025408993803847,35.7157,40.192414881340234,,Health Technology,0.2181818181818182
NSE:GANDHITUBE,GANDHITUBE,887.3,1.1456255343402628,5791,0.268494649579941,10667633278.0,14.435857805255022,61.465,13.231287316216777,1.7087201685937234,Non-Energy Minerals,0.13333333333333333
NSE:JPOLYINVST,JPOLYINVST,1004.6,-0.1986886548778065,4365,0.14525596997044965,10633866673.0,1.305927488655681,769.2617,167.1961417359757,,Finance,-0.5121212121212121
NSE:SALASAR,SALASAR,6.07,0.0,5174151,1.0975017651996801,10627537054.0,85.13323983169705,0.0713,-50.48611111111111,,Producer Manufacturing,0.11212121212121212
NSE:KRISHIVAL,KRISHIVAL,355.75,-12.870438403134951,170799,8.772644392511362,10485819452.0,38.11334904649668,9.334,128.05903049257228,0.0855431993156544,Process Industries,-0.6484848484848484
NSE:MADRASFERT,MADRASFERT,64.36,-1.0302937105951127,23590,0.5848518656253874,10450641975.0,12.884368994234466,4.9952,25.249485983651766,,Process Industries,-0.5575757575757576
NSE:SACHEEROME,SACHEEROME,488.65,4.7593525565441075,51300,2.7986906710310966,10435792560.0,38.42554730749874,12.7168,78.50144577636786,,Consumer Non-Durables,0.6484848484848484
NSE:SHREDIGCEM,SHREDIGCEM,70.3,-0.2412374059883663,87311,1.5619728111431734,10402811311.0,57.59462559397018,1.2206,-34.849212703496136,1.4218683349921797,Non-Energy Minerals,-0.4666666666666667
NSE:UNITECH,UNITECH,4.01,1.518987341772142,7059349,2.0252433428042753,10353952805.0,,-9.3094,-15.46685850367136,,Industrial Services,-0.3090909090909091
NSE:DAMCAPITAL,DAMCAPITAL,147.05,0.4508504679281543,255482,1.0124153454144855,10351964046.0,14.315336539397599,10.2722,,0.6828269033799932,Finance,-0.3090909090909091
NSE:ESTER,ESTER,97.55,-1.4248181083265932,105357,0.19249739410377725,10330423665.0,,-0.2387,-109.80247217773397,0.2523977788995457,Process Industries,0.31212121212121213
NSE:GAYAPROJ,GAYAPROJ,21.75,-2.027027027027024,704041,1.40020222197561,10302795307.0,0.19787351924649763,109.9187,1411.1592290137207,,Industrial Services,0.35454545454545455
NSE:TNPETRO,TNPETRO,112.45,-1.4978976874561964,834766,0.9270607368345184,10263045107.0,7.108450490543137,15.8192,81.19466239047021,1.3149820285789429,Process Industries,0.3090909090909091
NSE:JYOTIRES,JYOTIRES,859.85,0.5084745762711891,3299,,10256400146.0,15.952690166975882,53.9,-10.798510550268926,1.053001053001053,Process Industries,
NSE:AFSL,AFSL,205.55,2.1620278330019995,6844,0.19878128830257508,10231500897.0,8.110080883803512,25.345,16.711718142006536,,Finance,0.3787878787878788
NSE:AMNPLST,AMNPLST,185.83,0.150902721638373,3663,0.4132492469454755,10219965085.0,27.988974907371148,6.6394,-10.905650756162686,0.2691790040376851,Process Industries,-0.3787878787878788
NSE:FINKURVE,FINKURVE,78.19,7.212395447689553,466773,1.8950269715936563,10185664650.0,37.9066272361468,2.0627,46.69653651945097,,Finance,0.4242424242424242
NSE:ARIHANT,ARIHANT,1021.5,-0.9790616518030157,3544,1.1557149845100276,10178888449.0,14.890453491931604,68.601,35.910846953937586,,Finance,0.04242424242424242
NSE:NELCAST,NELCAST,118.35,1.205746536685477,81362,0.8660202896668735,10131290108.0,25.074152542372882,4.72,-1.8568190796997608,0.6011163589523401,Non-Energy Minerals,-0.4454545454545455
NSE:SURAJEST,SURAJEST,208.19,-1.5044708331362098,108902,0.6900244196994869,10104071543.0,10.625570986000318,19.5933,1.1517692125016714,,Industrial Services,-0.06666666666666667
NSE:SALZERELEC,SALZERELEC,568.1,-0.38576187971242015,31402,0.33250670794852194,10094189096.0,22.984645884328284,24.7165,-37.14157102202646,0.43794341771043177,Producer Manufacturing,-0.49090909090909096
NSE:SIGACHI,SIGACHI,29.61,12.371916508538892,10330178,9.99526563484663,10076425727.0,44.741613780598364,0.6618,,0.379218809252939,Health Technology,0.5575757575757576
NSE:CREST,CREST,352.05,-0.9147199549676329,3891,1.2811563662704555,10042770821.0,29.0470297029703,12.12,-46.678398592168946,0.28328611898017,Finance,-0.4212121212121212
NSE:NEUEON,NEUEON,16.8,-4.273504273504273,57146,1.2209848899220568,10031002963.0,,-52.3992,-158.95201901646152,,Industrial Services,0.1818181818181818
NSE:MAMATA,MAMATA,411.15,1.368343195266261,68286,0.641414971609455,9991997473.0,113.18027913122471,3.6327,-79.29873149382843,0.12313754463735993,Producer Manufacturing,0.15454545454545454
NSE:JARO,JARO,445.5,-0.8016032064128307,136149,1.335628230571445,9979360842.0,17.340163009209164,25.6918,,1.115822361080116,Technology Services,-0.37575757575757573
NSE:HITECHGEAR,HITECHGEAR,534.55,-1.7912915671504686,4798,1.6288701792503815,9976823816.0,50.99792020454502,10.4818,-38.636895841139015,0.754290024514426,Producer Manufacturing,-0.603030303030303
NSE:3BBLACKBIO,3BBLACKBIO,1148.4,0.0,7528,0.7895868514070546,9864063293.0,17.66622465210583,65.0054,13.774297545829729,0.4350474201687984,Process Industries,-0.36363636363636365
NSE:SUMEETINDS,SUMEETINDS,13.42,-4.687500000000001,4474052,0.373396039993239,9809868197.0,,,,,Process Industries,-0.4454545454545455
NSE:TNPL,TNPL,138.07,-1.9946053378762083,248504,1.0144747085524353,9758694855.0,3.662538231572581,37.6979,,2.8368794326241136,Process Industries,-0.5363636363636364
NSE:SWARAJ,SWARAJ,376.15,1.854860546980765,388900,1.735021331973512,9750980139.0,,,,,Process Industries,0.5575757575757576
NSE:IFBAGRO,IFBAGRO,1027.45,-1.0306795742426476,5571,1.1499164034924763,9709947248.0,16.13452847195832,63.6802,91.30824022807906,,Consumer Non-Durables,0.2424242424242424
NSE:TEJASCARGO,TEJASCARGO,400.25,-1.416256157635468,40400,2.6933333333333334,9700493040.0,37.95745730082411,10.5447,,,Transportation,0.4
NSE:MASTERTR,MASTERTR,77.42,-1.3506625891947022,174379,0.8258329296020512,9678898826.0,7.089873440905511,10.9198,3.016981132075479,,Finance,-0.5575757575757576
NSE:PVP,PVP,40.2,8.619292083220763,3327170,0.9196172840741424,9647956387.0,209.59332638164756,0.1918,,,Technology Services,0.6484848484848484
NSE:KOPRAN,KOPRAN,201.51,0.9013068949977382,220320,1.351614151949847,9640221020.0,38.94665635871666,5.174,-28.423207813407846,1.5026296018031555,Health Technology,0.5121212121212121
NSE:PRIMESECU,PRIMESECU,282.2,-0.38828097423227065,10289,0.13810627028507153,9626054064.0,194.68782338737495,1.4495,-86.47892316446367,0.5291938613512084,Finance,-0.35757575757575755
NSE:ASTAR,ASTAR,590.6,0.9486368686437174,268,1.7157490396927018,9612083219.0,28.53526080822527,20.6972,-24.80963729365264,0.2497918401332223,Commercial Services,-0.36363636363636365
NSE:SWELECTES,SWELECTES,623.85,-0.9290138161029096,38843,0.9252805522669291,9606106442.0,22.679599085327062,27.5071,55.28364410272045,0.5523118194729367,Producer Manufacturing,-0.4242424242424242
NSE:THEMISMED,THEMISMED,106.82,2.6227303295225184,83550,0.552110509329379,9601437567.0,24.673164872730634,4.3294,,0.4796163069544364,Health Technology,-0.24545454545454548
NSE:UNIECOM,UNIECOM,87.9,3.472630959387878,504725,0.740962307777003,9543239189.0,,,,,Technology Services,0.22424242424242424
NSE:SUYOG,SUYOG,801.2,-1.5543404804325094,25281,1.0186599188488954,9534806539.0,16.228478833299576,49.37,32.74788388526193,0.1228878648233487,Industrial Services,-0.15454545454545454
NSE:SEPC,SEPC,5.77,-1.3675213675213687,6797636,0.3568930126560682,9513607924.0,43.38345864661654,0.133,-31.72484599589322,,Industrial Services,-0.5363636363636364
NSE:KAMDHENU,KAMDHENU,33.37,-1.418020679468254,218408,0.36416336864121346,9499457167.0,11.201745552198723,2.979,24.837614717344856,1.1869436201780417,Non-Energy Minerals,-0.1575757575757576
NSE:SUDARCOLOR,SUDARCOLOR,400.3,-2.1510633097042313,8215,0.22928290132881052,9425452580.0,19.333867836133035,20.7046,-24.57395574531333,,Process Industries,0.13333333333333333
NSE:INDOTHAI,INDOTHAI,69.57,-4.997951659156098,20955,0.1600978541310289,9408421130.0,12.907235621521336,5.39,423.2501698864188,0.27341079972658916,Finance,-0.49090909090909096
NSE:AMAL,AMAL,740.45,-1.4376039933444198,2234,,9383878680.0,30.814079302193964,24.0296,-22.331829288789486,0.1976154403530729,Process Industries,
NSE:WEALTH,WEALTH,862.45,-1.6310236669518055,2871,1.6001560584104335,9341771016.0,25.384468219746587,33.9755,1.7727214179374944,1.4827487881380097,Finance,-0.5575757575757576
NSE:ZUARI,ZUARI,225.7,1.3425530959543712,77029,0.8277481369246227,9338980424.0,1.0105410580996186,223.3457,268.96458301326055,,Process Industries,-0.26666666666666666
NSE:SHRIAHIMSA,SHRIAHIMSA,401.0,0.2750687671918036,9000,0.528169014084507,9329706990.0,32.17549687472418,12.4629,,,Health Technology,0.4212121212121212
NSE:AMBIKCO,AMBIKCO,1610.7,-0.3218020917135989,5742,0.12302273413848734,9307132065.0,11.33668265312299,142.0786,35.27352980940791,2.27594267084948,Process Industries,-0.13333333333333333
NSE:DVL,DVL,265.81,-0.041365824308067706,10502,0.14149596072281237,9304325572.0,4.798897992049078,55.3898,33.38486693974662,3.1996988518727654,Consumer Non-Durables,0.31212121212121213
NSE:RSWM,RSWM,200.25,2.945712523133863,28026,0.3404072352023764,9297872247.0,14.913757149666349,13.4272,,,Process Industries,-0.04242424242424242
NSE:HEALTHX,HEALTHX,288.5,-1.0291595197255576,3922,0.5889684792239192,9295028252.0,,-6.3468,79.55830109861088,,Retail Trade,-0.4454545454545455
NSE:REGAAL,REGAAL,99.53,10.026531063453469,2972532,15.727524432294068,9280776638.0,17.169521640877022,5.7969,,0.27743868605038285,Process Industries,0.5575757575757576
NSE:SADHNANIQ,SADHNANIQ,3.03,-1.9417475728155358,1273284,0.35723257622717336,9279494375.0,,-1.1958,-3082.044887780549,0.0,Process Industries,0.26666666666666666
NSE:BSHSL,BSHSL,87.95,-0.789622109419067,3585,0.36988887857120745,9237628520.0,32.17133660106811,2.7338,4.120962827544183,,Process Industries,-0.3333333333333333
NSE:TAC,TAC,429.25,-2.3433056535092733,51600,1.3893376413570275,9212616360.0,40.14421053616018,10.6927,252.94098230789547,,Technology Services,-0.4666666666666667
NSE:ECORECO,ECORECO,467.75,-2.348643006263048,5959,,9192006559.0,37.92577817777886,12.3333,4.291464425239733,0.2099296735593576,Industrial Services,
NSE:DHARMAJ,DHARMAJ,270.0,0.2785515320334262,29791,0.2198334959215208,9145549162.0,15.169732450866922,17.7986,14.930519681785311,,Process Industries,0.403030303030303
NSE:FLYSBS,FLYSBS,520.95,-1.1480075901328186,157400,0.8875606180218789,9119076777.0,13.955525552314134,37.3293,,,Transportation,0.5575757575757576
NSE:CONTROLPR,CONTROLPR,575.3,0.98297349482182,14060,0.7541664208205717,9118299957.0,23.619881264215856,24.3566,-59.82277324245459,1.7540782318891421,Electronic Technology,-0.35454545454545455
NSE:KECL,KECL,135.36,-1.5563636363636264,163172,0.2853166622923427,9108689313.0,120.51282051282053,1.1232,234.4848123883264,,Producer Manufacturing,-0.024242424242424246
NSE:BPLPHARMA,BPLPHARMA,1264.8,-3.228768171384854,290,,9067066361.0,,-27.2466,-194.35417656972476,0.07601094557616297,Health Technology,
NSE:INDOAMIN,INDOAMIN,121.11,-2.164956781646342,73191,0.9188004413797258,9051668830.0,10.913957176843775,11.0968,21.181147075525274,0.40096230954290296,Process Industries,-0.49090909090909096
NSE:MCCHRLS_B,MCCHRLS_B,660.0,-2.5254762959681027,240,1.1816838995568686,9009181291.0,,-87.5983,-10.543617622710835,,Finance,-0.6363636363636364
NSE:RAJOOENG,RAJOOENG,50.87,1.3952561291608445,175232,1.592498448233713,8992727822.0,18.53930536827144,2.7439,-5.57811424638679,0.2980329823167097,Producer Manufacturing,-0.4
NSE:PRIZOR,PRIZOR,839.5,-0.07736713682080311,11200,0.5882352941176471,8982214200.45,43.513191312911424,19.293,87.28340532932096,,Distribution Services,-0.02121212121212121
NSE:MAFATIND,MAFATIND,122.53,-1.3525481040173841,18806,0.26759022241320674,8953796758.0,15.080058582452342,8.1253,-48.22011215906195,1.2091898428053205,Process Industries,-0.3181818181818182
NSE:WCIL,WCIL,86.27,-1.9547675872258201,31346,0.5238398433126277,8942491185.0,23.9505830094392,3.602,-35.587704082545024,,Transportation,-0.4666666666666667
NSE:SICALLOG,SICALLOG,111.65,1.5461573442473877,20009,0.35235115017319096,8923937178.0,12.848396971161593,8.6898,,,Transportation,0.49090909090909096
NSE:LGHL,LGHL,180.84,1.812858912284652,4502,0.2242054203727121,8897447612.0,485.21599141400594,0.3727,-82.2861216730038,,Consumer Durables,-0.3090909090909091
NSE:MMP,MMP,377.05,7.728571428571432,191009,1.3641054353826563,8890914440.0,40.11042200780827,9.4003,-37.19819350356089,0.5714285714285714,Non-Energy Minerals,0.603030303030303
NSE:HIMATSEIDE,HIMATSEIDE,71.17,0.9503546099290805,688275,1.1239752314741478,8876147556.0,16.34025944208472,4.3555,-23.271382013564693,0.3541578127213486,Process Industries,-0.3090909090909091
NSE:BHAGERIA,BHAGERIA,203.26,0.583927157561351,9489,0.401455376218996,8859768600.0,12.863417165567608,15.8014,50.82133073714551,1.2315270935960592,Process Industries,-0.08787878787878788
NSE:GEMAROMA,GEMAROMA,170.1,0.2593422138394422,58590,0.5388448358633933,8846359443.0,,-2.7634,,,Process Industries,-0.35454545454545455
NSE:GAUDIUMIVF,GAUDIUMIVF,118.36,-1.9955286909000551,13552,0.12994958125013184,8796294397.0,,,,,Health Services,-0.3531468531468532
NSE:CONSOFINVT,CONSOFINVT,272.0,0.018385732671451136,1158,0.1300130237571294,8791164480.0,16.150964010664385,16.8411,-44.43073268110801,4.218077474892396,Finance,-0.045454545454545456
NSE:BAHETI,BAHETI,780.0,-1.1406844106463878,25125,0.8850726552179656,8782979943.0,29.910154497451884,26.0781,50.13558092540457,,Producer Manufacturing,0.35454545454545455
NSE:MICEL,MICEL,36.26,-0.32985156679495475,102627,0.6066196354737747,8768001034.0,,-0.5037,-227.32558139534885,,Health Technology,-0.35454545454545455
NSE:BODALCHEM,BODALCHEM,68.8,-0.8788359026076926,317748,1.5636973863574848,8755630717.0,12.60719783038921,5.4572,135.24441762220886,,Process Industries,0.2
NSE:PREMIERPOL,PREMIERPOL,86.37,3.32575666945807,2452672,5.104077377589292,8754376454.0,25.87787631831256,3.3376,33.84128002566468,0.17946877243359655,Non-Energy Minerals,0.603030303030303
NSE:WANBURY,WANBURY,254.25,1.4160351017152022,198618,0.2664298973251306,8754066706.0,15.573890991951194,16.3254,29.36133122028526,,Health Technology,-0.5121212121212121
NSE:SUPREMEINF,SUPREMEINF,87.06,-3.970880211780272,51846,0.24297144431775525,8706218033.0,0.08859306759754855,982.6954,,,Industrial Services,0.1090909090909091
NSE:NRAIL,NRAIL,503.95,-1.166895469699939,12038,0.3571778263720548,8701865719.0,13.805525497555028,36.5035,101.72694868890055,0.3911597887737141,Process Industries,0.1090909090909091
NSE:VILAS,VILAS,356.05,0.32403493941956446,10000,0.5221932114882507,8687952000.0,22.03334240946558,16.1596,15.76805696846389,,Electronic Technology,-0.4666666666666667
NSE:VALIANTORG,VALIANTORG,309.4,0.35679532922477,88150,1.6835016835016836,8676711436.0,16.033331087768754,19.2973,946.3778332068105,,Process Industries,0.3333333333333333
NSE:SVLL,SVLL,771.0,1.9773824482507831,1832,1.0752435731893415,8668869300.0,123.81961842358837,6.2268,116.31348572222609,,Transportation,0.5575757575757576
NSE:KRYSTAL,KRYSTAL,620.0,-0.06447453255963528,5861,0.14119965501125067,8662610512.0,14.116029206519784,43.9217,37.81086253961282,0.24193548387096775,Commercial Services,0.4454545454545455
NSE:FAIRCHEMOR,FAIRCHEMOR,673.7,-1.9930171661332459,22221,2.2912262973923267,8655904313.0,59.52202146927597,11.3185,58.542393298875204,0.14551804423748543,Process Industries,-0.3787878787878788
NSE:VADILENT,VADILENT,10002.0,,11,,8650403745.0,63.05854761071655,158.6145,,0.014958863126402395,Consumer Non-Durables,
NSE:PRADPME,PRADPME,524.0,4.988980164295728,15087,2.635974491133048,8618593518.0,27.318985652318982,19.1808,28.636961128846217,0.5009518084360285,Producer Manufacturing,0.5
NSE:NDTV,NDTV,75.7,-0.8383547288446431,41217,0.5114920348117878,8615295863.0,,-37.5329,-27.13277285875904,,Consumer Services,-0.4212121212121212
NSE:HEXATRADEX,HEXATRADEX,158.68,0.8708918695569288,2060,0.8371941802812323,8557403907.0,,-1.2465,70.36235674544676,,Distribution Services,-0.17878787878787877
NSE:SGIL,SGIL,551.2,0.2819976348585588,14203,0.708156539341753,8548650121.999999,,-5.6845,-148.8409458019727,0.0,Non-Energy Minerals,-0.35757575757575755
NSE:BORANA,BORANA,315.2,-1.8374338212394998,28381,0.5895758028999959,8534487403.999999,12.195593800057262,25.8454,,,Process Industries,-0.4242424242424242
NSE:SSEGL,SSEGL,350.1,-0.9057458250778343,92800,1.5857826384142173,8527952926.9,13.431083693950834,26.0664,,,Industrial Services,0.4242424242424242
NSE:SOLEX,SOLEX,809.05,2.5411913814955582,77682,1.817518196941089,8523164042.0,10.948732244933309,73.8944,745.9673264719689,0.0,Producer Manufacturing,-0.4212121212121212
NSE:VINSYS,VINSYS,579.0,-0.1724137931034483,2250,0.38626609442060084,8513197660.0,28.103931152649487,20.6021,0.6891125110575766,,Commercial Services,0.28484848484848485
NSE:SRHHYPOLTD,SRHHYPOLTD,487.15,-1.794173974397749,8821,0.7328420580391635,8500018934.0,9.059817297249044,53.7704,1.1295886010479632,0.6058158319870759,Process Industries,-0.603030303030303
NSE:KOKUYOCMLN,KOKUYOCMLN,84.77,0.04720878083322559,18755,0.2520118622272447,8427525148.999999,38.594973593152424,2.1964,,0.35705784337062607,Consumer Durables,-0.17878787878787877
NSE:ROHLTD,ROHLTD,304.55,-1.0237244068898204,46156,1.4461168272906144,8425026897.0,30.183050713075193,10.0901,-43.95976695491833,0.8138020833333334,Consumer Services,-0.5575757575757576
NSE:EXCELSOFT,EXCELSOFT,72.59,-0.6569043383057204,444785,0.7708789946067848,8411501380.0,,,,,Technology Services,-0.33916083916083917
NSE:RITCO,RITCO,313.0,7.0085470085470085,381341,2.208164756661855,8409365645.0,27.963656181040108,11.1931,-27.308564043615775,,Transportation,0.4666666666666667
NSE:GANESHBE,GANESHBE,115.46,-2.2602217895538828,169253,1.2247856029999298,8397566613.000001,11.424896101325945,10.106,83.45859201975092,,Process Industries,0.04242424242424242
NSE:PRECOT,PRECOT,741.15,6.11353711790392,4837,0.2993526506665346,8381400146.0,17.386541177353745,42.6278,47.05782917228697,0.5726966855179325,Process Industries,0.003030303030303022
NSE:TVSELECT,TVSELECT,450.45,0.02220495170422247,31392,0.3664849340976219,8377723139.0,,-0.9705,70.27929197035586,,Electronic Technology,-0.4
NSE:ORICONENT,ORICONENT,56.03,4.964406144623452,832749,13.123002590722566,8365931809.0,30.472616522543102,1.8387,-79.96294883670244,0.3754458419373006,Producer Manufacturing,0.22424242424242424
NSE:PDMJEPAPER,PDMJEPAPER,88.94,1.275335914370308,82170,0.39565735119994877,8356549434.0,9.272890297558229,9.5914,-12.79276985743381,0.6817407112828088,Process Industries,-0.06666666666666667
NSE:OMINFRAL,OMINFRAL,86.75,-0.13813744675953096,94141,1.0663318415720016,8356280618.999999,25.304086573520404,3.4283,47.12471032529397,0.5762360262763628,Industrial Services,-0.4454545454545455
NSE:BIRLACABLE,BIRLACABLE,293.09,4.997492297771724,162560,0.6617248973178486,8355000000.0,19.016999740461976,15.412,656.7886079057206,0.4488330341113106,Producer Manufacturing,0.5363636363636364
NSE:SAHANA,SAHANA,814.05,3.5884710822675996,22800,1.1070648215586316,8333565971.25,12.030911928492888,67.6632,71.33567644764965,,Technology Services,0.5121212121212121
NSE:DWARKESH,DWARKESH,44.64,-0.6675567423230911,3757033,2.6726004942666926,8327447713.0,57.084398976982094,0.782,-38.80106432931601,0.2225189141076992,Process Industries,0.4
NSE:VHLTD,VHLTD,129.74,4.942166140904322,288547,8.8705358652513,8312210724.000001,38.44831673779042,3.3744,-68.78330373001776,,Consumer Services,-0.06666666666666667
NSE:XTRANET,XTRANET,168.97,6.471329552615004,862576,1.2061434203996604,8300354547.999999,,,,,Technology Services,0.3333333333333333
NSE:RAMBHAJO,RAMBHAJO,179.25,-0.950433773553627,94852,0.28251766331097766,8273286528.000001,,,,,Consumer Durables,-0.46590909090909094
NSE:MUKKA,MUKKA,27.04,-1.7798764983654267,567960,0.5875404311629806,8264999771.000001,11.720341554332277,2.3071,59.31910779642292,,Consumer Non-Durables,0.3090909090909091
NSE:PVSL,PVSL,118.25,2.027610008628123,32959,0.335560630294836,8237631106.999999,,-0.3296,90.48910691097966,,Retail Trade,0.5363636363636364
NSE:CIFL,CIFL,20.93,-0.047755491881573846,15869,0.12268340275780601,8231734920.000001,21.530706717415903,0.9721,2342.462311557789,0.0,Finance,-0.4
NSE:SANDESH,SANDESH,1060.5,-1.9734713684891536,1690,0.11277417804974074,8218877490.000001,7.4820621000571474,141.739,26.70766920250664,0.46048996131884323,Consumer Services,0.24545454545454548
NSE:VELJAN,VELJAN,1773.7,-0.6441855254313242,268,0.36672140120415986,8207550110.0,30.48621185141388,58.1804,0.8297863490787079,0.46603432205713036,Producer Manufacturing,0.4090909090909091
NSE:SYSTMTXC,SYSTMTXC,58.1,-1.940928270042192,8991,0.5031365592420775,8192280579.0,,-0.1064,-102.61155564282558,0.16666666666666669,Finance,-0.5121212121212121
NSE:MODIS,MODIS,408.8,-1.636188642925893,27304,0.32487126036342173,8174428148.0,25.86899707012093,15.8027,244.28540305010893,,Finance,0.3706293706293706
NSE:BEEKAY,BEEKAY,424.05,-1.6467586686767868,1239,0.10836955856241964,8165698948.0,18.789463189844252,22.5685,-51.78206694982609,0.23356300362022656,Non-Energy Minerals,0.3181818181818182
NSE:LIKHITHA,LIKHITHA,208.57,0.9193400106449925,48039,0.8471022645116011,8164177537.0,20.995148074329084,9.9342,-43.47024480180272,,Industrial Services,-0.3090909090909091
NSE:TIRUPATIFL,TIRUPATIFL,64.08,-0.24906600249065472,379864,1.6172842291967267,8134710753.0,132.7532628962088,0.4827,-21.08876900441393,,Producer Manufacturing,0.0
NSE:FEDDERSHOL,FEDDERSHOL,41.0,2.2443890274314175,122698,0.38414720435211125,8100950553.0,9.638894113221742,4.2536,-65.55315306560416,,Finance,-0.36363636363636365
NSE:QUICKHEAL,QUICKHEAL,143.89,-3.6945318251790447,91874,2.410018440940462,8071745591.0,,-1.9533,-129.42212825933757,,Technology Services,-0.603030303030303
NSE:SARLAPOLY,SARLAPOLY,101.22,-0.3838204901092418,65712,0.8130590306691232,8065578940.0,221.10091743119267,0.4578,-94.38819289514329,1.9714144898965007,Process Industries,0.26666666666666666
NSE:STERTOOLS,STERTOOLS,217.5,-1.9828751689950452,18598,0.48424599217311837,8053924846.0,30.29374486399153,7.1797,-46.53983618763961,1.2409747292418774,Producer Manufacturing,-0.5121212121212121
NSE:ARIHANTCAP,ARIHANTCAP,73.77,0.40832993058390793,103718,0.9255825160409434,8029137644.0,20.043472354299688,3.6805,-23.48232848232848,0.6825938566552902,Finance,-0.2212121212121212
NSE:FRESHARA,FRESHARA,352.95,3.307478413581154,19200,0.528052805280528,8028501680.0,22.114661654135336,15.96,10.350549678489953,,Consumer Non-Durables,0.2424242424242424
NSE:ASAL,ASAL,499.55,-1.2649471291629564,15737,0.6754019278804474,8017866172.0,26.572091192459492,18.7998,94.62296575427557,,Producer Manufacturing,-0.46969696969696967
NSE:RADHIKAJWE,RADHIKAJWE,66.39,-2.2238586156112,588441,0.2773190283633205,8016920288.0,9.859510514435073,6.7336,26.828900776011462,,Consumer Durables,-0.2
NSE:PROSTARM,PROSTARM,132.22,-2.7508090614886798,217948,0.5756311531956207,8012832826.0,21.901969553910117,6.0369,,,Producer Manufacturing,-0.3333333333333333
NSE:NRL,NRL,115.0,-0.8620689655172413,63961,1.0078105673494109,8012002840.0,46.32986866489404,2.4822,26.083202113069554,,Non-Energy Minerals,0.2424242424242424
NSE:MAGADSUGAR,MAGADSUGAR,565.5,-0.9024796284938189,64676,0.7255862376901849,8008273147.0,15.604649109251861,36.2392,-48.019937605335826,2.199542495161007,Process Industries,0.4
NSE:EFFWA,EFFWA,346.0,0.07230657989877079,11600,0.8787878787878788,8003132990.25,27.988319325691823,12.3623,42.27529059730693,,Industrial Services,-0.15454545454545454
NSE:SAHASRA,SAHASRA,313.25,-2.0940771995624283,21600,0.782608695652174,7996434841.8,55.17879161528977,5.677,2409.7259062776297,,Electronic Technology,-0.2909090909090909
NSE:DBOL,DBOL,121.99,0.7515692104393761,1117776,4.605040687384439,7993730693.0,9.631828697306814,12.6653,,1.2457437089942696,Process Industries,0.4454545454545455
NSE:VISAKAIND,VISAKAIND,95.5,3.804347826086957,592816,0.2593160426517884,7953557928.0,9.606196248051099,9.9415,119.29940661328394,0.0,Process Industries,0.5363636363636364
NSE:LOTUSCHO,LOTUSCHO,616.8,-0.8439836026042924,2315,,7944757293.0,,-2.2272,-121.41435507908274,,Consumer Non-Durables,
NSE:PARIN,PARIN,725.0,1.6830294530154277,250,0.05154639175257732,7927134022.0,128.67842817081396,5.6342,-0.41360294117647994,,Consumer Durables,0.4666666666666667
NSE:MAXIND,MAXIND,151.13,0.5321625756668548,126167,1.1758626024488945,7924237272.0,,-25.2727,16.45526520222806,,Health Services,-0.3090909090909091
NSE:SUBEXLTD,SUBEXLTD,16.49,16.867469879518065,44567365,26.245624930730894,7913001207.0,30.554011487863626,0.5397,,,Technology Services,0.603030303030303
NSE:VLSFINANCE,VLSFINANCE,252.75,-1.5003897116134148,17367,0.8972689791996031,7910116064.0,16.10467561264671,15.6942,134.30473858648594,0.5836575875486382,Finance,-0.33636363636363636
NSE:UNITEDPOLY,UNITEDPOLY,34.53,2.099349497338855,146376,2.1608885897004373,7888447591.0,28.9559748427673,1.1925,37.893154486586475,,Process Industries,0.5363636363636364
NSE:KOTHARIPET,KOTHARIPET,134.99,0.8065118363079774,73090,0.510719591256626,7880121291.0,11.042307440612525,12.2248,12.346870318803825,1.4935404376073482,Process Industries,-0.02121212121212121
NSE:JITFINFRA,JITFINFRA,305.05,-0.37557152188111603,23551,0.7479143444197797,7855052354.0,,-16.5303,-234.38722003170605,,Transportation,-0.35454545454545455
NSE:SALSTEEL,SALSTEEL,72.02,0.20871017114232845,1744512,2.438064912315518,7836120150.0,57.050063371356146,1.2624,,,Non-Energy Minerals,0.49090909090909096
NSE:OCCLLTD,OCCLLTD,164.81,4.994584952538704,78853,0.5030542557026064,7824739621.0,11.002957533030237,14.9787,116.25519750519749,1.787424194063198,Process Industries,0.5121212121212121
NSE:STANLEY,STANLEY,135.0,-1.207464324917677,92645,0.6330151802021248,7814790976.0,164.73459426479562,0.8195,-85.85679029390954,,Consumer Durables,-0.4454545454545455
NSE:HEXAGON,HEXAGON,66.41,4.996047430830034,468436,1.6232831045987637,7773341235.0,,,,0.47438330170777987,Health Technology,0.32954545454545453
NSE:SEJALLTD,SEJALLTD,679.25,-0.432424508941666,5304,0.6419753086419753,7766249740.0,23.892015476609217,28.43,105.80421453442497,,Process Industries,-0.35454545454545455
NSE:NCLIND,NCLIND,171.78,-0.13951866062086332,85021,1.40923767470231,7761947366.0,8.187993040825567,20.9795,190.18894544649777,2.0396270396270397,Non-Energy Minerals,-0.35454545454545455
NSE:SCODATUBES,SCODATUBES,128.91,-0.5937692782233268,165842,0.7660035962566784,7761197841.0,20.985202428820262,6.1429,,,Non-Energy Minerals,-0.49090909090909096
NSE:GEECEE,GEECEE,365.05,-1.0168112798264641,174,0.03935405075315511,7737339325.0,16.49116149637922,22.1361,17.809757473509418,0.5405405405405406,Finance,0.26666666666666666
NSE:AHCL,AHCL,14.63,0.8270158511371537,1945226,0.9196370763098992,7717598256.0,23.20012686330479,0.6306,,,Health Technology,0.0
NSE:TANAA,TANAA,313.85,4.286426316663909,8980,,7711361920.0,42.11281968708907,7.4526,4.711056158936677,0.8267195767195769,Electronic Technology,
NSE:ISTLTD,ISTLTD,652.2,-2.2042285200179834,51,,7709978092.0,4.95615301609496,131.594,9.694757918638778,,Producer Manufacturing,
NSE:RAJPALAYAM,RAJPALAYAM,843.4,1.8845131674317495,447,0.23708496870690568,7698406552.0,6.2822061761371515,134.2522,285.8575813664739,0.05988382537876519,Process Industries,0.5575757575757576
NSE:DENTA,DENTA,286.0,-0.365789932067588,245936,0.9665164246406355,7672245382.0,14.269890530979632,20.0422,-14.519073290569127,0.8700191404210892,Industrial Services,-0.49090909090909096
NSE:DECCANCE,DECCANCE,545.55,0.28492647058822695,2786,0.08602748185888529,7670506491.0,130.82733812949638,4.17,-70.88334485431199,0.09130752373995617,Non-Energy Minerals,-0.49090909090909096
NSE:ZUARIIND,ZUARIIND,260.45,1.5597582374731918,100721,3.801423632603149,7668654685.0,7.147777451499675,36.4379,,0.3883495145631068,Process Industries,0.15454545454545454
NSE:PATELRMART,PATELRMART,228.5,-0.2618943692710582,203794,2.58174608704465,7667091294.0,18.32574104965995,12.4688,,,Retail Trade,0.6484848484848484
NSE:RMDRIP,RMDRIP,17.27,-3.357582540570797,147248,0.1775356106910083,7652445024.0,21.078969852312948,0.8193,466.59751037344404,0.16321544487968662,Producer Manufacturing,-0.5575757575757576
NSE:PCCL,PCCL,319.45,3.5662181877127574,25200,1.4383561643835616,7618715000.0,30.779977838801365,10.3785,170.90837901331247,,Process Industries,0.6484848484848484
NSE:ANUHPHR,ANUHPHR,75.8,0.10565240359217948,39872,0.6255353730589295,7601990173.0,13.602268241036498,5.5726,21.03559870550163,1.977587343441002,Health Technology,-0.3090909090909091
NSE:ADVANCE,ADVANCE,117.96,0.7688364941055795,194113,0.23352771418988272,7569643627.0,15.740172399989325,7.4942,,,Process Industries,0.22424242424242424
NSE:UPHOT,UPHOT,1448.0,,2,,7560000134.0,24.682224877569006,58.6657,-6.022407617436541,,Consumer Services,
NSE:GICHSGFIN,GICHSGFIN,138.16,-0.8824162421981419,77529,0.5117881791446838,7531071458.0,4.724452529784294,29.2436,22.2195752932867,3.217733285663211,Finance,-0.4454545454545455
NSE:ELDEHSG,ELDEHSG,817.5,6.813876004442408,11501,0.706792608206685,7514378860.0,22.17087438674141,36.8727,117.7718848557153,1.1777021722062286,Finance,0.4242424242424242
NSE:SHALPAINTS,SHALPAINTS,86.88,-4.997266265718981,360052,0.23317611761362653,7511404610.0,,-8.2924,0.5349646155691387,,Process Industries,0.4454545454545455
NSE:AGARIND,AGARIND,501.1,0.300240192153723,19464,0.44263122705999536,7510306160.0,10.908869252488838,45.9351,-23.414312080788687,0.6572395937064329,Process Industries,-0.4242424242424242
NSE:HARDWYN,HARDWYN,9.42,-13.972602739726023,9633380,4.16112818149285,7508073961.0,52.1306032097399,0.1807,-8.645096056622853,,Distribution Services,-0.5575757575757576
NSE:MVGJL,MVGJL,150.48,-1.4150943396226394,50305,0.6842560577166346,7490755625.0,6.028218214448815,24.9626,20.12742960813469,,Retail Trade,-0.4
NSE:BAJAJST,BAJAJST,359.5,0.33491487580239704,10924,0.5536381282530801,7484879852.0,25.066763354414054,14.3417,-47.29292691711196,0.2778935667639294,Process Industries,-0.36363636363636365
NSE:MEIL,MEIL,268.7,-0.278344776396363,25897,0.9143516883923906,7433884293.0,15.80950924035514,16.9961,,,Electronic Technology,-0.4212121212121212
NSE:VIESL,VIESL,304.35,1.3317795904777758,16800,0.7924528301886793,7401344840.0,11.360200665151227,26.7909,93.9121308627678,,Finance,-0.17878787878787877
NSE:ZTECH,ZTECH,502.7,0.6607929515418525,22800,0.7669021190716448,7373365331.2,22.066634476098503,22.781,,,Industrial Services,-0.4212121212121212
NSE:BIRLAMONEY,BIRLAMONEY,129.42,-0.34650034650035966,42360,1.4415518121490556,7334894469.0,13.486728983649607,9.5961,-25.924010374853328,,Finance,-0.4666666666666667
NSE:YOGI,YOGI,155.82,,1224,,7290000000.0,54.883589870029226,2.8391,57.68397667314636,,Finance,
NSE:ADVENTHTL,ADVENTHTL,135.64,0.5485544848035439,104247,1.18274202094166,7284986967.0,61.367235216938866,2.2103,,,Industrial Services,-0.3251748251748252
NSE:DMCC,DMCC,287.75,-2.00919461944491,60692,0.2384024693423899,7273730978.0,17.94993356497221,16.0307,43.23355968548963,0.8571918395336877,Process Industries,0.24545454545454548
NSE:LAXMIINDIA,LAXMIINDIA,131.38,-3.793204452255424,155482,0.7004132240712369,7261680910.0,12.015401077343771,10.9343,,,Finance,0.2212121212121212
NSE:MAANALU,MAANALU,119.35,0.01676024469956928,44463,0.7001992110298344,7258168457.0,48.6487588146578,2.4533,-10.6493790290272,,Non-Energy Minerals,-0.5363636363636364
NSE:ORIRAIL,ORIRAIL,107.73,-1.5265082266910435,19425,,7245724950.0,15.02363785962319,7.1707,55.40505396385071,0.09254974548819991,Producer Manufacturing,
NSE:ABINFRA,ABINFRA,12.57,10.651408450704233,25170195,5.192204986747293,7237483487.0,41.51254953764861,0.3028,-15.418994413407813,0.0529567519858782,Industrial Services,0.4242424242424242
NSE:VASCONEQ,VASCONEQ,30.67,-1.477674269193695,407914,0.6456005628038266,7224316055.0,24.498761881939455,1.2519,-80.22149898887766,,Industrial Services,-0.5575757575757576
NSE:ENKEIWHEL,ENKEIWHEL,408.9,2.0082325059248984,2398,,7189958191.0,33.74152129783968,12.1186,,,Producer Manufacturing,
NSE:KELLTONTEC,KELLTONTEC,13.68,1.0339734121122643,1591563,1.3808443561533377,7172865784.0,8.233523924164912,1.6615,-0.6220467731323622,,Technology Services,-0.35454545454545455
NSE:WELINV,WELINV,1843.2,-0.7698519515477769,98196,729.5393759286776,7107590784.0,218.41191596260265,8.4391,-11.29901935022755,,Finance,0.08787878787878788
NSE:EVERESTIND,EVERESTIND,442.4,-1.612365172912265,3084,0.35847543327405235,7079594116.0,,-0.7938,92.98168057716792,0.22396416573348266,Distribution Services,-0.4454545454545455
NSE:ARYAMAN,ARYAMAN,599.9,0.0,12,,7068356199.0,23.828249126151892,25.176,-20.700516567972794,,Finance,
NSE:BLAL,BLAL,170.71,0.7554742371480854,13316,0.9816873580843974,7058742874.0,,-0.2308,77.99389778794813,,Finance,-0.4
NSE:CHEMBONDCH,CHEMBONDCH,266.23,0.9632523038416401,10494,0.39765363890594096,7056316859.0,18.724065660472903,14.2186,19.69727581910631,0.476462740613684,Process Industries,0.4454545454545455
NSE:RAMASTEEL,RAMASTEEL,4.25,-1.8475750577367223,524201,0.34146136194880916,7051336684.0,58.78284923928077,0.0723,-48.24624194702935,,Non-Energy Minerals,-0.6484848484848484
NSE:VIVIANA,VIVIANA,700.0,0.5674879678184104,16764,0.7028429839382517,7047367040.0,12.702145573846645,55.1088,151.1681327195661,,Industrial Services,-0.35454545454545455
NSE:LOKESHMACH,LOKESHMACH,331.35,0.46998180715585547,22250,1.1556400427976357,7040712324.0,150.87423731900554,2.1962,5516.8797953964195,,Technology Services,0.09090909090909091
NSE:KARNIKA,KARNIKA,114.85,1.144870101276968,29000,0.8357348703170029,7039816125.0,21.045976800864928,5.4571,,,Consumer Non-Durables,-0.4666666666666667
NSE:STCINDIA,STCINDIA,116.68,-0.1112918414519266,15258,0.460225678891694,7031999817.0,1.0911923717535672,106.9289,1694.8016852140927,,Distribution Services,-0.3090909090909091
NSE:ECOSMOBLTY,ECOSMOBLTY,112.58,-3.769552953243864,140992,1.9281089101463942,7025999908.0,11.476980793540756,9.8092,-1.7114228456913811,2.032450896669513,Finance,-0.5575757575757576
NSE:KUANTUM,KUANTUM,79.79,-0.6722270633636152,153607,0.7277841687624252,7022977535.0,19.276671820641674,4.1392,-59.43869551583569,3.1063618290258446,Process Industries,-0.1575757575757576
NSE:DPSCLTD,DPSCLTD,7.05,-2.2191400832177552,259832,3.553972559269817,7021023138.0,59.193954659949625,0.1191,64.95844875346259,0.0,Utilities,-0.603030303030303
NSE:CELLECOR,CELLECOR,32.55,3.333333333333324,441000,2.3941368078175898,7003298295.0,18.083333333333332,1.8,25.234815278647467,,Consumer Durables,0.045454545454545456
NSE:ATL,ATL,23.68,-0.961940610623172,246036,1.0020277912063342,6990030792.0,16.216956581290233,1.4602,27.417102966841195,,Transportation,-0.4242424242424242
NSE:ATLPP.E1,ATLPP.E1,8.48,-2.191464821222601,10042,1.5502415980980904,6990030792.0,5.807423640597179,1.4602,27.417102966841195,,Transportation,-0.5524475524475525
NSE:CCCL,CCCL,15.52,-0.4490057729313681,169800,0.7815527769058059,6982849941.0,,-0.0987,-102.54992636990725,,Industrial Services,-0.49090909090909096
NSE:PERMAGN,PERMAGN,804.75,-1.0877581120943982,3492,,6976785397.0,55.758411396264066,14.4328,-26.524835692940524,0.2711363076164654,Producer Manufacturing,
NSE:20MICRONS,20MICRONS,197.16,-0.050694514853489976,72434,0.5477925022442144,6956733819.0,10.269177882411766,19.1992,10.38209895707568,0.6340349987319299,Process Industries,0.35454545454545455
NSE:SPELS,SPELS,148.87,-1.2012211308733756,21431,,6947593094.0,,-5.164,-13.215820398140824,,Electronic Technology,
NSE:GLOSTERLTD,GLOSTERLTD,604.7,-2.4283985478015255,1992,0.5967109007578707,6919423286.0,51.70320462396115,11.6956,,3.163055511624229,Process Industries,-0.5575757575757576
NSE:RNFI,RNFI,269.95,-0.8994126284875142,34800,0.8033240997229917,6907231273.2,23.78330279109106,11.3504,,,Finance,-0.17878787878787877
NSE:CHEMCON,CHEMCON,189.36,0.1904761904761977,10193,0.4806681159488633,6897560763.0,24.617784711388456,7.692,10.625323592015192,0.0,Process Industries,0.26666666666666666
NSE:INFLUX,INFLUX,298.7,0.2685464921114506,44400,2.1449275362318843,6896504160.0,31.946524064171122,9.35,,,Health Technology,0.4666666666666667
NSE:XCHANGING,XCHANGING,62.24,0.8425145819831549,43955,0.3524690071047103,6890319257.0,11.399476180882434,5.4599,15.375187540942031,3.2336297493936947,Technology Services,-0.49090909090909096
NSE:INDOFARM,INDOFARM,143.33,-0.5343511450381554,100722,0.5715099546977277,6885794629.0,27.66400957325665,5.1811,-8.80271773568964,,Producer Manufacturing,-0.2424242424242424
NSE:BAJAJINDEF,BAJAJINDEF,213.13,-1.0170908415381748,11839,0.438977363317822,6881600098.0,29.04905341493001,7.3369,,0.9300162752848176,Producer Manufacturing,-0.35454545454545455
NSE:EMAMIPAP,EMAMIPAP,114.99,0.9481169344219106,58957,1.683379493475716,6860591946.0,8.473839351510685,13.57,404.6673360853881,2.821869488536155,Process Industries,0.49090909090909096
NSE:TUTIALKA,TUTIALKA,56.33,-0.6700758243696042,2905,,6843518387.0,20.49556105370397,2.7484,-6.6757215619694295,,Process Industries,
NSE:SGRL,SGRL,524.2,-2.3836126629422636,7976,,6842938891.0,43.60883490703382,12.0205,-29.39915423469987,,Health Technology,
NSE:HALDYNGL,HALDYNGL,127.0,0.5064893953782847,54237,0.9792723661641238,6821090500.0,23.260925308619363,5.4598,53.90556730091616,0.5516154452324664,Process Industries,0.22727272727272724
NSE:SCPL,SCPL,662.65,0.7143399954403726,63625,0.48272141833984805,6813450256.0,33.51134576386044,19.7739,43.40447751452256,,Consumer Non-Durables,0.603030303030303
NSE:PRAVEG,PRAVEG,252.95,-2.2981846272692117,147153,2.0518709083683673,6809651196.0,,-7.2119,-288.246195609616,0.19193857965451055,Health Technology,-0.45454545454545453
NSE:CHEVIOT,CHEVIOT,1165.6,0.3529918209212147,391,0.02901540562201312,6767519897.0,9.973739356481603,116.8669,13.907914115033766,2.1580560231343604,Process Industries,0.3787878787878788
NSE:MERCURYEV,MERCURYEV,35.13,-1.2924978926664816,111246,0.6869241978906809,6763040939.0,124.61865909897128,0.2819,-21.60734149054505,,Distribution Services,-0.2727272727272727
NSE:SOUTHWEST,SOUTHWEST,221.35,-2.178716634258444,2433832,23.927202801465224,6749934936.0,16.909854851031323,13.09,119.0721649484536,,Energy Minerals,-0.35757575757575755
NSE:BESTAGRO,BESTAGRO,18.47,-2.1716101694915264,657252,0.12102381583090926,6699736514.0,22.133013780707007,0.8345,-56.80865379638734,0.5293806246691372,Process Industries,0.02121212121212121
NSE:AXTEL,AXTEL,415.3,-0.6459330143540642,899,,6687279829.0,21.489074360579735,19.3261,97.47108350022481,2.8989008334339896,Producer Manufacturing,
NSE:HERANBA,HERANBA,161.83,-2.646934969620392,56731,1.5666050860609677,6656240928.0,,-19.0984,-319.0912115267692,0.0,Process Industries,-0.5575757575757576
NSE:HMVL,HMVL,94.49,3.869407496977021,36380,0.22993896315098547,6652541602.0,,,,,Consumer Services,0.2212121212121212
NSE:TVTODAY,TVTODAY,113.46,2.2807175696384987,31820,1.1392359743654004,6650067210.0,39.45199763552279,2.8759,-43.7377729086783,0.0,Consumer Services,-0.4
NSE:PROZONER,PROZONER,42.32,-2.712643678160919,67445,0.4833346471646326,6645855079.0,56.752045058334446,0.7457,,,Finance,-0.4666666666666667
NSE:UNIENTER,UNIENTER,97.85,2.3642640443560943,7962,1.613243100863152,6641628929.0,33.593106289480914,2.9128,,3.664921465968586,Producer Manufacturing,-0.04242424242424242
NSE:FOCE,FOCE,565.0,0.8928571428571428,6000,0.24727992087042533,6634806300.0,100.2359536608299,5.6367,-54.04052346202454,,Consumer Durables,-0.26666666666666666
NSE:SPECIALITY,SPECIALITY,140.94,3.6475952345933287,30070,0.13288088137100193,6632402802.0,29.007162262286986,4.8588,19.589455807428184,0.7272727272727273,Consumer Services,0.17575757575757575
NSE:GANESHCP,GANESHCP,165.38,0.8660648938765475,198020,1.1718983486779302,6617619710.0,14.716010713554782,11.2381,56.17365444211286,3.0534351145038165,Process Industries,-0.17575757575757575
NSE:INNOVISION,INNOVISION,274.1,-1.0111953773925442,13425,0.5755775068168956,6596282816.0,,,,,Transportation,-0.5524475524475525
NSE:ONMOBILE,ONMOBILE,60.54,-1.9912578921806767,9684,0.12099887797405595,6579101222.0,,-5.2468,-564.2359792378782,,Communications,-0.26969696969696966
NSE:KANORICHEM,KANORICHEM,149.51,-1.1830799735624722,22922,0.629590362504738,6575846567.0,11.398706962276233,13.1164,,,Process Industries,0.04242424242424242
NSE:EMPIND,EMPIND,1116.2,1.2426303854875325,1035,,6569997911.0,11.93787853994676,93.5007,63.14132818729531,2.28310502283105,Distribution Services,
NSE:PROV,PROV,1925.0,1.0498687664041995,1120,1.5217391304347827,6565946355.0,47.12431516741984,40.8494,92.2550888339805,,Distribution Services,0.49090909090909096
NSE:TANKUP,TANKUP,1225.0,-1.2096774193548387,500,0.40816326530612246,6565800000.0,135.37856266646037,9.0487,,,Producer Manufacturing,0.35454545454545455
NSE:DENTALKART,DENTALKART,399.0,-2.659185167113925,12750,0.6809078771695594,6565044069.1,59.76722239698018,6.6759,-33.168153287082916,,Retail Trade,-0.4242424242424242
NSE:SAURASHCEM,SAURASHCEM,58.72,0.0,76942,0.08243995347310261,6542579578.0,98.07917153833306,0.5987,-51.930951425130466,,Non-Energy Minerals,-0.49090909090909096
NSE:MANBA,MANBA,130.11,-0.31412810297272187,66862,0.9539340398454575,6538658957.0,13.382360503985602,9.7225,15.26651491440225,0.768344218209758,Finance,0.003030303030303022
NSE:PPL,PPL,271.3,-0.49514028974874974,16147,0.4937241052454555,6521339081.0,14.996655740242225,18.0907,-47.93024246471253,1.2470199889968825,Producer Manufacturing,0.4454545454545455
NSE:JAYAGROGN,JAYAGROGN,220.41,1.2541345093715497,2797,0.24493620449589731,6517500000.0,12.174926533949048,18.1036,-2.206136560069146,1.611047180667434,Process Industries,0.17878787878787877
NSE:FABTECH,FABTECH,145.73,-0.12336371736002114,158425,2.5598579373774,6494261307.0,12.410369083507911,11.7426,,0.41067761806981523,Health Technology,-0.5575757575757576
NSE:KSOLVES,KSOLVES,270.35,-1.368113827070412,26890,0.9038138997099325,6478041346.0,17.27476038338658,15.65,16.721360381861583,4.027828634199927,Technology Services,-0.5575757575757576
NSE:SNOWMAN,SNOWMAN,38.14,-1.2684442143411907,108677,0.21716584750971757,6474659901.0,120.77264091196959,0.3158,-18.10165975103734,1.2903225806451613,Commercial Services,-0.02121212121212121
NSE:EIFFL,EIFFL,259.55,-0.5555555555555513,11795,0.6646942800788954,6472799801.0,125.77534405892615,2.0636,-5.922042397994059,,Consumer Non-Durables,-0.4454545454545455
NSE:NAMOEWASTE,NAMOEWASTE,280.0,-0.9725906277630416,16800,0.621301775147929,6465790149.0,44.59521875547486,6.2787,69.68083668891711,,Industrial Services,0.4666666666666667
NSE:KANPRPLA,KANPRPLA,244.25,-7.076279246718668,54440,0.39625349742478905,6431845747.0,13.020625096621833,18.7587,131.36323832311695,0.4567078972407231,Producer Manufacturing,0.4
NSE:AHLWEST,AHLWEST,536.0,-4.956113130596692,460,0.8829174664107485,6408165407.0,8.774557711542963,61.0857,134.93506043975063,,Consumer Services,-0.24545454545454548
NSE:EMKAY,EMKAY,236.8,0.6417612308215476,6354,0.2385690363372857,6399080820.0,34.371643394199786,6.8894,-62.80021598272138,0.6382978723404255,Finance,-0.4
NSE:DCMSIL,DCMSIL,68.94,-7.1640183140317895,208024,2.82358562146329,6395665333.0,,,,0.5440696409140371,Process Industries,-0.5979020979020979
NSE:AMANTA,AMANTA,172.29,4.971668799122645,307263,5.376957322152302,6377721285.0,43.445041228534684,3.9657,,,Health Technology,0.5121212121212121
NSE:TREL,TREL,26.79,2.84069097888675,191146,0.974741852461332,6370885067.0,16.07464298571943,1.6666,-26.034084857092132,,Finance,0.49090909090909096
NSE:ZEEMEDIA,ZEEMEDIA,9.38,-3.298969072164933,9979211,0.9944467516613831,6370767245.0,271.0982658959538,0.0346,,,Consumer Services,0.4
NSE:SHINDL,SHINDL,159.21,-1.6250617894216481,4367,0.03276211568095236,6370387419.0,37.19859813084112,4.28,2.8870886319382643,0.0,Process Industries,-0.3181818181818182
NSE:VOITHPAPR,VOITHPAPR,1492.3,5.5300190934163105,372,,6369210625.0,15.791801765955825,94.4984,-1.6724294188586057,0.6896551724137931,Process Industries,
NSE:INNOVANA,INNOVANA,305.25,-0.618590265342659,29791,13.014853647881171,6345718827.0,21.117260463507435,14.455,-36.87056172316508,,Technology Services,-0.603030303030303
NSE:ONWARDTEC,ONWARDTEC,283.65,-1.081081081081089,14701,0.3999967349426438,6332551428.0,14.999999999999998,18.91,32.23776223776223,2.8099754127151386,Technology Services,-0.02121212121212121
NSE:SHRJAGP,SHRJAGP,700.8,-3.802333562113939,589,,6318021684.0,13.832225057880994,50.6643,-13.034455412913962,0.10396451344607707,Process Industries,
NSE:COFFEEDAY,COFFEEDAY,29.64,-0.10111223458038805,189733,0.3048516159467025,6316426474.0,3.5634850980439303,8.3177,,,Consumer Services,-0.4
NSE:VAKRANGEE,VAKRANGEE,5.78,-1.1965811965811863,816472,1.0679485802729203,6315007951.0,64.22222222222223,0.09,28.205128205128204,,Retail Trade,-0.5121212121212121
NSE:ADSL,ADSL,110.38,-0.6122816495588033,82717,0.7929281890826547,6290463905.0,18.019165156635157,6.1257,8.222179036446828,1.35074290859973,Technology Services,-0.5575757575757576
NSE:BIGBLOC,BIGBLOC,44.02,-0.6993006993006885,37465,0.7230838711669703,6278884058.0,363.801652892562,0.121,-18.29844699527347,,Non-Energy Minerals,-0.5363636363636364
NSE:PARTH,PARTH,462.8,0.7839721254355451,26000,1.5513126491646778,6276324936.0,,,,,Producer Manufacturing,-0.045454545454545456
NSE:KSE,KSE,198.82,2.236848871291199,25704,5.060041733926532,6222399902.0,13.702746476446466,14.5095,-58.355935559975556,6.428387760349705,Process Industries,-0.4212121212121212
NSE:DCI,DCI,373.0,-2.4454034261802073,20081,0.4103221113372402,6211499856.0,28.120382376888514,13.2644,33.84863773965691,,Electronic Technology,0.26363636363636367
NSE:SHREERAMA,SHREERAMA,46.34,0.12964563526361772,192506,0.8884124172648427,6191580546.0,24.76221011007802,1.8714,-54.16605437178546,,Process Industries,0.46969696969696967
NSE:ORBTEXP,ORBTEXP,235.47,2.054349239370697,4109,0.0962488932197117,6179749755.0,14.795383001049316,15.9151,-4.447673196885178,0.0,Process Industries,0.09090909090909091
NSE:SUTLEJTEX,SUTLEJTEX,38.05,-0.02627430373096457,23313,0.5775548123374105,6177977432.0,,-3.3792,36.439386814633686,,Process Industries,-0.045454545454545456
NSE:DHUNINV,DHUNINV,976.95,-3.7155669442664894,2115,0.4389879408040848,6170954170.0,6.066991208312142,161.0271,1.1078551349437094,0.2964133978855844,Process Industries,0.17878787878787877
NSE:GLOTTIS,GLOTTIS,64.99,-1.6792738275340386,30097,0.794612990181195,6156811628.0,16.642765685019207,3.905,,,Transportation,-0.17878787878787877
NSE:ZIMLAB,ZIMLAB,114.51,-0.5989583333333314,56724,1.0020509504857062,6149262784.0,138.78317779663072,0.8251,-57.19325551232166,,Health Technology,0.46969696969696967
NSE:SHRADDHA,SHRADDHA,155.0,2.84652644151018,3737,,6147012052.0,11.723418094906743,13.2214,67.3955154906752,0.13144922773578707,Electronic Technology,
NSE:HAZOOR,HAZOOR,21.34,-0.6979990693345676,36400,,6143720368.0,18.957093364128987,1.1257,-43.638912531918095,10.299625468164795,Finance,
NSE:PYRAMID,PYRAMID,163.55,-1.883736276921223,73507,0.7085018877126629,6141222495.0,19.016778484471473,8.6003,17.11126543840299,0.2994908655286014,Producer Manufacturing,-0.3787878787878788
NSE:HINDCOMPOS,HINDCOMPOS,409.05,-0.12208521548040532,2054,0.546916604537221,6106981522.0,18.687895470224092,21.8885,-4.329297609161243,0.48367593712212814,Producer Manufacturing,-0.4454545454545455
NSE:TRANSPEK,TRANSPEK,1132.8,-0.5093975057087612,4536,0.7302583916928278,6105306364.0,16.22713403715853,69.809,-29.141874595257388,1.8297424637482276,Process Industries,-0.09090909090909091
NSE:BAFNAPH,BAFNAPH,247.5,-1.9996040388042016,5177,0.07118989012802354,6084409864.0,75.24626048887266,3.2892,-5.856087927185291,,Health Technology,-0.06969696969696969
NSE:UNIVASTU,UNIVASTU,176.89,4.854771784232364,222576,0.9106590511104201,6070968095.0,20.982148152541367,8.4305,152.50089852641668,,Industrial Services,0.603030303030303
NSE:GTPL,GTPL,53.5,-0.9992598075499614,14307,0.1124851698363316,6053885411.0,80.58442536526584,0.6639,-83.09224265267662,3.71540033438603,Communications,-0.49090909090909096
NSE:SHIVAUM,SHIVAUM,442.0,-0.696472702763429,1075,0.06290596290011118,6053538110.0,63.525827129265,6.9578,-11.73888776131521,,Producer Manufacturing,0.520979020979021
NSE:OSELDEVICE,OSELDEVICE,365.95,-2.374283046551963,36400,1.0483870967741935,6046030620.0,31.656574394463664,11.56,-7.017896641866067,,Health Technology,-0.6484848484848484
NSE:ZFSTEERING,ZFSTEERING,679.8,0.9204275534441704,3477,0.8125920213138892,6044178622.0,31.15162013170014,21.8223,55.90586621514456,,Producer Manufacturing,0.5
NSE:ABSMARINE,ABSMARINE,238.05,-3.251371672424304,43000,0.8811475409836066,6040527500.0,7.2642217624549135,32.7702,183.49640549168205,,Transportation,0.3090909090909091
NSE:SREEL,SREEL,254.43,-2.4237775647171595,23641,0.8413287021879315,6022618797.0,17.95934213312628,14.167,56.96463393015422,0.7689350249903882,Retail Trade,0.26363636363636367
NSE:TPLPLASTEH,TPLPLASTEH,78.76,1.9546925566343107,115355,0.9433028807311242,6021831235.0,20.410490307867732,3.8588,22.39667586513148,1.6839378238341969,Process Industries,0.4454545454545455
NSE:CHANDAN,CHANDAN,246.2,0.1627339300244008,71200,1.4518760195758564,6010317577.0,,,,,Health Services,0.3333333333333333
NSE:KILITCH,KILITCH,163.96,-4.994785027233749,96347,3.2093094523518433,5978427292.0,18.762730872222097,8.7386,2.5657276995305205,,Health Technology,-0.5575757575757576
NSE:DCMSRIND,DCMSRIND,46.94,2.645965449376779,467380,1.848893741420711,5970157608.0,15.7781512605042,2.975,-70.24583441681835,0.8748906386701663,Process Industries,0.5575757575757576
NSE:SOFTTECH,SOFTTECH,413.4,-3.1963470319634784,25770,9.780999734315103,5952119055.0,113.79965315054918,3.6327,200.89455810486206,,Technology Services,-0.24545454545454548
NSE:MALLCOM,MALLCOM,958.65,0.27719665271966293,2352,1.2586963502087125,5942039782.0,22.35798429472005,42.8773,-54.46611664332129,0.31504331845628775,Consumer Non-Durables,-0.4
NSE:TRITONV,TRITONV,1146.1,-0.21765627720703468,3434,,5931913130.0,32.67141016431202,35.0796,243.7356693515198,0.2158708228995769,Consumer Durables,
NSE:HTMEDIA,HTMEDIA,26.78,3.919285991462947,123756,0.18443943190938092,5926419955.0,,-0.4875,-181.72673931265717,,Consumer Services,0.28787878787878785
NSE:SATIA,SATIA,58.56,-1.1478730587440913,102820,1.417575342295777,5925000000.0,7.703641338665544,7.6016,-35.91853250606959,0.6751054852320675,Process Industries,-0.49090909090909096
NSE:UGARSUGAR,UGARSUGAR,50.77,-2.7021847451130636,1577008,2.287542818682327,5863499880.0,19.80804494557372,2.5631,,0.1918649270913277,Process Industries,0.4
NSE:NAHARPOLY,NAHARPOLY,236.3,-0.5680622764569722,10550,0.24554470193666111,5838418558.0,8.037278277580313,29.4005,26.176988112098204,0.6317119393556538,Process Industries,-0.5575757575757576
NSE:KHAICHEM,KHAICHEM,56.72,-5.071129707112973,1445339,4.650893164275746,5810623221.0,10.16924842226047,5.5776,36.87697857616137,0.08345852111500585,Process Industries,0.3333333333333333
NSE:KRMAYURVED,KRMAYURVED,281.7,3.243540406816919,82000,0.7592592592592593,5801009280.0,,,,,Health Services,0.27622377622377625
NSE:GGBL,GGBL,239.2,2.3096663815226592,18000,0.5190311418685121,5798473800.0,7.889468285458905,30.3189,148.80108321024125,,Electronic Technology,-0.35454545454545455
NSE:LINC,LINC,95.45,-1.8811677631578931,32789,1.0373344216344131,5779372222.0,18.018273115113075,5.2974,-14.039528770324223,1.5440041173443129,Consumer Non-Durables,-0.5575757575757576
NSE:PANCHMAHQ,PANCHMAHQ,286.85,-8.936507936507928,81,,5761654808.0,136.84285850586778,2.0962,,0.9933774834437087,Non-Energy Minerals,
NSE:OMPOWER,OMPOWER,167.64,-0.19052155275066776,44477,0.3342969069437429,5758296361.0,,,,,Utilities,-0.45454545454545453
NSE:KAMATHOTEL,KAMATHOTEL,194.1,-0.2774352651048048,32758,0.43382563276722425,5727978084.0,14.056355775706619,13.8087,-16.076941777075486,,Consumer Services,0.08484848484848484
NSE:SAYAJIHOTL,SAYAJIHOTL,315.4,1.6435707379954774,93,0.23676171079429734,5693342447.0,,-0.508,79.40985732814526,,Consumer Services,0.2
NSE:CEWATER,CEWATER,274.75,-0.09090909090909091,212600,1.7278540475346789,5690429198.0,,-3.43,-111.3845316410321,,Industrial Services,-0.31212121212121213
NSE:HITECHCORP,HITECHCORP,331.0,0.25745873087990995,7979,0.6869565217391305,5668839323.0,32.409356610627526,10.2131,79.02015775635408,0.30298439630359036,Producer Manufacturing,0.3090909090909091
NSE:ARIES,ARIES,442.7,1.8520648797883381,171023,1.572138105249224,5662089216.0,12.059121566405526,36.7108,29.788475204259484,0.3445107946715664,Process Industries,0.4454545454545455
NSE:PRIMO,PRIMO,22.98,-1.288659793814436,116805,0.42249226488841696,5644173721.0,36.26893939393939,0.6336,395.38702111024236,,Process Industries,-0.49090909090909096
NSE:MANAKSTEEL,MANAKSTEEL,86.25,1.434787721980476,51522,0.2827684769293589,5628719513.0,7.372614051133886,11.6987,424.887832017229,,Non-Energy Minerals,0.5121212121212121
NSE:KRONOX,KRONOX,151.7,0.11879619852163303,225530,0.7231557332368826,5617545387.0,19.64160861796618,7.7234,11.960917907310495,0.3302509907529722,Process Industries,-0.22424242424242424
NSE:VISACHROME,VISACHROME,37.89,-1.3538141109086073,13045,0.855196737862041,5611438292.0,0.4474603172728658,84.6779,,,Non-Energy Minerals,-0.13333333333333333
NSE:MINDTECK,MINDTECK,174.82,-0.3590766600170963,15640,0.2926433138300161,5591988468.0,17.95640830748372,9.7358,0.46435794774425154,0.5714285714285714,Technology Services,-0.4454545454545455
NSE:PANSARI,PANSARI,314.85,-1.1925309901145316,125,0.08048937540244688,5559422787.0,,,,,Technology Services,-0.22424242424242424
NSE:APTECHT,APTECHT,94.48,-0.3165224730955868,24960,0.38121653282341983,5544488897.0,22.40667836645639,4.2166,17.84795975405254,4.70760539805419,Commercial Services,-0.1090909090909091
NSE:AQYLON,AQYLON,22.86,4.910509407985316,3401942,0.8960209957997181,5544012839.0,49.480519480519476,0.462,,,Consumer Services,-0.2027972027972028
NSE:GLOBAL,GLOBAL,109.13,1.5446171024471913,160551,1.7403298747360525,5470384343.0,21.30696239603264,5.1218,3.1747310744933808,0.9304922303898763,Commercial Services,0.5575757575757576
NSE:MUNJALSHOW,MUNJALSHOW,135.38,-0.9076269945835229,26579,0.22910284501617917,5449318604.0,21.818943703966347,6.2047,-1.651634991836937,3.302752293577982,Producer Manufacturing,-0.1575757575757576
NSE:RBZJEWEL,RBZJEWEL,134.58,-1.1821719656362326,47540,0.571863681363427,5435999756.0,9.4830076734993,14.1917,54.08175451929864,,Consumer Durables,-0.49090909090909096
NSE:BLACKROSE,BLACKROSE,108.9,3.586036335965006,13281,0.8386587522101541,5426400078.0,19.385847797062752,5.6175,40.34276863117395,1.1748120300751879,Distribution Services,0.36363636363636365
NSE:KIRANVYPAR,KIRANVYPAR,196.31,-2.6964064436183386,303,0.15256797583081572,5422737157.0,78.21115537848607,2.51,-85.09970140039061,0.5031446540880503,Finance,-0.3181818181818182
NSE:DHABRIYA,DHABRIYA,558.05,10.647367899276281,122842,,5420781991.0,18.610537689632057,29.9857,62.9321118464665,0.13977635782747602,Producer Manufacturing,
NSE:DICIND,DICIND,584.35,-1.2838922206267458,2947,0.07918998879463002,5406876297.0,18.539846312970756,31.5186,79.88323050845524,0.5092946269416858,Process Industries,0.4
NSE:KNAGRI,KNAGRI,212.8,-1.5680651278967512,58047,2.4072707065010035,5404514352.9,14.918258040997168,14.2644,6.991291825116448,,Process Industries,0.3531468531468532
NSE:OSWALGREEN,OSWALGREEN,20.92,-0.7590132827324317,52882,0.5075043114162078,5395560155.0,,-2.3641,-677.0319746155724,,Finance,-0.26363636363636367
NSE:GFLLIMITED,GFLLIMITED,51.22,3.495655688017775,81157,0.9263017325998129,5390339392.0,9.27478497057492,5.5225,,,Consumer Services,0.6484848484848484
NSE:PASUPTAC,PASUPTAC,61.54,0.7531106745252142,77265,0.8691607393350214,5367596455.0,5.740136181326369,10.721,269.24401584294816,,Process Industries,0.3333333333333333
NSE:CHEMFAB,CHEMFAB,363.45,-0.953808420765772,1371,0.3971955847843092,5329768544.0,,-0.1672,95.48156956004756,0.33710895361380794,Process Industries,-0.5575757575757576
NSE:AARTISURF,AARTISURF,594.4,-4.994805402381523,6862,0.037918243139820625,5309139899.0,27.374170462238474,21.7139,20.396666537290756,0.15955325089748704,Process Industries,0.4454545454545455
NSE:3IINFOLTD,3IINFOLTD,24.36,-4.992199687987524,253655,0.14430182305958536,5307462322.0,13.158321179711555,1.8513,-52.998375139636444,,Technology Services,0.17575757575757575
NSE:ORIENTCER,ORIENTCER,43.8,-0.6352087114337595,79766,1.1509149200797615,5259339383.0,20.0871359779867,2.1805,130.4481082223631,0.7961783439490446,Non-Energy Minerals,0.4666666666666667
NSE:SAAKSHI,SAAKSHI,297.0,-0.2183772887619611,10800,0.6060606060606061,5255308400.0,42.640555906506634,6.9652,161.11340206185568,,Producer Manufacturing,0.4
NSE:UNIVPHOTO,UNIVPHOTO,468.9,-1.9037656903765738,1286,1.1887594749491588,5232476604.0,,-16.0591,-121.44596076210877,,Consumer Durables,0.13333333333333333
NSE:THEINVEST,THEINVEST,99.09,0.4154843940008072,4700,0.6245598182132274,5194966287.0,15.521859678253106,6.3839,-15.132541011937997,,Finance,0.24545454545454548
NSE:PATILAUTOM,PATILAUTOM,235.45,-1.0506408909434755,127800,2.0619554695062923,5192259360.0,28.88141996737117,8.1523,,,Producer Manufacturing,0.37575757575757573
NSE:DISHTV,DISHTV,2.82,0.35587188612098886,884017,1.221085925086714,5173923714.0,,-5.3556,-69.8303472332329,,Communications,-0.28787878787878785
NSE:CSM,CSM,100.19,-0.17933645511607732,75667,0.2588909843379628,5173248268.5,,,,,Technology Services,-0.375
NSE:ORIENTBELL,ORIENTBELL,349.95,0.2578427159432681,31200,0.8787148232431335,5148666573.0,24.454926624737944,14.31,386.4864864864865,0.2857142857142857,Producer Manufacturing,0.49090909090909096
NSE:MOLDTECH,MOLDTECH,171.5,-4.510022271714919,49645,0.07619440816382911,5124430077.0,26.704244651365574,6.4222,141.33628950434033,0.0,Industrial Services,0.2
NSE:PTL,PTL,38.51,-0.36222509702458106,37055,0.9115396915205081,5099162058.0,11.154882252411435,3.4523,13.443086225026288,6.4901349948078915,Finance,-0.49090909090909096
NSE:NAHARINDUS,NAHARINDUS,119.86,2.112796047026754,60628,1.1814938019709753,5087457241.0,7.169775204278177,16.7174,233.20842717904767,,Process Industries,0.24545454545454548
NSE:ANLON,ANLON,669.9,-0.9536482590374873,2800,0.30042918454935624,5079253230.0,30.20125151028799,22.1812,113.79057753103557,,Distribution Services,0.5575757575757576
NSE:MUFTI,MUFTI,78.28,1.3858308509260555,46696,0.27638831919607315,5079159938.0,11.787203927060277,6.6411,-33.53848925183139,2.5749967812540233,Retail Trade,-0.3090909090909091
NSE:KAYA,KAYA,338.75,0.623793257091942,52088,0.7724281928579161,5073420826.0,,-64.0432,-59.10642505428327,,Consumer Non-Durables,0.5575757575757576
NSE:NILASPACES,NILASPACES,12.74,-1.0101010101010024,1158760,1.4287477471601302,5073293214.0,15.96891451491602,0.7978,74.26823940585408,,Consumer Durables,0.2909090909090909
NSE:NBIFIN,NBIFIN,2010.4,-2.596899224806197,402,0.8491761723700888,5070847469.0,42.77965625618426,46.9943,12.472835712302672,0.036337209302325583,Finance,-0.4
NSE:OSWALAGRO,OSWALAGRO,36.77,-2.7763088313061797,56877,0.7110736052508204,5070047966.0,,-2.562,-127.18417757782822,,Finance,-0.5121212121212121
NSE:BMWVENTLTD,BMWVENTLTD,57.25,-0.6421381464769134,47589,0.5162633421458304,5069358607.0,12.400363888407556,4.6168,,2.565856996236743,Distribution Services,-0.4
NSE:IRIS,IRIS,250.17,1.3819095477386922,70425,1.9924179197374563,5060817198.0,4.147552534504912,60.3175,1071.5775774998058,,Technology Services,0.15454545454545454
NSE:ELIN,ELIN,101.41,-0.8506061791161562,189743,0.5512379707302901,5060398450.0,,-1.6563,-124.91051285907658,,Electronic Technology,-0.04242424242424242
NSE:MODINATUR,MODINATUR,361.65,-4.991461972941022,30166,5.6707271223400255,5056431026.0,9.20264132218787,39.2985,53.553552380170885,,Process Industries,-0.5979020979020979
NSE:SUNLITE,SUNLITE,490.2,5.680715748625626,45000,2.6929982046678638,5046688000.0,13.798966344259156,35.5244,170.80858978952423,,Non-Energy Minerals,0.5575757575757576
NSE:INTLCONV,INTLCONV,76.79,-2.871237035163162,59790,0.8532761723449467,5040612212.0,3.6050119947983426,21.3009,20.65217391304346,0.6326711375427053,Producer Manufacturing,-0.09090909090909091
NSE:PENINLAND,PENINLAND,15.1,-0.7884362680683377,30981,0.7172773050876888,5038951378.0,,-4.712,-291.65489153021355,,Finance,-0.5575757575757576
NSE:SINGERIND,SINGERIND,78.7,-2.803507471903169,65900,0.12504682140088114,5022949461.0,26.937294633077766,2.9216,302.09193503991196,0.49547875634832156,Consumer Durables,0.3531468531468532
NSE:IWARE,IWARE,441.9,1.4928801102434544,6000,0.43478260869565216,5010060720.0,,,,,Transportation,0.13636363636363635
NSE:MANCREDIT,MANCREDIT,227.21,-4.021459046170736,134421,0.4195862477119891,5005070675.0,26.63251790465697,8.5313,38.270664505672606,0.3163889474794347,Finance,-0.13333333333333333
NSE:PLASTIBLEN,PLASTIBLEN,190.71,-0.568300312825862,22233,0.2526994157895933,4991225687.0,11.603188123631055,16.436,35.53228333470767,1.5620932048945586,Process Industries,-0.06666666666666667
NSE:SJLOGISTIC,SJLOGISTIC,344.25,5.598159509202454,179750,3.503898635477583,4982300380.0,,,,,Transportation,0.5575757575757576
NSE:UDAYJEW,UDAYJEW,144.97,-0.26829939460650437,11329,,4978537547.0,12.152023940249963,11.9297,67.49315549315551,0.34199726402188785,Consumer Durables,
NSE:CSLFINANCE,CSLFINANCE,221.0,0.6604418127989016,35048,1.0954348546317192,4976863572.0,5.807643489526533,38.0533,16.871314496314486,4.577706569008927,Finance,0.11212121212121212
NSE:IL&FSENGG,IL&FSENGG,37.57,4.973456272701875,25615,1.4104943200277529,4976045029.0,46.388443017656506,0.8099,,,Industrial Services,0.6484848484848484
NSE:SHIVACEM,SHIVACEM,16.8,-2.3823358512492745,34643,,4970750113.0,,-3.9527,22.82897305739945,,Non-Energy Minerals,
NSE:AZADIND,AZADIND,90.93,-0.6012243113248766,44603,,4964126742.0,160.71049840933193,0.5658,,,Non-Energy Minerals,
NSE:URJA,URJA,9.41,-0.5285412262156522,508788,0.6633439582125132,4960279584.0,363.3204633204633,0.0259,-30.188679245283023,,Electronic Technology,-0.4
NSE:RUSHIL,RUSHIL,16.72,-0.3575685339690242,293246,0.2969257112619562,4949941815.0,21.669258683255574,0.7716,9.66458214894826,0.2963841138114997,Non-Energy Minerals,-0.4454545454545455
NSE:RKSWAMY,RKSWAMY,98.25,0.8002462296091117,46662,0.6468032019960495,4946769669.0,21.850813984520947,4.4964,17.261702959968723,2.0408163265306123,Commercial Services,-0.28787878787878785
NSE:BRAHMINFRA,BRAHMINFRA,176.78,3.5193535164255962,22379,,4915716815.0,,,,,Industrial Services,
NSE:SCHAND,SCHAND,137.1,-0.5512839112142893,47191,1.1624830644168,4894016376.0,,-6.3739,-143.09601081812036,2.8828828828828827,Consumer Services,-0.4454545454545455
NSE:SUKHJITS,SUKHJITS,159.09,0.7919412062848454,6362,0.7961655904289934,4884999510.0,14.546701412700589,10.9365,9.724897664339037,0.6395906619763352,Consumer Non-Durables,-0.4
NSE:VIRAT,VIRAT,343.0,2.3880597014925375,330,,4862413811.0,80.50320369892272,4.2607,112.84344090318714,,Consumer Non-Durables,
NSE:MAWANASUG,MAWANASUG,125.74,1.3541834596163087,813767,2.348217426395923,4844623454.0,17.859780694278733,7.0404,-72.58400538942908,3.229713362939039,Consumer Non-Durables,0.4666666666666667
NSE:MGEL,MGEL,14.98,2.0435967302452362,46435,0.44787578500033276,4824694141.0,10.455053042992741,1.4328,100.72849537685629,0.06830601092896176,Process Industries,0.0
NSE:ENIL,ENIL,100.86,-0.15838447832112115,72965,1.7213070279528087,4814711811.0,,-1.738,-171.14786310790893,1.9801980198019802,Consumer Services,-0.5363636363636364
NSE:SUPREMEPWR,SUPREMEPWR,230.9,19.979215380618353,318000,4.565685570710697,4809543930.75,27.743400579138985,8.3227,-8.895164909745727,,Producer Manufacturing,0.603030303030303
NSE:APS,APS,233.75,-1.5789473684210527,30000,1.2486992715920915,4788000000.0,,,,,Electronic Technology,-0.4666666666666667
NSE:GANESHIN,GANESHIN,117.3,4.966442953020132,120000,0.5605381165919282,4774116114.75,5.490262156507574,21.3651,82.21212069524282,,Industrial Services,0.5363636363636364
NSE:SILINV,SILINV,450.65,0.22239519626376072,1450,0.48254517621218673,4768137217.0,9.527182013255393,47.3015,41.701866331146455,0.5555555555555556,Finance,0.4242424242424242
NSE:BBTCL,BBTCL,238.82,2.3441182772659093,8402,0.5420120633487082,4762709867.0,8.091533739005515,29.5148,,0.4306632213608958,Process Industries,0.49090909090909096
NSE:RAMANEWS,RAMANEWS,33.54,2.3184868822452653,22579,0.24129333827767918,4742833608.0,,-4.6608,35.33761567169356,,Process Industries,0.5121212121212121
NSE:VALIANTLAB,VALIANTLAB,90.85,4.992488154397311,405246,25.033264765293453,4736049834.0,30.83528493364559,2.9463,10613.818181818182,,Health Technology,0.603030303030303
NSE:VTMLTD,VTMLTD,46.79,-0.3195568811248372,10316,1.6808146639511201,4729759959.0,55.18990327907525,0.8478,-80.9453172409143,,Process Industries,0.5121212121212121
NSE:REPRO,REPRO,330.25,1.5685068429955478,15316,0.4228066010390729,4697381060.0,4.857574875048907,67.9866,,,Commercial Services,-0.3090909090909091
NSE:MCLEODRUSS,MCLEODRUSS,45.32,1.0479375696766975,243918,0.8322338353322191,4685884302.0,,-8.9346,57.7094387670578,,Consumer Non-Durables,-0.35454545454545455
NSE:SHARDUL,SHARDUL,53.93,-1.7668488160291418,32060,0.9131041553928968,4679080923.0,20.411021118764666,2.6422,,,Finance,0.36363636363636365
NSE:GRETEX,GRETEX,300.0,0.0,34500,1.1586901763224182,4651830000.0,129.69047207331835,2.3132,35.990593768371546,,Consumer Non-Durables,0.5121212121212121
NSE:SIGMA,SIGMA,45.62,1.04097452934662,45133,0.2215919189380006,4645429113.0,15.002137525074811,3.0409,53.64288601455134,1.1061946902654867,Technology Services,0.33636363636363636
NSE:UNIDT,UNIDT,227.49,-0.6376938196112599,9579,1.309160983476609,4642309931.0,22.57136337027593,10.0787,50.04093906778021,0.7872293898972229,Industrial Services,-0.13636363636363635
NSE:ADVANIHOTR,ADVANIHOTR,50.06,0.30054097375276634,26513,0.5194370104502584,4639488160.0,20.183042373906382,2.4803,-8.92299783351081,3.5863717872086074,Consumer Services,-0.5575757575757576
NSE:FOCUS,FOCUS,69.08,0.21761207021614892,49091,1.2827239495282317,4635754456.0,80.64440812514592,0.8566,-31.008376288659793,,Producer Manufacturing,-0.1090909090909091
NSE:JENBURPH,JENBURPH,1047.3,0.21050617165821892,327,,4634185920.0,14.078770134133457,74.3886,1.2132484499346234,1.9713346983476976,Health Technology,
NSE:MAZDA,MAZDA,236.41,2.386314421827627,5597,0.5434244380795185,4618766040.0,15.818350919687125,14.9453,11.37085115578938,1.7342293518317797,Producer Manufacturing,0.603030303030303
NSE:ALBERTDAVD,ALBERTDAVD,833.05,3.3432576603398996,17562,0.44011728441470566,4616237766.0,21.069124330722403,39.5389,258.52541665911025,0.6181615874389566,Health Technology,0.6484848484848484
NSE:WSI,WSI,60.18,-1.0685517014630914,52928,0.7179501091954803,4615953162.0,169.37799043062202,0.3553,,,Producer Manufacturing,-0.31212121212121213
NSE:POEL,POEL,161.65,8.921231722929727,43301,,4607220894.0,13.710422974818282,11.7903,-8.73745075121332,0.8013355592654423,Process Industries,
NSE:DONEAR,DONEAR,89.18,1.7571884984025632,25601,1.0210503645326483,4578600159.0,,,,0.2271436683702442,Process Industries,0.4242424242424242
NSE:DAVANGERE,DAVANGERE,3.19,-0.3125000000000072,3189928,0.7114485857287239,4575970381.0,59.849906191369605,0.0533,-54.170249355116084,,Process Industries,0.003030303030303022
NSE:GUJAPOLLO,GUJAPOLLO,348.4,-0.2148073893741945,5057,0.7396410758947507,4538851752.0,77.38782763216348,4.502,,0.5715102157451065,Producer Manufacturing,-0.49090909090909096
NSE:E2ERAIL,E2ERAIL,303.3,15.719191148416629,643200,20.049875311720697,4536809466.0,,,,,Industrial Services,0.5979020979020979
NSE:HALEOSLABS,HALEOSLABS,1478.9,2.880000000000006,404,0.5079844083993462,4505604850.0,28.295912217428324,52.2655,-8.492366412213736,0.10065087566261827,Health Technology,-0.045454545454545456
NSE:BLUEWATER,BLUEWATER,389.15,-4.934652497862476,17000,0.7296137339055794,4502850000.0,11.689766835487145,33.2898,,,Transportation,-0.06666666666666667
NSE:AMCL,AMCL,386.0,1.6056857067649442,800,0.3333333333333333,4496032922.0,,,,,Non-Energy Minerals,-0.28787878787878785
NSE:VISHAL,VISHAL,17.98,-0.772626931567332,35825,0.13298193190360008,4494121417.0,12.14864864864865,1.48,-0.490822295434686,,Process Industries,-0.4666666666666667
NSE:IGCL,IGCL,72.09,0.9946763799383693,62330,0.5823029600945436,4488903660.0,10.981796024068856,6.5645,,,Process Industries,0.045454545454545456
NSE:THOMASCOTT,THOMASCOTT,278.8,-7.406177349717705,360673,1.687546964293568,4456127815.0,19.201366410005647,14.5198,32.52950465046231,,Consumer Non-Durables,-0.5575757575757576
NSE:NILE,NILE,1525.9,3.268814293448848,6611,0.5906106222361192,4453468829.0,9.450076051467272,161.4696,12.328006661644007,0.337029422668599,Non-Energy Minerals,-0.3181818181818182
NSE:HLVLTD,HLVLTD,6.7,-0.44576523031203935,138213,0.5842377175784906,4450004242.0,92.54143646408839,0.0724,-77.30407523510972,,Consumer Services,-0.37575757575757573
NSE:ATALREAL,ATALREAL,33.93,-5.355648535564858,20786651,1.8880049914578307,4436724806.0,42.470897484040556,0.7989,121.97832731314256,,Consumer Durables,0.17575757575757575
NSE:GPECO,GPECO,371.1,-1.9939257889871795,16800,1.0951760104302477,4434294420.0,10.943093554455972,33.9118,276.14161961910884,,Distribution Services,-0.5121212121212121
NSE:SBGLP,SBGLP,25.25,1.2024048096192415,27925,1.730527307318101,4420385089.0,10.472398490315625,2.4111,240.6952098346757,0.4707728520988623,Finance,-0.15454545454545454
NSE:DENORA,DENORA,851.05,2.4682439347420386,2284,0.5477875044969421,4418375851.0,37.043082360519875,22.9746,491.97629476938937,0.48059593896431574,Electronic Technology,-0.02121212121212121
NSE:CHAVDA,CHAVDA,135.0,-0.037023324694565984,62000,0.49363057324840764,4410192800.0,,,,,Consumer Durables,0.26363636363636367
NSE:ABCOTS,ABCOTS,217.4,8.885104677952524,152577,23.34195147324297,4392723846.0,34.16627377023416,6.363,-12.818896774723918,,Consumer Non-Durables,0.33636363636363636
NSE:NAHARCAP,NAHARCAP,257.75,0.8332681323840057,3554,0.25266241060129957,4370749884.0,3.6243958754304626,71.1153,140.04678386260534,0.5747126436781609,Finance,0.31212121212121213
NSE:VINYLINDIA,VINYLINDIA,239.73,1.335756858435134,7553,0.9573119724200867,4365149215.0,23.545415258898405,10.1816,-14.592490688856834,2.940558706154169,Distribution Services,-0.35454545454545455
NSE:MIRZAINT,MIRZAINT,31.43,-0.03180661577608639,110841,0.569772905085651,4356124087.0,,-1.6244,-264.7965912549457,,Consumer Non-Durables,-0.49090909090909096
NSE:KOTYARK,KOTYARK,36.36,-4.99085445518684,27777,0.06889412002810627,4355467020.0,,,,1.1799065420560746,Process Industries,-0.2
NSE:VPRPL,VPRPL,34.76,-0.4581901489118089,396758,0.2780166457664962,4355061091.0,,-15.7568,-486.30969893105816,,Industrial Services,0.2
NSE:DIVINEHIRA,DIVINEHIRA,111.0,0.09017132551847999,30000,1.1737089201877935,4340770170.0,60.95551894563427,1.821,,,Consumer Durables,0.5121212121212121
NSE:OPTIVALUE,OPTIVALUE,192.5,3.913630229419703,172800,1.4173228346456692,4336961850.0,,,,,Technology Services,0.603030303030303
NSE:TECHD,TECHD,575.0,-0.7422751596754625,10500,1.1784511784511784,4333009326.9,31.072515144473687,18.5051,,,Technology Services,-0.35454545454545455
NSE:SHERA,SHERA,179.9,1.6384180790960483,85000,3.079710144927536,4325764242.0,12.85266233719842,13.9971,72.06234864595754,,Producer Manufacturing,0.5575757575757576
NSE:SARVESHWAR,SARVESHWAR,3.43,-1.9999999999999956,688876,0.5628554737130187,4323008880.0,12.727272727272727,0.2695,-3.4050179211469564,,Process Industries,-0.3787878787878788
NSE:KRITINUT,KRITINUT,85.79,0.7516147974163248,4137,0.09076628066680416,4302890112.0,12.896485373259976,6.6522,3.4749875559980063,0.0,Process Industries,0.3787878787878788
NSE:RAMAPHO,RAMAPHO,121.16,-0.2962475312705723,6382,0.1760716867237203,4299839237.0,7.978085944187638,15.1866,91.7451579505568,0.6157635467980296,Process Industries,-0.4
NSE:SAHYADRI,SAHYADRI,375.55,-3.2461677186654563,20137,0.3241462126870477,4258657707.0000005,9.186329235300162,40.8814,152.39794532388316,0.3855545559696697,Non-Energy Minerals,0.35454545454545455
NSE:ACL,ACL,46.37,0.9360034828036564,4303,0.2690972765079266,4246370555.0000005,,-7.971,53.540828816226615,,Non-Energy Minerals,-0.35454545454545455
NSE:LIBERTSHOE,LIBERTSHOE,245.15,-1.1691191292078233,29520,0.7260492296794758,4226772279.0,48.67660782717471,5.0363,-29.808643781968197,,Consumer Non-Durables,-0.49090909090909096
NSE:MUTHOOTCAP,MUTHOOTCAP,254.27,-1.7086087595191108,8011,0.3002263596570137,4208101330.0000005,17.450654734125788,14.5708,-20.85216408830176,,Finance,0.3333333333333333
NSE:ASAHISONG,ASAHISONG,345.2,-3.305322128851544,23262,0.8515202319332899,4208052520.9999995,11.680827809303379,29.5527,96.32953775427502,0.42016806722689076,Process Industries,0.04242424242424242
NSE:TERASOFT,TERASOFT,344.15,2.2126522126522095,24791,0.5549176163008029,4207118020.0,17.36368635879738,19.8201,125.66178228643648,0.35687732342007433,Technology Services,-0.4
NSE:AUTOIND,AUTOIND,88.7,-4.991431019708651,33892,0.2551991211247074,4195409493.0,10.089290792242508,8.7915,203.95173558290688,,Producer Manufacturing,-0.1575757575757576
NSE:OMAXAUTO,OMAXAUTO,198.69,1.7670559311616412,27371,0.20887116775092052,4187812015.0000005,10.49215820879759,18.937,55.546429011458386,2.553626149131767,Producer Manufacturing,-0.08787878787878788
NSE:BATLIBOI,BATLIBOI,85.85,-2.2766078542970978,28215,0.11012730114928172,4146549647.0,44.33713784021071,1.9363,12.028465632955333,0.683293474547318,Producer Manufacturing,-0.1575757575757576
NSE:UYFINCORP,UYFINCORP,20.37,-4.768583450210376,287353,0.3468411053415507,4135781518.0,6.25095897136895,3.2587,391.58244079046614,,Finance,0.26363636363636367
NSE:NDLVENTURE,NDLVENTURE,116.17,-5.980899967627064,57175,1.0598345416157662,4134874966.9999995,505.52654482158397,0.2298,17.785750896975916,0.40716612377850164,Consumer Services,-0.4242424242424242
NSE:CPL,CPL,68.36,-0.14607069821792917,118794,1.8749437725205853,4121043552.0,14.526136846578835,4.706,-18.651685393258422,,Producer Manufacturing,-0.26666666666666666
NSE:KOTHARIPRO,KOTHARIPRO,67.95,-0.918635170603668,4035,0.29478590580000513,4117856288.0,20.02829604739588,3.3927,,,Distribution Services,-0.4666666666666667
NSE:SRGHFL,SRGHFL,259.1,-2.7219823540454287,4714,0.8306607929515418,4116173294.9999995,11.898092447856875,21.7766,28.82513014671083,,Finance,-0.5575757575757576
NSE:C2C,C2C,229.45,-6.461475743986964,299400,3.031591737545565,4082078755.7,21.098850574712642,10.875,,,Technology Services,-0.5575757575757576
NSE:NEPTUNE,NEPTUNE,179.0,-0.5555555555555556,24000,5.517241379310345,4077630000.0,14.159376038222405,12.6418,,,Non-Energy Minerals,-0.49090909090909096
NSE:CYBERTECH,CYBERTECH,133.92,0.20951810835079404,8492,0.8049060216297167,4070999630.0,13.155206286836934,10.18,-11.308590346750305,2.9850746268656714,Technology Services,-0.35454545454545455
NSE:COMMITTED,COMMITTED,347.6,-0.057504312823458484,2400,0.029940119760479042,4058686880.0,39.14414414414414,8.88,23.022360145188557,,Transportation,0.4
NSE:MONEYBOXX,MONEYBOXX,56.15,-1.8184997377163825,15292,1.8292303643627839,4048933838.0,249.77758007117438,0.2248,,,Finance,-0.603030303030303
NSE:VRAJ,VRAJ,121.48,-0.01646090534979096,10130,0.46313440956077667,4013984318.0,11.152832735051366,10.8923,-0.5868608875015914,,Non-Energy Minerals,-0.4666666666666667
NSE:LORDSCHLO,LORDSCHLO,133.42,-4.686383769109875,29362,2.0984848484848486,4011540680.0,11.268105232042565,11.8405,112.85909466796105,,Process Industries,-0.5575757575757576
NSE:AFIL,AFIL,9.36,-0.42553191489362685,361615,0.39530498602552083,4011449550.0,9.208972845336481,1.0164,26.70157068062827,,Technology Services,-0.26666666666666666
NSE:SURAJLTD,SURAJLTD,209.45,-3.9220183486238582,8697,8.85371067901863,4004291953.0,46.254582394770544,4.5282,-19.645804127553102,0.687915615684476,Non-Energy Minerals,-0.5575757575757576
NSE:BANSWRAS,BANSWRAS,116.01,0.4676539360873008,20758,0.6024145336351501,4003442374.0,10.680746851292628,10.8616,89.10458415307207,0.8550662676357417,Process Industries,-0.26363636363636367
NSE:PAKKA,PAKKA,95.49,6.955645161290315,2368797,11.108585529370165,3998133451.0,70.70191026210573,1.3506,-87.09658928059616,,Process Industries,0.4454545454545455
NSE:CONNPLEX,CONNPLEX,210.6,0.765550239234447,23200,1.5104166666666667,3991900000.0,15.424051559982422,13.654,,,Consumer Services,0.2909090909090909
NSE:XTGLOBAL,XTGLOBAL,29.74,0.2021563342318016,36734,0.37357078715902536,3988838897.0,34.88563049853372,0.8525,-1.0676569571776704,0.0,Technology Services,-0.4212121212121212
NSE:SHIVALIK,SHIVALIK,243.96,-4.179104477611935,38788,1.5298391199914807,3987204869.0,32.199989440895415,7.5764,-30.39276034728283,0.19751135690302193,Process Industries,-0.4242424242424242
NSE:BASILIC,BASILIC,183.1,6.794983960338295,49800,1.5528531337698783,3984498000.0,9.58187241613899,19.109,61.313196971103935,,Consumer Services,-0.4666666666666667
NSE:ABMKNO,ABMKNO,192.1,-2.4873096446700536,2037,0.9751077070368598,3980437635.0,45.4384180523689,4.2277,-42.68691113671797,0.628140703517588,Technology Services,-0.5
NSE:PPAP,PPAP,275.5,-1.607142857142857,21301,0.8683050909639364,3960713633.0,8.420930367617167,32.7161,900.5229517722254,0.8933357155619082,Producer Manufacturing,-0.06666666666666667
NSE:FOODSIN,FOODSIN,55.0,2.3255813953488373,425803,3.686523073939461,3960409607.0,16.26737651582372,3.381,-40.13598215234251,0.5569996286669142,Consumer Non-Durables,-0.08787878787878788
NSE:TREJHARA,TREJHARA,166.95,1.9479726428920356,18380,0.21867051184128186,3947912643.0,30.988974273304372,5.3874,156.7262330235883,,Technology Services,0.46969696969696967
NSE:SHAH,SHAH,3.96,-1.7369727047146473,2802290,0.5521889592908404,3939321038.0,25.41720154043646,0.1558,-23.326771653543307,,Non-Energy Minerals,-0.5121212121212121
NSE:DIGISPICE,DIGISPICE,16.77,0.9025270758122657,91590,0.9088888315533972,3928394362.0,19.207421830259992,0.8731,,,Technology Services,-0.4666666666666667
NSE:LANCER,LANCER,10.92,-1.3550135501355045,148016,0.3454158988492434,3907097034.0,20.14388489208633,0.5421,,,Transportation,-0.5121212121212121
NSE:EMAMIREAL,EMAMIREAL,73.47,-1.8961143009747654,7601,0.5223767765346236,3905143586.0,,-34.8641,15.576138413667021,,Finance,-0.5575757575757576
NSE:AKIKO,AKIKO,378.7,4.656625673621657,47200,1.9666666666666666,3896979760.0,,,,,Finance,0.603030303030303
NSE:MANOMAY,MANOMAY,216.55,0.5572324123519931,84379,0.8331350360242855,3891307304.0,20.30968637454982,10.6624,3.5023685641065403,,Process Industries,0.4
NSE:ZODIAC,ZODIAC,256.05,-0.07804878048780044,20013,0.8174310127926545,3882862133.0,16.043233082706767,15.96,19.610591083165346,0.2926829268292683,Producer Manufacturing,-0.3333333333333333
NSE:SINCLAIR,SINCLAIR,74.98,0.45551982851018674,11794,0.3702320149926073,3870129873.0,35.65552332493224,2.1029,-19.156543133938182,1.0596026490066226,Consumer Services,-0.35454545454545455
NSE:TAURIAN,TAURIAN,461.1,6.012185308656175,55200,0.8023255813953488,3863747840.0,22.736462165067405,20.2802,,,Producer Manufacturing,0.5575757575757576
NSE:GOKUL,GOKUL,39.01,0.853154084798341,133664,0.9019540628555672,3855855433.0,18.660607510165033,2.0905,27.555067423271705,,Process Industries,-0.35454545454545455
NSE:GINNIFILA,GINNIFILA,45.02,0.8060904612628897,15057,0.29607649970209476,3854252815.0,10.84740862106354,4.1503,140.51344459898004,,Process Industries,0.0
NSE:MANORG,MANORG,443.8,-0.8600469116497188,19913,1.1527796270674253,3843292776.0,18.602584577208273,23.8569,-11.760397980507834,,Process Industries,-0.5121212121212121
NSE:APEXECO,APEXECO,285.0,-1.7918676774638143,13600,0.8056872037914692,3826577200.0,22.06787614114149,12.9147,,,Utilities,0.4454545454545455
NSE:TOLINS,TOLINS,95.55,-1.5760197775030915,32207,0.6796632810472137,3826430224.0,11.593481927272286,8.2417,-16.66211638606603,,Consumer Durables,-0.4
NSE:EUROBOND,EUROBOND,157.68,1.7290322580645205,3689,0.30977872947894364,3823225075.0,15.074281562494026,10.4602,75.39488245749355,,Non-Energy Minerals,-0.4454545454545455
NSE:MAXVOLT,MAXVOLT,350.95,0.2284735113522809,36800,1.1260709914320686,3818010389.2000003,15.701266570327983,22.3517,,,Producer Manufacturing,0.13333333333333333
NSE:SHETHJI,SHETHJI,165.9,-0.8368200836820118,13000,0.43478260869565216,3807748000.0,,,,,Consumer Non-Durables,0.3076923076923077
NSE:MARKOLINES,MARKOLINES,171.62,-0.0174774249927184,143236,0.9831661387137626,3806827742.0,14.141863607897426,12.1356,33.99878540274941,0.8748906386701663,Industrial Services,-0.24545454545454548
NSE:MANAKSIA,MANAKSIA,59.46,1.0022082554781782,27660,1.0430021568952774,3802940841.0,6.199045017619217,9.5918,16.528373403958067,,Non-Energy Minerals,0.35757575757575755
NSE:MAJESAUT,MAJESAUT,352.55,-2.717991169977916,5325,0.19778627938936968,3781562566.0,3.792601549313502,92.9573,880.9657981659121,6.873797085510036,Commercial Services,-0.4090909090909091
NSE:CPEDU,CPEDU,203.99,-1.9797222622651502,6510,0.6174537383931028,3775944702.0,15.560234025187457,13.1097,13.77182629222064,0.0,Commercial Services,-0.11212121212121212
NSE:ECOLINE,ECOLINE,182.0,-1.1138277641945185,10000,0.35587188612099646,3775854768.75,17.751941008934494,10.2524,,,Consumer Durables,-0.3076923076923077
NSE:VGINFOTECH,VGINFOTECH,150.8,-0.6587615283267457,37000,1.0249307479224377,3775058793.0,,,,,Technology Services,-0.11212121212121212
NSE:AVG,AVG,198.42,-0.30147723846850705,5239,0.2846029736909296,3772482738.0,11.199096938055593,17.7175,26.398282110549896,0.595090503347384,Transportation,-0.06666666666666667
NSE:AEPL,AEPL,14.9,-0.2009377093101096,20978,0.12912963376747927,3758022625.0,43.37700145560407,0.3435,1.178203240058911,,Producer Manufacturing,-0.4160839160839161
NSE:RADIANTCMS,RADIANTCMS,34.45,-1.1761331038439375,320886,2.461858327643218,3733709902.0,11.748456842751425,2.9323,-27.214734281530014,7.144898542440697,Commercial Services,-0.603030303030303
NSE:INFINIUM,INFINIUM,243.1,1.545530492898909,3500,0.5932203389830508,3730598928.0,31.190659481652553,7.794,35.883399002754615,,Health Technology,0.4
NSE:TARACHAND,TARACHAND,46.96,-0.3395585738539826,80945,0.25930745416429607,3714229288.0,16.15855756658179,2.9062,-14.731684417451515,,Finance,-0.4
NSE:SHEETAL,SHEETAL,315.25,-2.6254826254826256,2000,0.3076923076923077,3708879676.25,31.36753497442837,10.0502,23.82583411364644,,Consumer Non-Durables,0.15454545454545454
NSE:HCL_INSYS,HCL_INSYS,11.32,0.7117437722419936,76567,0.42804751921733053,3703611374.0,,-1.3699,-109.84987745098036,,Technology Services,-0.35454545454545455
NSE:HALDER,HALDER,290.66,-1.444459514444592,29702,0.9196576750637834,3702832985.0,10.01982177637589,29.0085,60.88126005213246,0.0,Distribution Services,0.33916083916083917
NSE:DJML,DJML,105.46,-1.8428890543559233,166705,0.42771510769143145,3697338237.0,30.25243832472748,3.486,54.94710640945863,0.1394700139470014,Commercial Services,-0.22424242424242424
NSE:JKIPL,JKIPL,97.28,0.1853759011328598,167738,6.150940767061602,3696955719.0,43.7449410918248,2.2238,,,Distribution Services,-0.15454545454545454
NSE:GVKPIL,GVKPIL,2.33,-0.4273504273504183,945206,1.6452981187461837,3695352030.0,,-5.317,-248.57350434515325,,Industrial Services,-0.5121212121212121
NSE:HPTL,HPTL,325.2,4.98789346246973,6000,1.492537313432836,3690581422.5,15.205001005250681,21.3877,,,Distribution Services,0.5575757575757576
NSE:MENNPIS,MENNPIS,71.53,-0.389917838741124,51081,0.30646571196986755,3680160187.0,14.00763732497797,5.1065,6.106886090678632,1.385809312638581,Producer Manufacturing,-0.1818181818181818
NSE:AVONMORE,AVONMORE,13.18,1.3066871637202149,404631,1.3235320092921445,3676867262.0,24.95739443287256,0.5281,-48.97091506425741,,Finance,0.49090909090909096
NSE:MBLINFRA,MBLINFRA,24.06,-1.3125512715340455,19193,0.8981030013195699,3675955010.0,,-1.0074,81.29942454056062,,Industrial Services,-0.603030303030303
NSE:RUBFILA,RUBFILA,68.84,2.197149643705469,14395,0.279866161954922,3664143344.0,14.142202682991968,4.8677,-8.91620822574005,2.962085308056872,Process Industries,-0.26363636363636367
NSE:INSPIRISYS,INSPIRISYS,91.49,-0.12008733624454086,2317,0.2577222117170729,3659806423.0,9.327148537057804,9.809,9.867831541218619,,Technology Services,-0.35454545454545455
NSE:RRECL,RRECL,136.35,-5.965517241379315,894,,3656867600.0,,-7.7757,-19065.121951219513,,Finance,
NSE:MEGATHERM,MEGATHERM,189.35,-2.346570397111919,36400,1.5555555555555556,3653217353.1,15.062804776185892,12.5707,11.16446472471305,,Producer Manufacturing,-0.5121212121212121
NSE:FORCAS,FORCAS,210.0,1.2048192771084338,17600,0.5445544554455446,3647850000.0,26.910656620021527,7.8036,59.00079463721757,,Consumer Non-Durables,0.5121212121212121
NSE:SCANSTL,SCANSTL,62.69,0.7391933151213256,141286,1.3455886414589036,3646235099.0,15.301066608088647,4.0971,37.50041950531934,,Non-Energy Minerals,0.40909090909090906
NSE:VISHNUINFR,VISHNUINFR,145.8,-1.4864864864864789,1000,0.05361930294906166,3642231160.0,8.57869095530608,16.9956,12.247378014952579,,Non-Energy Minerals,-0.4666666666666667
NSE:ATMASTCO,ATMASTCO,145.55,-0.9863945578231216,16000,1.2698412698412698,3635999430.0,14.545981491475287,10.0062,,,Producer Manufacturing,-0.5121212121212121
NSE:SHEMAROO,SHEMAROO,127.02,-1.6111541440743598,4619,0.3227564617674393,3634382823.0,,-64.7595,-55.75124823227222,,Consumer Services,0.35454545454545455
NSE:S&SPOWER,S&SPOWER,277.7,-6.718172657037286,10586,2.2428441280535605,3628415663.0,42.401478020551814,6.5493,15310.11764705882,,Producer Manufacturing,-0.603030303030303
NSE:MADHUSUDAN,MADHUSUDAN,227.0,0.9786476868327352,7000,0.30434782608695654,3627148000.0,15.478926158021425,14.6651,105.69028149852029,,Consumer Non-Durables,0.11212121212121212
NSE:MEDICO,MEDICO,42.66,-3.636774339281695,129648,0.1942882712962487,3624741196.0,25.560215698022766,1.669,34.03469322197237,,Health Technology,-0.4242424242424242
NSE:NIMBSPROJ,NIMBSPROJ,179.44,-2.4782608695652186,29851,4.751754986389901,3623228831.0,,-28.5582,76.38147317441098,,Finance,-0.5
NSE:KESORAMIND,KESORAMIND,11.95,1.9624573378839474,190942,0.3579238609033993,3612744826.0,,-0.2889,-100.16238036462232,,Non-Energy Minerals,0.06666666666666667
NSE:UCL,UCL,260.0,1.1673151750972763,6000,0.9375000000000002,3610542000.0,,-0.182,92.41540256709452,,Process Industries,0.4454545454545455
NSE:ORIENTPPR,ORIENTPPR,17.34,1.4035087719298152,283563,1.0610215648218722,3609275422.0,,-3.3484,-398.57057772483626,,Process Industries,-0.3090909090909091
NSE:VARDHACRLC,VARDHACRLC,44.13,-0.7645603777827666,13291,0.5255146018014029,3573775572.0,8.500433400751229,5.1915,351.5133066620282,3.3730604902181245,Consumer Non-Durables,-0.17878787878787877
NSE:TEAMTECH,TEAMTECH,117.0,-1.556583929322671,28000,1.4893617021276595,3562647600.0,,,,,Producer Manufacturing,-0.2727272727272727
NSE:PURPLEUTED,PURPLEUTED,388.95,4.993926305844243,45000,1.2211668928086838,3559950410.0,24.604163635558535,15.8083,45.03293638415382,,Consumer Non-Durables,0.5363636363636364
NSE:ANNAPURNA,ANNAPURNA,157.6,-3.312883435582826,63315,0.4883065561026173,3556660000.0,10.956389952934797,14.3843,45.89575324820221,,Consumer Non-Durables,0.3787878787878788
NSE:HARRMALAYA,HARRMALAYA,189.03,-2.2949294464258014,25619,1.0437776283892601,3555433522.0,12.869777163515547,14.6879,2.4267951659356113,,Process Industries,-0.603030303030303
NSE:MEGASTAR,MEGASTAR,308.9,-0.914194065757826,4305,1.0920021307358647,3541704457.0,35.210705695950026,8.7729,99.11709298894664,,Process Industries,-0.35757575757575755
NSE:KRITI,KRITI,65.81,-1.378690244267948,7131,0.4758599979980648,3541170982.0,,-1.5826,34.165314696950794,,Producer Manufacturing,-0.603030303030303
NSE:KCPSUGIND,KCPSUGIND,31.44,1.0282776349614406,222994,0.7718055648332388,3541014994.0,9.324949578834975,3.3716,,0.32020493115593984,Process Industries,0.5575757575757576
NSE:ACSTECH,ACSTECH,49.92,-1.9638648860958365,343255,0.6942931652409845,3538207100.0,,,,,Process Industries,0.4090909090909091
NSE:BEDMUTHA,BEDMUTHA,114.72,5.141600219961506,1711,0.43274824219737973,3528055830.0,22.111288861476783,5.1883,45.902699662542176,,Non-Energy Minerals,0.5151515151515151
NSE:EBIX,EBIX,17.06,4.984615384615377,229126,,3527281660.0,,-14.7762,23.929696670167417,,Distribution Services,
NSE:HOACFOODS,HOACFOODS,810.0,0.0,3000,0.7017543859649122,3515772600.0,53.1496062992126,15.24,,,Process Industries,0.49090909090909096
NSE:DREAMFOLKS,DREAMFOLKS,66.65,1.214882308276403,59119,0.7702429980574227,3505689562.0,,-4.4213,-134.5684128225176,,Transportation,-0.4454545454545455
NSE:NICCOPAR,NICCOPAR,75.25,,268,,3502511772.0,59.64648065948002,1.2616,-43.73132331296553,0.6680919294494923,Consumer Services,
NSE:AMBALALSA,AMBALALSA,47.61,4.1794310722100585,549103,0.8773112976179634,3501375059.0,26.91503194075414,1.7689,5.846098611775964,,Health Technology,0.5
NSE:CGRAPHICS,CGRAPHICS,141.4,-1.8055555555555516,24800,0.5762081784386617,3497184000.0,18.274400330851947,7.7376,-9.526092396197527,,Commercial Services,-0.31212121212121213
NSE:ENCOMPAS,ENCOMPAS,237.65,-3.236970684039083,81600,3.493150684931507,3483478406.4,,,,,Consumer Durables,-0.4755244755244755
NSE:ROSSELLIND,ROSSELLIND,56.9,1.2996261349474754,50191,2.1564432070599615,3478503193.0,18.395784164753806,3.0931,-42.64708609148726,0.7178750897343863,Electronic Technology,0.11212121212121212
NSE:TAKE,TAKE,23.31,-0.5121638924455868,387252,0.2871096903857711,3473490387.0,26.861027886609815,0.8678,-68.51690610941809,,Technology Services,-0.045454545454545456
NSE:DANGEE,DANGEE,2.9,-1.360544217687076,92626,2.012409999261212,3472136270.0,,-0.1123,-131.06995884773664,,Consumer Non-Durables,-0.603030303030303
NSE:TRANSWORLD,TRANSWORLD,157.12,-1.3932471444709418,7324,0.689025824356743,3467094007.0,,-15.6985,-243.20704974411836,0.9499683343888538,Transportation,-0.4454545454545455
NSE:TCL,TCL,138.35,-2.260685270222548,54400,0.8192771084337349,3445530265.8,26.41678759642557,5.2372,9.548810843600293,,Producer Manufacturing,0.35454545454545455
NSE:TIRUPATI,TIRUPATI,340.0,0.0,8125,0.9658246656760773,3444213657.0,120.8931873133267,2.8124,-80.13954013897519,,Process Industries,-0.4
NSE:ALUFLUOR,ALUFLUOR,440.3,1.4399262757746802,5718,,3442185006.0,13.897788285202944,31.6813,43.09336368522559,0.9087810973531751,Non-Energy Minerals,
NSE:SANGINITA,SANGINITA,59.53,4.991181657848321,31341,0.15209640294263663,3421618200.0,,-8.6458,-5530.778894472362,,Process Industries,0.3333333333333333
NSE:SHANKARA,SHANKARA,141.52,0.29766123316797727,57697,0.2250065906570224,3417942525.0,69.22324398356487,2.0444,-94.71165536258425,,Retail Trade,0.28787878787878785
NSE:PRIMECAB,PRIMECAB,191.45,3.48648648648648,24000,1.1904761904761905,3389951100.0,28.658892564705177,6.6803,,,Producer Manufacturing,0.4666666666666667
NSE:IITL,IITL,148.09,-1.5031592949783779,91829,0.6066714101580746,3383259977.0,,-2.0726,-140.99450136476918,,Finance,0.403030303030303
NSE:MVKAGRO,MVKAGRO,206.7,-4.987359227763743,9900,0.09987893462469734,3369849500.0,,,,,Process Industries,-0.5121212121212121
NSE:BRANDMAN,BRANDMAN,181.6,-0.49315068493150993,24000,0.9523809523809523,3368436445.0,,,,,Retail Trade,-0.0174825174825175
NSE:UCAL,UCAL,152.31,0.28972147231184414,131185,1.2788168811431901,3361270645.0,,-9.7131,-8.612418790325297,,Producer Manufacturing,0.4666666666666667
NSE:SUNDRMBRAK,SUNDRMBRAK,862.5,-4.145365636808174,1369,0.3620160778506452,3356585702.0,94.75314745237624,9.1026,13.744111362415182,0.07619270894385184,Producer Manufacturing,0.3090909090909091
NSE:HIGREEN,HIGREEN,131.85,-1.7511177347242879,32800,1.3225806451612903,3353658000.0,96.12160093314866,1.3717,-69.19881438900616,,Industrial Services,-0.4666666666666667
NSE:NDL,NDL,2.27,-2.5751072961373414,1383832,1.5439549503152104,3344214201.0,8.771251931993818,0.2588,0.31007751937983236,,Process Industries,-0.4666666666666667
NSE:ASHIMASYN,ASHIMASYN,17.38,-0.7424328954883069,82670,1.238028917791705,3329135750.0,,-0.8259,30.421229991575405,,Process Industries,-0.024242424242424246
NSE:ESFL,ESFL,130.6,-2.3916292974589064,12960,0.5317577548005886,3323463552.0,,-0.283,-106.32105604074067,,Producer Manufacturing,0.38181818181818183
NSE:ESSARSHPNG,ESSARSHPNG,15.96,-0.1876172607879885,283722,0.7524175872260698,3315756559.0,3.6316472114137484,4.3947,-87.40831365897266,,Transportation,-0.5121212121212121
NSE:NURECA,NURECA,329.9,-3.0561269468116468,6463,0.3231742380678551,3291962299.0,78.7031514659923,4.1917,,,Health Technology,0.17575757575757575
NSE:HPAL,HPAL,34.67,-2.721661054994385,43228,0.18322562378220106,3287277834.0,171.1253701875617,0.2026,-88.939236774581,1.1179429849077696,Non-Energy Minerals,-0.3787878787878788
NSE:FROG,FROG,215.4,1.988636363636372,10800,1.238532110091743,3285068160.0,,-1.0109,-105.58866455850158,,Electronic Technology,0.4666666666666667
NSE:GOACARBON,GOACARBON,353.3,-0.7444865851945435,20909,2.3054701024334845,3270128317.0,,-51.2136,-42.17627397199426,,Process Industries,-0.5121212121212121
NSE:CLAYCRAFT,CLAYCRAFT,158.4,-0.31466331025802385,7800,0.2184873949579832,3268617492.0,,,,,Consumer Durables,-0.5113636363636364
NSE:DCMNVL,DCMNVL,178.29,2.5657251337513545,40956,1.3131510688028831,3268605852.0,11.343479201394633,15.7174,114.12476329305339,,Process Industries,0.3090909090909091
NSE:AVANA,AVANA,137.4,-4.5833333333333295,10000,0.684931506849315,3260938896.0,,,,,Producer Manufacturing,-0.48951048951048953
NSE:AASTHA,AASTHA,73.03,-0.24586805081272042,433435,0.21432480997021403,3253720994.0,,,,,Process Industries,-0.4305555555555556
NSE:CLEDUCATE,CLEDUCATE,60.36,2.305084745762711,15824,0.5158144189427499,3240203026.0,,-4.3671,-21.809104094611175,,Commercial Services,0.3333333333333333
NSE:OMFREIGHT,OMFREIGHT,94.2,-1.1646207113629203,2997,0.18350365231660348,3232842407.0,16.232143780262955,5.8033,,,Transportation,0.4
NSE:ATLANTAA,ATLANTAA,38.68,-2.421796165489407,49094,0.20350173536484617,3229029913.0,,-0.6232,-133.59206554549374,,Industrial Services,-0.26666666666666666
NSE:DBEIL,DBEIL,6.68,-2.3391812865497097,142159,0.9864035498565417,3209421149.0,11.327793793454298,0.5897,-51.90833469254608,1.451378809869376,Industrial Services,-0.603030303030303
NSE:SWISSMLTRY,SWISSMLTRY,14.01,4.8652694610778475,115984,,3206757966.0,47.013422818791945,0.298,-24.018357980622135,0.7363770250368189,Distribution Services,
NSE:SYSTANGO,SYSTANGO,214.6,-1.6047684548372305,26000,1.5776699029126213,3199265280.0,9.876929591207416,21.7274,34.302138706885884,,Technology Services,-0.4212121212121212
NSE:HILINFRA,HILINFRA,46.3,4.138551506972552,291757,4.774214134934791,3198023102.0,12.552528127965298,3.6885,,,Transportation,0.2909090909090909
NSE:MANBRO,MANBRO,53.1,-1.6666666666666639,22983,,3152290680.0,109.48453608247424,0.485,,,Consumer Non-Durables,
NSE:PSRAJ,PSRAJ,81.0,-3.1100478468899455,17500,0.8433734939759037,3151015252.0,35.57624736472241,2.2768,15.814639605269859,,Non-Energy Minerals,-0.4212121212121212
NSE:DEVX,DEVX,33.31,1.307785888077858,31427,0.20582818550013884,3150297715.0,27.236304170073588,1.223,,,Finance,-0.35454545454545455
NSE:FELIX,FELIX,185.6,1.4762165117550512,66500,1.1981981981981982,3147041370.0,14.26934934534747,13.0069,223.2331013916501,,Industrial Services,0.17878787878787877
NSE:TRACXN,TRACXN,29.04,-0.10319917440660867,71590,0.589895394300452,3144475619.0,,-1.1247,-22.543037698845076,,Technology Services,-0.4212121212121212
NSE:APOLSINHOT,APOLSINHOT,1190.0,-1.3103333886216584,1066,0.936566508522228,3135562412.0,37.22356032406393,31.969,-18.381050126887345,0.2487974788522143,Consumer Services,-0.49090909090909096
NSE:DYNAMIC,DYNAMIC,141.75,0.9255962976148178,10500,1.1475409836065573,3134590066.4,7.316997630686482,19.3727,114.97752871331075,,Commercial Services,0.2
NSE:APCL,APCL,106.23,-0.5988584261251994,4528,0.32916306220513053,3126943484.0,,-11.0473,50.22819529732969,,Non-Energy Minerals,0.04242424242424242
NSE:GULFPETRO,GULFPETRO,62.81,2.0139678414812443,288388,0.7566468445280534,3125326949.0,7.866392806151842,7.9846,53.196469685341526,0.8156606851549756,Energy Minerals,0.4454545454545455
NSE:OILCOUNTUB,OILCOUNTUB,59.6,0.0,12076,0.3457457468921248,3077780362.0,,-13.0322,-96.17353082851636,,Industrial Services,0.4454545454545455
NSE:VERTOZ,VERTOZ,35.66,-0.8618293021962811,29064,0.6612111739774365,3065723325.0,11.730649034507714,3.0399,-4.63956333521552,0.0,Commercial Services,-0.4454545454545455
NSE:RUCHIRA,RUCHIRA,104.62,2.5183733463988314,37592,0.8821037959653955,3059110866.0,9.377661052499485,11.1563,-52.11230726966794,2.4390243902439024,Process Industries,-0.4
NSE:CINELINE,CINELINE,87.07,-1.6047010961690606,11389,0.818028371341354,3043201895.0,24.113769801705992,3.6108,,,Consumer Services,0.17575757575757575
NSE:METALIC,METALIC,129.8,2.4063116370808766,124800,0.36896877956480606,3040022700.0,,,,,Producer Manufacturing,0.4
NSE:SAYAJIIND,SAYAJIIND,109.7,-4.442508710801389,1038,,3031072121.0,22.82515969289029,4.8061,,,Process Industries,
NSE:VARDMNPOLY,VARDMNPOLY,6.23,0.6462035541195482,228744,0.5653128294655448,3028529199.0,0.9430106713085599,6.6065,806.4901207464326,,Process Industries,-0.3787878787878788
NSE:JAINIK,JAINIK,208.0,-1.3984356482578757,6000,0.34965034965034963,3026647315.0,20.4525118241084,10.1699,,,Non-Energy Minerals,0.4
NSE:SOMATEX,SOMATEX,88.38,-2.879120879120884,15353,1.5276768923073862,3020867836.0,32.618564310758444,2.7095,-87.5180813915992,0.5467468562055768,Process Industries,-0.5121212121212121
NSE:MAHEPC,MAHEPC,107.37,0.05591277606933396,15286,0.6529158248582985,3014488794.0,31.38464236649031,3.4211,-11.71126996825724,,Producer Manufacturing,-0.2212121212121212
NSE:MEDICAMEQ,MEDICAMEQ,225.73,2.660542113880296,22641,1.1704646498066544,3008910738.0,26.806241687250616,8.4208,14.019552089257184,0.450755014649538,Health Technology,-0.5121212121212121
NSE:PELATRO,PELATRO,286.5,1.0582010582010581,1800,0.2643171806167401,3004362616.5,15.158489547784955,18.9003,,,Technology Services,0.045454545454545456
NSE:PONNIERODE,PONNIERODE,357.65,1.9672131147540919,185151,2.819629939846189,3000418148.0,6.215081978608231,57.5455,213.3637918077957,1.432870038687491,Process Industries,0.603030303030303
NSE:VGL,VGL,58.44,-1.4502529510961206,30596,1.0858578688850402,2987632779.0,,-6.3781,-291.16712624385565,,Process Industries,-0.49090909090909096
NSE:BELLACASA,BELLACASA,223.29,0.2694328438636644,23312,1.9244962149042788,2986751289.0,16.53179533120599,13.5067,3.052660491660691,0.8964589870013447,Consumer Durables,-0.4
NSE:ARIHANTACA,ARIHANTACA,491.7,-1.5714142728455653,7200,3.1578947368421053,2977341840.0,32.366357945457054,15.1917,63.95277307115338,,Commercial Services,0.4454545454545455
NSE:ELGIRUBCO,ELGIRUBCO,57.87,-2.0977837929284417,43169,0.4429497834964805,2958455485.0,,-39.5369,-656.4699129436526,,Producer Manufacturing,-0.09090909090909091
NSE:ADISOFT,ADISOFT,176.45,-2.5138121546961387,27200,0.6427221172022685,2953558000.0,,,,,Producer Manufacturing,-0.45454545454545453
NSE:MODIRUBBER,MODIRUBBER,114.98,-1.8104184457728354,3220,1.149097137963029,2943514514.0,,,,,Consumer Durables,-0.5121212121212121
NSE:NATHBIOGEN,NATHBIOGEN,155.17,0.47918150618401906,10341,0.4466607348024776,2936117955.0,7.930837089964937,19.5654,-6.8638044870116595,1.2944983818770228,Process Industries,-0.4454545454545455
NSE:GENUSPAPER,GENUSPAPER,11.65,3.0973451327433597,117137,1.1812380627764343,2926093295.0,21.270768668979372,0.5477,395.20795660036157,,Process Industries,-0.26363636363636367
NSE:SIMCA,SIMCA,242.55,-0.5942622950819625,32400,0.9152542372881356,2921070400.0,,,,,Commercial Services,0.2272727272727273
NSE:LEMERITE,LEMERITE,23.01,-1.0322580645161223,355691,0.9953925897485121,2910156000.0,25.01086956521739,0.92,519.1117092866756,,Process Industries,-0.27622377622377625
NSE:AARON,AARON,143.78,3.550594166366588,35017,1.6086826691168026,2908418583.0,36.282426567073784,3.9628,11.675355784134139,0.3601008282319049,Producer Manufacturing,0.46969696969696967
NSE:DYNPRO,DYNPRO,229.0,-1.3143719026072016,9356,0.6530509681292227,2906999571.0,13.809822462369741,16.5824,19.100768512533218,0.6412997007268063,Consumer Non-Durables,-0.49090909090909096
NSE:PRITIKAUTO,PRITIKAUTO,17.65,0.9148084619782741,83001,0.8721652344414952,2902315798.0,7.651291832842031,2.3068,112.47121672653586,,Producer Manufacturing,0.11212121212121212
NSE:GRCL,GRCL,505.0,1.2024048096192386,1500,0.6122448979591837,2897690000.0,51.841130033979034,9.7413,96.29823677581864,,Producer Manufacturing,-0.13333333333333333
NSE:RPPINFRA,RPPINFRA,57.51,-1.4395886889460212,95548,0.14804698618524614,2895998202.0,59.78170478170478,0.962,-92.84396572244704,0.8560178051703476,Industrial Services,-0.5575757575757576
NSE:YAAP,YAAP,139.1,0.7971014492753581,5000,0.1937984496124031,2888754000.0,,,,,Technology Services,-0.4300699300699301
NSE:MAHICKRA,MAHICKRA,294.0,-0.3389830508474576,750,0.13333333333333333,2883893450.0,46.82796298361021,6.2783,101.3566388710712,,Process Industries,0.4
NSE:NDGL,NDGL,2727.9,-5.238475700837174,558,1.1673640167364017,2878699951.0,,-3.275,-100.7357252453728,0.0868447563136138,Finance,-0.31212121212121213
NSE:RHL,RHL,169.47,1.875563570784493,3822,1.0609004607783268,2866963024.0,10.939759347242306,15.4912,40.05876768681343,,Consumer Services,-0.35454545454545455
NSE:TIGERLOGS,TIGERLOGS,27.98,3.323485967503701,1144954,3.6750295940036515,2857746781.0,15.526330392320071,1.8021,-79.93028332145403,,Transportation,-0.1090909090909091
NSE:ASHWINI,ASHWINI,190.8,0.1574803149606359,4000,0.16326530612244897,2857500000.0,,,,,Transportation,-0.03146853146853147
NSE:REMSONSIND,REMSONSIND,82.4,0.6227866650384725,112706,0.8369006769846744,2854479570.0,16.61725855566983,4.9587,13.00077480515929,0.24437927663734116,Producer Manufacturing,-0.4666666666666667
NSE:NATIONSTD,NATIONSTD,134.0,-4.998227578872748,335324,30.06203829878792,2847000122.0,23.902108380007846,5.6062,-2.867439402602349,,Finance,-0.3181818181818182
NSE:SPENCERS,SPENCERS,31.16,-0.35177486408698255,29193,0.5285312360819855,2825638592.0,,-27.5341,6.188011706865013,,Retail Trade,-0.4454545454545455
NSE:TECHERA,TECHERA,176.6,3.305059959052358,43200,0.34593209481101855,2824252299.7000003,105.53995099503973,1.6733,-10.866670217866083,,Producer Manufacturing,0.5151515151515151
NSE:YASHOPTICS,YASHOPTICS,112.5,-1.3157894736842104,1600,0.2777777777777778,2823278400.0,30.820229028546382,3.6502,-5.716130698695602,,Health Technology,-0.4666666666666667
NSE:COASTCORP,COASTCORP,41.92,0.40718562874251907,52849,0.19835703966878063,2812373843.0,8.711192386018869,4.8122,348.4391016680645,0.6668254346272923,Transportation,-0.35454545454545455
NSE:CKKRETAIL,CKKRETAIL,145.0,0.0,1600,0.125,2808360000.0,,,,,Distribution Services,0.2902097902097902
NSE:SAWALIYA,SAWALIYA,279.05,-0.9407170749023703,61200,0.8306188925081434,2793962574.0,27.825419300799712,10.0286,,,Consumer Non-Durables,-0.603030303030303
NSE:PUSHPA,PUSHPA,114.0,-0.8695652173913043,8000,0.6201550387596899,2785634880.0,9.961987154279722,11.4435,,,Consumer Durables,0.2212121212121212
NSE:AXITA,AXITA,7.29,0.5517241379310349,320197,0.3748398399247972,2782036505.0,71.05263157894737,0.1026,,,Process Industries,-0.35757575757575755
NSE:TEJA,TEJA,390.15,-10.000000000000005,3600,0.11299435028248588,2781899550.0,,,,,Industrial Services,-0.6666666666666666
NSE:MERCANTILE,MERCANTILE,23.97,-2.1632653061224536,761,0.2478262285472368,2776690423.0,37.89124249130572,0.6326,-34.94446729740847,,Finance,-0.5909090909090908
NSE:INNOMET,INNOMET,218.65,1.982276119402985,51000,1.1378848728246318,2774365587.2,179.9144244219534,1.2153,-16.686090354425176,,Non-Energy Minerals,0.603030303030303
NSE:NILAINFRA,NILAINFRA,7.02,0.0,95278,0.44614201736468273,2769041308.0,11.0533774208786,0.6351,12.566465792272236,,Industrial Services,-0.4
NSE:SHRADHA,SHRADHA,33.78,-1.0544815465729334,14679,0.5312376726730521,2765257122.0,8.952613166542987,3.7732,28.580678139376392,1.7574692442882247,Industrial Services,-0.5575757575757576
NSE:CORDSCABLE,CORDSCABLE,224.75,4.998832048586773,30786,0.7569819077734119,2757495546.0,11.832870899298188,18.9937,56.79649319772818,0.5625879043600562,Producer Manufacturing,0.603030303030303
NSE:RMC,RMC,253.85,-2.252599152868693,89354,0.424861991412799,2757106120.0,,,,,Producer Manufacturing,-0.5
NSE:JAINAM,JAINAM,235.0,0.0,500,0.14285714285714285,2752131944.0,41.740674955595026,5.63,-40.56542026476364,,Producer Manufacturing,-0.49090909090909096
NSE:SAVY,SAVY,126.0,-4.545454545454546,6000,0.30303030303030304,2746719360.0,5.672175279219581,22.2137,,,Industrial Services,-0.2212121212121212
NSE:KMSUGAR,KMSUGAR,31.38,5.337361530715005,973691,3.608739627603685,2743445205.0,5.999541144080758,5.2304,15.479213123440713,,Process Industries,0.603030303030303
NSE:MOS,MOS,11.15,4.694835680751173,92000,0.4364326375711575,2741740260.0,7.8854314002828865,1.414,211.1111111111111,,Technology Services,-0.1090909090909091
NSE:ASCOM,ASCOM,233.6,-4.982713036404312,1000,0.49999999999999944,2736432518.0,52.336783617869784,4.4634,2.2871023925199405,,Finance,-0.2909090909090909
NSE:RVHL,RVHL,42.75,-0.6968641114982512,9554,1.098463944076527,2725316007.0,5.493869997686792,7.7814,,,Consumer Durables,-0.4242424242424242
NSE:SUBAHOTELS,SUBAHOTELS,114.4,2.0517395182872535,16800,0.42424242424242425,2717586043.6,15.228764260326674,7.5121,,,Consumer Services,0.06666666666666667
NSE:EXXARO,EXXARO,6.13,2.166666666666665,628072,2.5539739630244855,2697886464.0,70.3788748564868,0.0871,-75.73140150459737,,Producer Manufacturing,-0.35454545454545455
NSE:PODDARMENT,PODDARMENT,252.4,-0.41428289603471413,638,0.11785786858293462,2681146881.0,17.571584714670603,14.3641,-21.350781613600898,1.5829046299960428,Process Industries,-0.2909090909090909
NSE:ALLETEC,ALLETEC,127.55,-3.844704108556358,36400,2.534818941504178,2678757446.4,10.523145971008752,12.1209,-19.21661934658296,,Technology Services,-0.603030303030303
NSE:GLOBECIVIL,GLOBECIVIL,44.62,-0.5349977708426259,34332,0.25520622330916215,2671230922.0,10.550957673208796,4.229,,,Industrial Services,0.2212121212121212
NSE:QMSMEDI,QMSMEDI,135.24,-2.0922319554043196,44572,0.8834886025768087,2671080863.46,24.676130350691533,5.4806,-19.09717609199475,,Distribution Services,0.28409090909090906
NSE:FINBUD,FINBUD,140.45,0.753228120516487,12000,0.5769230769230769,2655497512.0,21.063919133747262,6.6678,,,Finance,0.4300699300699301
NSE:KRISHCA,KRISHCA,167.4,0.6917293233082741,8000,0.935672514619883,2647988437.5,21.838675589996477,7.6653,-10.341076566776616,,Producer Manufacturing,-0.17878787878787877
NSE:MAGSON,MAGSON,190.7,3.6413043478260807,8000,0.1381692573402418,2631164942.8,340.5357142857142,0.56,9.6319498825372,,Retail Trade,0.603030303030303
NSE:ZEELEARN,ZEELEARN,7.85,-1.6290726817042702,148876,0.5414491792212931,2621850342.0,5.7370459694511435,1.3683,315.2655538694993,,Consumer Services,-0.33636363636363636
NSE:IVC,IVC,8.21,-1.3221153846153777,228288,0.7608172199684123,2619033144.0,52.56081946222792,0.1562,-71.87106068791644,14.388489208633093,Finance,-0.22424242424242424
NSE:PAVNAIND,PAVNAIND,18.15,-4.069767441860481,65817,0.9422808760662346,2618978141.0,13.89101484769631,1.3066,67.04167732037841,,Producer Manufacturing,0.0
NSE:SRD,SRD,40.43,-1.5103532277710048,93989,2.0302938006147757,2618799952.0,14.028452463566966,2.882,51.74810446503791,0.12212994626282367,Distribution Services,0.08787878787878788
NSE:EFACTOR,EFACTOR,202.65,1.655379984951097,11200,1.6,2617744191.2999997,,,,,Commercial Services,0.3787878787878788
NSE:GICL,GICL,23.68,1.2831479897348192,314366,0.8094103616246499,2617507900.0,17.813887008199806,1.3293,20.724729815638902,,Transportation,0.23076923076923078
NSE:FCSSOFT,FCSSOFT,1.49,-1.3245033112582794,1107587,0.551084561176851,2615616195.0,90.3030303030303,0.0165,0.6097560975609719,,Commercial Services,-0.17878787878787877
NSE:UFO,UFO,66.08,-0.5867308560252754,28917,0.9567245657568239,2599317337.0,10.673558391213051,6.191,18.69931169354065,,Consumer Services,-0.37575757575757573
NSE:SAB,SAB,170.0,,134,,2585713301.0,,-13.0513,-172.88989416659686,,Industrial Services,
NSE:A2ZINFRA,A2ZINFRA,14.26,-1.5873015873015903,101262,0.1624865894247485,2565197983.0,68.49183477425552,0.2082,-62.21415607985481,,Industrial Services,-0.4242424242424242
NSE:ICELCO,ICELCO,143.35,2.3197715917201998,62400,0.9236234458259325,2558450160.0,,,,,Electronic Technology,0.0625
NSE:SKP,SKP,158.2,2.72727272727272,15500,3.5632183908045976,2556400000.0,445.8850056369785,0.3548,-94.48348777909074,,Producer Manufacturing,-0.15454545454545454
NSE:JAYSREETEA,JAYSREETEA,87.85,-0.532155797101448,43708,0.5976067291600582,2555368948.0,,-7.6253,-130.77559520686438,0.5650355972426263,Process Industries,0.24545454545454548
NSE:ACTIVEINFR,ACTIVEINFR,170.0,0.0,600,0.5555555555555556,2552552720.0,24.96585552112552,6.8093,,,Industrial Services,-0.49090909090909096
NSE:AGARWALTUF,AGARWALTUF,143.5,-0.5888465535157564,16800,0.26119402985074625,2551328510.0,11.748235717911351,12.2146,,,Process Industries,0.4454545454545455
NSE:STARTECK,STARTECK,257.3,-1.0194268128486161,8611,1.1787816563997262,2548936950.0,10.456331709140859,24.6071,100.31830022793878,0.09720062208398134,Finance,-0.3303030303030303
NSE:SAPPL,SAPPL,288.1,-0.4835924006908385,1405,0.8957031748055592,2548571914.0,6.179525843115975,46.6217,180.24248325939817,,Process Industries,-0.18181818181818182
NSE:BTTL,BTTL,44.36,0.8869683875369584,1614,0.23407587887225897,2547994908.0,,-1.3535,-158.60322133702803,,Process Industries,-0.36363636363636365
NSE:CMNL,CMNL,105.95,0.8567348881485061,5250,0.09762900976290098,2535356958.2,,-1.7274,-142.64448120078012,,Non-Energy Minerals,0.1575757575757576
NSE:TRF,TRF,231.11,0.23420219456131347,11809,0.5552969279745699,2530608734.0,,-5.5427,-125.08803693477573,,Producer Manufacturing,-0.17575757575757575
NSE:GOLDTECH,GOLDTECH,47.12,-1.9150707743547082,30510,1.3907058367709735,2522156166.0,,-0.2933,-106.58036435430316,,Technology Services,-0.3787878787878788
NSE:DPWIRES,DPWIRES,161.04,-0.9959424566580626,3727,0.5993599536850952,2521302345.0,13.33035337356279,12.0807,0.600403044484792,,Producer Manufacturing,-0.4666666666666667
NSE:SHREEDHAR,SHREEDHAR,115.0,-2.127659574468085,4000,0.059880239520958084,2518965000.0,,,,,Process Industries,0.28409090909090906
NSE:SAKUMA,SAKUMA,1.57,-1.8750000000000018,1115173,1.3167662215782185,2508349842.0,23.609022556390975,0.0665,-3.0612244897959053,,Distribution Services,-0.5121212121212121
NSE:WTICAB,WTICAB,105.0,-0.1426533523537857,16000,0.8695652173913043,2503814555.3999996,7.992814079532307,13.1368,33.98882134551834,,Finance,-0.4212121212121212
NSE:TAMBOLIIN,TAMBOLIIN,259.34,3.400980822136267,40178,2.2534816285552433,2499840019.0,24.21565698065287,10.7096,39.90698646600826,0.47619047619047616,Finance,0.5
NSE:MANAKALUCO,MANAKALUCO,37.63,-1.2595119391235814,48098,0.13853812866089985,2494226033.0,27.944452695678006,1.3466,28.064669519733705,0.13137151865475566,Non-Energy Minerals,0.06666666666666667
NSE:NIPPOBATRY,NIPPOBATRY,329.1,-0.6640507093268906,1475,0.5046530723963323,2492625046.0,,-33.6336,-186.71190370648208,1.128328569279374,Producer Manufacturing,-0.15454545454545454
NSE:ALMONDZ,ALMONDZ,14.08,-0.8450704225352058,17474,0.1275675580967512,2492321434.0,7.533843437316068,1.8689,77.24772382397572,,Finance,-0.11212121212121212
NSE:EMPOWER,EMPOWER,2.22,2.77777777777778,3515558,0.9365026514535291,2490528831.0,13.349368610944078,0.1663,493.9285714285714,,Distribution Services,-0.3181818181818182
NSE:APRAMEYA,APRAMEYA,118.6,-9.257842387146132,24000,1.8250950570342206,2488528000.0,44.240525216353326,2.6808,-68.32815472041398,,Distribution Services,-0.5575757575757576
NSE:VMSTMT,VMSTMT,48.63,-2.4473420260782324,37491,0.24873710734886093,2472130655.0,14.266435884648107,3.4087,,,Non-Energy Minerals,0.13333333333333333
NSE:AVATAR,AVATAR,248.7,4.936708860759489,14000,0.5982905982905983,2468850203.0,,,,,Producer Manufacturing,0.6363636363636364
NSE:EPWINDIA,EPWINDIA,225.75,5.0,20400,2.1794871794871793,2468114000.0,,,,,Technology Services,-0.12237762237762238
NSE:AHLEAST,AHLEAST,139.54,-1.0003547357218847,1675,0.5004481625336122,2465795761.0,,-27.641,-520.0121562072633,0.0,Consumer Services,-0.5363636363636364
NSE:CPS,CPS,1060.0,-0.6048103521027751,750,0.5050505050505051,2462747652.75,2294.86901926824,0.4619,-31.74227870548249,,Consumer Non-Durables,0.4666666666666667
NSE:BIRLAPREC,BIRLAPREC,36.49,1.6151489835700514,10547,0.2807225805077866,2458535779.0,18.099300629929076,2.0161,65.38966365873664,0.13908205841446453,Producer Manufacturing,0.4545454545454546
NSE:AKSHARCHEM,AKSHARCHEM,301.07,-0.6599135513247765,5107,0.35023831567397046,2457324988.0,17.19692469384025,17.5072,224.80890538033398,0.16345210853220007,Process Industries,0.2181818181818182
NSE:DAICHI,DAICHI,323.95,-1.8035768414671078,13853,2.606887467068122,2454434819.0,111.23510627339216,2.9123,-74.79662835779563,0.45537340619307837,Process Industries,0.3181818181818182
NSE:LYKALABS,LYKALABS,69.39,1.9991180361605168,4570,0.40693843386582607,2454045853.0,,-2.5009,-218.86971814249728,,Health Technology,0.4454545454545455
NSE:BPL,BPL,49.95,-0.39880358923229453,49952,1.0400361447539097,2453684999.0,,-3.0161,-40.01021260792869,,Electronic Technology,-0.3090909090909091
NSE:WORTHPERI,WORTHPERI,154.54,-0.4829673514070449,6710,0.1466294884794238,2445972747.0,15.84375640762764,9.754,-1.3232437682097835,0.6439564685427266,Process Industries,0.28787878787878785
NSE:GCHOTELS,GCHOTELS,102.0,4.401228249744111,76200,1.5227817745803358,2434625673.1,20.48933349403399,4.9782,16.618253373313355,,Consumer Services,-0.3333333333333333
NSE:RBMINFRA,RBMINFRA,229.2,-4.8370354992734095,27800,1.8217562254259503,2433307550.0,5.382379049113035,42.5834,118.23092297442727,,Industrial Services,-0.5121212121212121
NSE:GEEKAYWIRE,GEEKAYWIRE,23.14,-0.5159071367153956,82454,0.8177177805568144,2431135146.0,,,,1.5047291487532244,Non-Energy Minerals,-0.08787878787878788
NSE:VOLERCAR,VOLERCAR,216.1,-0.8715596330275256,3200,0.09111617312072894,2429288886.0,72.95253527783403,2.9622,,,Transportation,-0.3090909090909091
NSE:SSDL,SSDL,60.84,-0.8797653958944267,26976,0.1771068865271136,2427863799.0,10.221087292520664,5.9524,-23.53621252215914,,Distribution Services,0.2
NSE:SUMIT,SUMIT,54.67,2.167819099233795,23195,0.5373927589250755,2422330900.0,25.94561245313464,2.1071,-30.6875,0.373761913660998,Finance,0.4454545454545455
NSE:SPUNWEB,SPUNWEB,100.05,0.04999999999999716,4800,0.7692307692307693,2410340900.0,10.448758785625515,9.5753,,,Process Industries,-0.3090909090909091
NSE:CSSL,CSSL,100.0,0.5025125628140703,2000,0.15267175572519084,2404711200.0,6.088539542020056,16.4243,,,Commercial Services,-0.2902097902097902
NSE:SILKFLEX,SILKFLEX,200.5,-3.140096618357488,6000,0.2564102564102564,2402649000.0,19.150500969464265,10.4697,,,Distribution Services,-0.15454545454545454
NSE:LOTUSEYE,LOTUSEYE,116.07,0.2072002072002028,6888,0.6424534109351391,2397816855.0,1539.3899204244033,0.0754,-76.2669184765502,,Health Services,-0.3787878787878788
NSE:PROPEQUITY,PROPEQUITY,220.0,0.0,1200,0.6451612903225806,2393578880.0,14.697040550470973,14.969,21.706113356044643,,Technology Services,-0.13333333333333333
NSE:RUDRA,RUDRA,22.97,-3.487394957983201,133806,0.2482044014424147,2390189912.0,17.478313803074112,1.3142,15.473157016079444,,Non-Energy Minerals,0.29370629370629375
NSE:AAREYDRUGS,AAREYDRUGS,82.16,-3.9962608086001423,667738,7.324467396621965,2387148869.0,55.9025651493502,1.4697,-0.16303240269003177,,Health Technology,0.06666666666666667
NSE:SVGLOBAL,SVGLOBAL,133.0,-7.388064897987615,21,,2384239912.0,,-2.7935,-1028.0730897009967,,Finance,
NSE:BIMETAL,BIMETAL,632.85,2.072580645161294,108,0.2262253875157101,2382783826.0,21.194401744180205,29.8593,-0.24821605152737183,2.16710811461594,Producer Manufacturing,-0.08787878787878788
NSE:SIKKO,SIKKO,5.34,-2.0183486238532167,497551,0.3864589949227988,2380559850.0,39.73214285714286,0.1344,7.17703349282295,,Process Industries,0.08787878787878788
NSE:NOVAAGRI,NOVAAGRI,25.52,-0.7390120575651548,66836,1.4268117473512527,2379609541.0,17.946554149085795,1.422,-51.49406467458043,,Process Industries,0.08787878787878788
NSE:PLAZACABLE,PLAZACABLE,52.38,-2.2213925704685415,121729,1.3597693522695031,2377487980.0,21.39793292209649,2.4479,226.82242990654206,,Producer Manufacturing,0.4
NSE:KALYANIFRG,KALYANIFRG,639.2,-1.9180604572656128,2601,0.2505563101465191,2375614007.0,18.763356268933613,34.0664,32.2140331676117,0.6125574272588056,Producer Manufacturing,0.24545454545454548
NSE:ESCONET,ESCONET,177.95,-7.317708333333339,243600,2.873997168475696,2373120000.0,38.18669527896996,4.66,6.060950906980454,,Technology Services,0.4454545454545455
NSE:DIAMINESQ,DIAMINESQ,236.71,0.36463854144584,2818,0.08332766579041524,2372600384.0,,-10.225,-700.7285118383174,0.0,Process Industries,-0.3090909090909091
NSE:CHEMBOND,CHEMBOND,172.69,0.162403572878604,3014,0.73151788748119,2353450394.0,15.877642212884895,10.8763,-55.58536595325892,1.1428571428571428,Process Industries,-0.35757575757575755
NSE:ESSENTIA,ESSENTIA,1.26,-4.545454545454549,783375,0.13296418103238525,2352079551.0,663.1578947368421,0.0019,-89.32584269662922,,Consumer Non-Durables,-0.3333333333333333
NSE:RNBDENIMS,RNBDENIMS,8.46,-1.3986013986013894,215936,1.0165741278645521,2337509918.0,10.91753774680604,0.7749,-27.94979079497907,,Process Industries,-0.5121212121212121
NSE:CPCAP,CPCAP,126.94,-2.593615715162673,16150,0.23513105462465655,2335063929.0,5.1199109440415596,24.7934,-0.9717734365950841,,Consumer Services,0.4454545454545455
NSE:SHREEKARNI,SHREEKARNI,355.25,10.308958236298707,20850,3.6103896103896105,2328018937.5,16.852466793168883,21.08,-1.3154814849492176,,Process Industries,-0.35454545454545455
NSE:OLIL,OLIL,414.0,-0.24096385542168677,6000,0.5747126436781609,2321162645.0,72.50437828371278,5.71,-3.0033294829109205,,Transportation,-0.1090909090909091
NSE:RADIOCITY,RADIOCITY,6.63,-0.4504504504504542,87095,1.8295693018038364,2319550647.0,,-1.2129,-8.653587745229778,,Consumer Services,0.13333333333333333
NSE:SAHAJSOLAR,SAHAJSOLAR,105.3,0.047505938242277584,12000,0.8086253369272237,2312555105.0,7.823644793152639,13.4592,7.367816458725539,,Electronic Technology,-0.4212121212121212
NSE:ALFREDHE,ALFREDHE,2985.6,-5.255140898705252,22,,2304682753.0,6.260525161938875,476.8929,-91.47294368915665,0.6694448628474837,Producer Manufacturing,
NSE:VIKASLIFE,VIKASLIFE,1.22,-0.8130081300813016,1767391,0.8911239538353828,2303508904.0,,-0.7179,-1217.2477064220184,,Distribution Services,-0.4666666666666667
NSE:SONAMLTD,SONAMLTD,60.31,5.087994424115703,428610,14.66451345812363,2297436480.0,26.82113314951525,2.2486,38.879624482737334,,Consumer Durables,0.603030303030303
NSE:INM,INM,164.05,0.0,600,0.22727272727272727,2295190740.0,9.573971403559964,17.135,100.28520332425515,,Producer Manufacturing,-0.35454545454545455
NSE:VETO,VETO,123.08,2.387488561683724,15824,0.7354219241619377,2293794708.0,8.600617723924922,14.3106,30.993070747938173,0.8333333333333334,Producer Manufacturing,0.2909090909090909
NSE:AKANKSHA,AKANKSHA,119.65,-3.2740501212611135,18000,0.3015075376884422,2290740924.0,40.0663027827077,2.9863,27.49434316697264,,Producer Manufacturing,0.4
NSE:SETCO,SETCO,17.16,-1.942857142857142,121251,2.4917234363922196,2288758122.0,,-9.7587,-18.4236393422729,0.0,Producer Manufacturing,-0.5575757575757576
NSE:SHIVASHRIT,SHIVASHRIT,121.95,-2.4399999999999977,33000,0.7066381156316917,2283625000.0,15.852897589891585,7.6926,,,Consumer Non-Durables,-0.5575757575757576
NSE:COOLCAPS,COOLCAPS,20.2,2.2784810126582244,40000,0.8864265927977839,2283100000.0,34.40640436041561,0.5871,-43.30822711471611,,Producer Manufacturing,-0.4
NSE:UNITEDTEA,UNITEDTEA,452.05,-0.7900801053440065,10119,6.496116068562624,2276685185.0,11.128069419656594,40.6225,-11.005735417186969,0.702293426972457,Consumer Non-Durables,-0.603030303030303
NSE:SINTERCOM,SINTERCOM,83.64,1.2100677637947725,3108,0.2745874120931548,2274899234.0,139.07549052211505,0.6014,94.62783171521038,,Producer Manufacturing,0.3787878787878788
NSE:COMPEAU,COMPEAU,355.05,1.1250356023924775,2017,,2268963043.0,8.811463713049802,40.2941,36.669391409935926,0.2824858757062147,Retail Trade,
NSE:DSFCL,DSFCL,26.01,2.000000000000006,8756,0.28937323396731496,2267886302.0,,,,1.534330648254699,Process Industries,0.26223776223776224
NSE:ABANSENT,ABANSENT,30.3,-4.985888993414863,28145,4.541127496853722,2267536170.0,6.609803451059095,4.5841,67.51690115110544,,Distribution Services,0.2272727272727273
NSE:STARPAPER,STARPAPER,146.93,1.0036433628926982,4331,0.4194348137674563,2266332343.0,7.410938106838965,19.8261,-22.72605030225787,1.721763085399449,Process Industries,-0.04242424242424242
NSE:AARVI,AARVI,151.93,-0.43905635648754093,42604,1.4474614046531855,2265209750.0,11.695919938414166,12.99,66.11253196930946,1.3106159895150722,Commercial Services,-0.1575757575757576
NSE:BAGDIGITAL,BAGDIGITAL,106.75,-4.602323503127797,17600,0.7857142857142857,2265106900.0,,,,,Consumer Services,-0.506993006993007
NSE:GENCON,GENCON,38.81,-0.893769152196104,348180,1.3865443315472883,2247536340.0,25.862988138078105,1.5006,-29.621986680423984,,Industrial Services,-0.5575757575757576
NSE:MKEXIM,MKEXIM,53.91,0.0,1976,,2246033684.0,,,,,Process Industries,
NSE:SMARTLINK,SMARTLINK,222.5,-0.5631033249910578,3756,0.5796027961668441,2244873866.0,13.388693323705509,16.6185,79.7080291970803,0.8886914019106864,Electronic Technology,0.35454545454545455
NSE:EQUIPPP,EQUIPPP,22.8,4.827586206896555,41194,2.691644233031024,2242321255.0,152.5083612040134,0.1495,113.8769670958512,,Technology Services,0.31212121212121213
NSE:AERONEU,AERONEU,81.57,-3.4560302994437233,17969,0.355695703899014,2240898550.0,245.98914354644148,0.3316,19.366450683945292,,Process Industries,-0.49090909090909096
NSE:RCOM,RCOM,0.8,-1.234567901234569,3203697,1.242024115457758,2240081703.0,,-34.1632,3.4250370320114807,,Communications,-0.4454545454545455
NSE:IWP,IWP,33.81,-1.9431554524361794,2872,0.6022479449756752,2239045105.0,36.51582244302841,0.9259,14.280424586521837,0.5714285714285714,Consumer Non-Durables,0.2727272727272727
NSE:SAHLIBHFI,SAHLIBHFI,70.0,-2.7777777777777777,12590,1.0641175177916393,2234775767.0,10.924868121234823,6.4074,12.816269037767409,0.691085003455425,Finance,-0.5454545454545454
NSE:SICAGEN,SICAGEN,54.84,-2.8692879914984015,51660,0.15256760109154055,2227094213.0,10.600583766647981,5.1733,21.493154223714814,1.77683013503909,Distribution Services,-0.09090909090909091
NSE:BALAJEE,BALAJEE,26.85,-1.4678899082568755,63681,2.3139982340052105,2226884257.0,23.733757623972423,1.1313,-61.571384897584835,,Process Industries,-0.5575757575757576
NSE:EKI,EKI,79.58,-1.558634339435929,5934,,2218262519.0,,-10.8687,-2031.1176470588236,,Utilities,
NSE:ALANKIT,ALANKIT,8.13,-0.4895960832313237,120928,0.9279547440964973,2204515230.0,11.51558073654391,0.706,8.715737603942097,,Technology Services,-0.02121212121212121
NSE:SILGO,SILGO,69.14,0.5087948829771687,178641,0.8618130294941603,2200310061.0,29.21243873584587,2.3668,1.6622997293930655,,Consumer Durables,-0.5121212121212121
NSE:VIJSOLX,VIJSOLX,700.0,1.083032490974729,251,,2199587695.0,9.404102338128531,74.4356,35.74790685290249,,Process Industries,
NSE:RVTH,RVTH,730.0,-2.367259596094696,1613,1.9050431085390338,2195931309.0,14.62644461185824,49.9096,19.492434399540308,,Industrial Services,0.3333333333333333
NSE:IPSL,IPSL,215.0,-2.7149321266968327,1000,0.5555555555555556,2195797150.0,16.816450399292926,12.7851,56.0357347718369,,Commercial Services,-0.5575757575757576
NSE:MARALOVER,MARALOVER,52.7,-0.8466603951081764,5407,0.3988404343207837,2194943054.0,10.029116790682629,5.2547,,,Process Industries,-0.35757575757575755
NSE:PIGL,PIGL,106.21,1.519785891798881,81785,0.8850002813475248,2194812671.0,13.364791745312695,7.947,2.378130475110786,0.19116803670426305,Industrial Services,-0.4
NSE:RBS,RBS,91.0,-0.4376367614879712,12800,0.5904059040590406,2193504030.0,18.197088465845464,5.0008,-27.705896809448777,,Process Industries,0.2
NSE:SURANAT&P,SURANAT&P,16.23,0.24706609017911765,47126,0.390264504695499,2184377841.0,7.156084656084657,2.268,23.381568926123368,,Distribution Services,-0.4454545454545455
NSE:ALPINETEX,ALPINETEX,60.46,5.810290514525727,560422,1.7380735433040586,2184286287.0,,,,,Process Industries,-0.11904761904761904
NSE:PKTEA,PKTEA,723.75,2.7324343506032647,77,0.06548732777683279,2181046642.0,,-14.92,-184.13122666937332,0.14194464158977999,Process Industries,0.06666666666666667
NSE:KOTARISUG,KOTARISUG,26.89,2.2822365918600283,181199,2.809143098105058,2179140853.0,40.95963442498096,0.6565,-55.418986826022,,Process Industries,0.5363636363636364
NSE:BI,BI,101.38,9.992405337962454,523283,5.611680137781787,2178875862.0,30.745435797901376,3.2974,,,Process Industries,0.5909090909090908
NSE:NECLIFE,NECLIFE,10.76,-4.185218165627788,341767,1.8315566197497095,2173780185.0,,-11.3846,-41.93492083281386,,Health Technology,-0.31212121212121213
NSE:ACCPL,ACCPL,200.0,2.564102564102564,16800,0.7821229050279329,2167620000.0,23.00146059274764,8.6951,,,Health Technology,0.603030303030303
NSE:HAMPTON,HAMPTON,8.12,2.1383647798742014,26801,,2166240877.0,,-0.6292,-174.09326424870466,,Finance,
NSE:ALPHAGEO,ALPHAGEO,352.26,4.108050596997274,199945,1.5316268359682008,2147790727.0,,-0.7006,95.07369072396918,1.4817009927396652,Industrial Services,0.5575757575757576
NSE:PRATHAM,PRATHAM,120.65,-0.20678246484698098,10400,1.8055555555555556,2147184000.0000002,35.68998668835971,3.3805,-56.37501613111369,,Industrial Services,0.203030303030303
NSE:DESTINY,DESTINY,100.65,-4.957507082152974,1500,0.15384615384615385,2144760016.0000002,47.46745897000566,2.1204,26.15421227986673,,Transportation,-0.603030303030303
NSE:LANCORHOL,LANCORHOL,28.18,-3.7896893137589602,133745,0.5704408873193181,2144734317.9999998,3.5920968769917145,7.845,2962.0608899297426,0.6858710562414266,Finance,0.35454545454545455
NSE:MAHESHWARI,MAHESHWARI,72.5,0.6944444444444444,17674,1.4882616457273736,2130998291.0,13.618603952212789,5.3236,-16.21655649984262,,Transportation,0.0
NSE:SHIVAMAUTO,SHIVAMAUTO,15.67,-3.4504004929143592,37443,2.672724547264889,2130222729.0,,-7.3867,-70.0907248779589,,Producer Manufacturing,-0.5575757575757576
NSE:MASON,MASON,119.0,-1.6528925619834711,152000,2.9514563106796117,2126272500.0,11.767497972825979,10.1126,3.9898813318799733,,Industrial Services,-0.4212121212121212
NSE:MLKFOOD,MLKFOOD,77.61,-4.7028487229862455,23390,,2121923358.0,4.434350359958862,17.502,1211.9940029985007,,Consumer Non-Durables,
NSE:BALAJIPHOS,BALAJIPHOS,89.0,-0.9460211463550299,91000,4.439024390243903,2116161900.0,20.72273446959113,4.2948,12.11235251122482,,Process Industries,-0.4212121212121212
NSE:RRIL,RRIL,17.94,2.280501710376295,16173,0.7690442225392297,2109128544.0000002,24.312237430546148,0.7379,20.140019537609906,,Process Industries,0.6363636363636364
NSE:SIGIND,SIGIND,66.85,-6.0435699226985395,95414,0.5007649452991947,2104745520.0,8.501195381250318,7.8636,46.1825888126708,0.6993006993006993,Process Industries,0.3787878787878788
NSE:ASMS,ASMS,7.04,1.1494252873563229,146100,0.6961439059533884,2104625308.0000002,32.958801498127336,0.2136,257.7889447236181,,Electronic Technology,-0.5363636363636364
NSE:COMFINTE,COMFINTE,6.38,-2.297090352220526,114866,0.3209867297391553,2098793784.9999998,,-0.1128,-144.18331374853116,0.7621951219512196,Commercial Services,0.18181818181818182
NSE:DHARARAIL,DHARARAIL,139.05,-1.5923566878980893,14000,0.9271523178807947,2097430199.9999998,,,,,Industrial Services,0.27622377622377625
NSE:SAKHTISUG,SAKHTISUG,18.39,4.3108338060124884,482690,3.2331073839888544,2094120135.0,7.968973436755211,2.3077,30.770102567008568,,Process Industries,0.5363636363636364
NSE:MARC,MARC,121.1,0.2483443708609248,6000,0.390625,2091456666.3999999,,,,,Industrial Services,0.03146853146853147
NSE:GLOBALVECT,GLOBALVECT,150.05,0.7046979865771889,8307,0.9986655606448588,2088799957.0000002,,-24.7926,-779.1702127659576,,Industrial Services,-0.3090909090909091
NSE:ZODIACLOTH,ZODIACLOTH,74.86,-0.9788359788359722,2596,0.7019441364951464,2086543376.0,,-13.122,7.179741104902034,,Consumer Non-Durables,-0.5575757575757576
NSE:NITIRAJ,NITIRAJ,202.46,-0.3788810707080558,553,0.1614268616633097,2083310767.9999998,86.13852961198094,2.3504,-60.85537272666711,0.7380800078728534,Electronic Technology,-0.17878787878787877
NSE:TEAMGTY,TEAMGTY,234.97,4.80374665477253,25080,4.88184684860046,2078766512.0000002,184.7248427672956,1.272,-51.28676470588236,,Finance,0.33636363636363636
NSE:SHIVATEX,SHIVATEX,165.86,2.4586113170249684,3052,1.4173594018483258,2076626622.0000002,22.3639501645003,7.4164,-26.957926252757648,0.37453183520599254,Process Industries,0.5121212121212121
NSE:TECHLABS,TECHLABS,119.45,-0.458333333333331,13000,0.9138840070298769,2073727559.9999998,47.50069590806061,2.5147,-62.21961809468007,,Distribution Services,-0.35454545454545455
NSE:KATARIA,KATARIA,102.9,7.355242566510184,25200,7.368421052631579,2063768874.7500002,18.60322166579285,5.5313,8.70624766621464,,Producer Manufacturing,0.5363636363636364
NSE:VSTL,VSTL,106.44,-0.40235800505287433,6346,0.37228675349055496,2059321422.9999998,26.607339266073392,4.0004,-36.20794131717429,,Non-Energy Minerals,-0.6484848484848484
NSE:GRAVISSHO,GRAVISSHO,28.86,1.156677181913769,63,0.02187651920272241,2059158782.0,5247.272727272727,0.0055,-99.50716845878136,,Consumer Services,-0.3181818181818182
NSE:AFFORDABLE,AFFORDABLE,164.16,-5.000000000000008,52609,3.7417762572991276,2056759429.0000002,30.27274236081657,5.4227,551.140730067243,,Producer Manufacturing,-0.603030303030303
NSE:VIPULLTD,VIPULLTD,14.87,1.9890260631001313,76589,0.2871986980455684,2056598950.0,,-1.9816,-111.39367873919768,,Finance,0.6272727272727273
NSE:GILLANDERS,GILLANDERS,91.54,3.4467171431800336,3600,0.39953387714331623,2049292010.0,11.203309345474128,8.1708,-43.90652460456942,,Consumer Non-Durables,0.5151515151515151
NSE:CCHHL,CCHHL,12.33,-1.7529880478087698,4200,0.23028840881675622,2046578581.0,,-1.0764,-463.40310600945304,,Consumer Services,-0.4
NSE:SPEB,SPEB,87.65,-3.575357535753575,4000,1.3333333333333333,2042029413.0,26.515609874152954,3.3056,,,Process Industries,0.07692307692307693
NSE:SPCENET,SPCENET,3.43,-4.45682451253481,997803,1.3247431077519543,2038171397.0,7.629003558718861,0.4496,93.54283254412398,0.0,Commercial Services,-0.603030303030303
NSE:JMA,JMA,87.56,-1.8385650224215253,20311,1.8876920360233092,2037422029.0,6.246343934140879,14.0178,22.107335429751117,2.242152466367713,Producer Manufacturing,-0.3787878787878788
NSE:UHTL,UHTL,112.45,4.995331465919709,70000,1.8918918918918919,2035328400.0,42.750152068126525,2.6304,-5.733944954128446,,Producer Manufacturing,0.603030303030303
NSE:MACOBSTECH,MACOBSTECH,205.7,-0.8196721311475492,39200,1.1085972850678734,2031524480.0,76.9489750112225,2.6732,0.4773538808494703,,Retail Trade,-0.5575757575757576
NSE:AUSOMENT,AUSOMENT,146.47,1.4405429738901674,3851,0.7347974584517927,2028546716.0,8.042676096553844,18.2116,-11.14645641631132,0.6715916722632639,Finance,0.5363636363636364
NSE:MUNISH,MUNISH,81.05,-3.5119047619047654,26400,0.4824561403508772,2021902092.0,17.77802149594209,4.559,,,Producer Manufacturing,0.13333333333333333
NSE:NTCIND,NTCIND,142.17,-1.5784008307372803,241,,2013785263.0,10.281387629358036,13.8279,23.64444364962981,,Consumer Non-Durables,
NSE:EXIMROUTES,EXIMROUTES,108.0,0.8403361344537869,800,0.16666666666666666,2008339200.0,12.926236669818435,8.3551,,,Distribution Services,-0.24825174825174828
NSE:NEAGI,NEAGI,3325.2,0.888983282259769,102,0.8916083916083916,2003257511.0,5.628610240069062,590.7675,37.00246330437139,0.6210505069324763,Consumer Non-Durables,0.5909090909090908
NSE:RANASUG,RANASUG,13.3,3.1007751937984525,1043110,2.9869572787020937,1988703309.0,35.6091030789826,0.3735,-84.36584344914189,,Process Industries,0.5121212121212121
NSE:MHLXMIRU,MHLXMIRU,186.0,-0.14495087775809856,17254,0.38171468519710716,1975371243.0,8.547911965698058,21.7597,28.690895111925947,,Process Industries,0.3090909090909091
NSE:WATERBASE,WATERBASE,46.32,-1.6769263426024181,8458,0.21645331845611304,1967357885.0,,-2.4637,32.41990344524907,,Process Industries,-0.603030303030303
NSE:BCONCEPTS,BCONCEPTS,159.8,1.7121761822926598,7503,0.4072692927746747,1961027754.0,204.4524053224156,0.7816,-58.964666351656426,,Consumer Durables,-0.26363636363636367
NSE:ROYALARC,ROYALARC,177.0,0.3685851998865924,8400,0.693069306930693,1957520270.0,19.55844328051449,9.0498,,,Producer Manufacturing,0.4454545454545455
NSE:ELGNZ,ELGNZ,91.45,5.72254335260116,56000,1.702127659574468,1954867735.5,9.101223116808153,10.0481,,,Industrial Services,0.11212121212121212
NSE:MASTER,MASTER,488.0,2.736842105263158,500,0.24390243902439024,1952000000.0,26.228803310848942,18.6055,14.618820267980887,,Producer Manufacturing,0.4666666666666667
NSE:PHANTOMFX,PHANTOMFX,124.1,1.3888888888888795,39000,0.7154650522839846,1948950720.0,,,,,Consumer Services,-0.4
NSE:VIKASECO,VIKASECO,1.08,-0.9174311926605512,2549314,1.2329288915443295,1945580999.0,82.44274809160305,0.0131,-88.50877192982456,,Process Industries,-0.5121212121212121
NSE:KAVDEFENCE,KAVDEFENCE,57.53,1.6251545663310398,227616,1.9762862322615597,1942833188.0,,-0.3085,-112.39254438820598,,Electronic Technology,-0.2424242424242424
NSE:METROGLOBL,METROGLOBL,149.94,-3.1019775106630547,13174,0.8796271566689814,1938963772.0,10.019579410212032,14.9647,193.43699752931488,1.5903307888040712,Distribution Services,0.36363636363636365
NSE:PILITA,PILITA,8.06,-1.4669926650366654,62549,1.2184545736120014,1938750000.0,60.37453183520599,0.1335,-40.534521158129174,,Producer Manufacturing,-0.603030303030303
NSE:GOLDSTAR,GOLDSTAR,8.35,3.7267080745341477,315000,4.666666666666693,1937675311.0,8.904766983043617,0.9377,418.3526810392482,,Producer Manufacturing,0.5575757575757576
NSE:SSFL,SSFL,223.35,-1.1725663716814185,8000,0.6926406926406926,1936910400.0,11.790635063083988,18.943,47.9690673332292,,Consumer Non-Durables,-0.2
NSE:TAINWALCHM,TAINWALCHM,214.72,2.9832134292565944,5834,0.8477926003429536,1936446895.0,25.138147419687176,8.5416,15.202848511005627,1.4506769825918762,Process Industries,0.603030303030303
NSE:CURRENT,CURRENT,98.0,-3.018307768431467,3200,0.7142857142857143,1934905400.0,12.788057520160764,7.6634,,,Industrial Services,-0.5979020979020979
NSE:BASML,BASML,25.12,3.035274815422486,65514,0.7782470020135063,1934097250.0,8.772481229264885,2.8635,132.55908389507024,1.0330578512396695,Process Industries,-0.2212121212121212
NSE:FWSTC,FWSTC,190.0,0.0,33000,2.8645833333333335,1933654320.0,45.629202689721424,4.164,,,Commercial Services,-0.39860139860139865
NSE:AMBAAUTO,AMBAAUTO,106.0,0.5215742057847294,21000,0.4421052631578947,1932265800.0,,,,,Retail Trade,0.36363636363636365
NSE:SATKARTAR,SATKARTAR,121.05,-0.7786885245901662,10400,0.2138157894736842,1927023672.0,11.150207713493549,10.8563,,,Health Technology,-0.4212121212121212
NSE:MADHAVIPL,MADHAVIPL,7.24,2.8409090909090935,110854,0.7425562842042509,1924812399.0,7.467766890149561,0.9695,-1.031033074724377,,Utilities,-0.3181818181818182
NSE:GOYALSALT,GOYALSALT,105.85,-1.0747663551401923,12000,1.0471204188481675,1915326750.0,16.68347886391577,6.3446,-14.266796389384364,,Consumer Non-Durables,-0.49090909090909096
NSE:ARCHIDPLY,ARCHIDPLY,95.32,-0.615160045876346,14039,0.20390467503645562,1907039978.0,14.525837765349506,6.5621,,,Producer Manufacturing,0.4454545454545455
NSE:CUDML,CUDML,104.1,-3.342618384401122,64000,2.1843003412969284,1900452660.0,5.277593295783501,19.7249,,,Commercial Services,-0.49090909090909096
NSE:BHADORA,BHADORA,107.1,4.999999999999995,48000,1.5444015444015444,1897200000.0,22.634571084388273,4.7317,,,Producer Manufacturing,0.603030303030303
NSE:AIRAN,AIRAN,15.12,-0.722258699934348,33026,0.6249621533244519,1887801997.0,12.416851441241684,1.2177,,,Technology Services,-0.2909090909090909
NSE:INTENTECH,INTENTECH,80.34,0.6640771833103635,34313,1.0074251103196996,1880901666.0,,-6.97,-260.3220241518113,1.2561236025624922,Technology Services,-0.35454545454545455
NSE:MURUDCERA,MURUDCERA,30.5,0.032797638570028084,12809,0.5519835900264594,1876903103.0,18.628229402064374,1.6373,1.6072980017376215,1.6129032258064515,Producer Manufacturing,-0.5363636363636364
NSE:WARDINMOBI,WARDINMOBI,6.28,0.4800000000000039,256601,,1874092681.0,195.03105590062114,0.0322,-83.33333333333333,1.6051364365971106,Finance,
NSE:FIDEL,FIDEL,135.25,-0.4782928623988268,5000,0.49504950495049505,1868701104.0,14.02891876192847,9.6408,22.08025730964532,,Technology Services,-0.4454545454545455
NSE:DRCSYSTEMS,DRCSYSTEMS,13.0,-0.5355776587605224,25838,0.41611172756100034,1867294034.0,8.670134720554888,1.4994,29.560183184999573,,Technology Services,-0.49090909090909096
NSE:JAYBEE,JAYBEE,82.3,-0.483675937122135,16500,0.746606334841629,1866340520.0,10.16940775247439,8.0929,-28.056716152546894,,Non-Energy Minerals,-0.5121212121212121
NSE:VIPCLOTHNG,VIPCLOTHNG,20.17,-2.0398251578436044,22881,0.40919064983002895,1865681062.0,19.331033160820393,1.0434,25.107913669064768,,Consumer Non-Durables,-0.4666666666666667
NSE:DUCOL,DUCOL,103.55,0.533980582524269,3200,0.46511627906976744,1860041465.0,23.866595984972456,4.3387,91.4864507017389,,Process Industries,-0.49090909090909096
NSE:DURLAX,DURLAX,60.55,-5.5382215288611505,100000,0.5567928730512249,1854553891.8,8.488595421345558,7.1331,,,Producer Manufacturing,0.4
NSE:ASPINWALL,ASPINWALL,234.93,-0.5545208262783619,733,0.3094524422679107,1846992364.0,11.676557421047923,20.1198,107.24755616444001,2.7514392143582795,Transportation,-0.5363636363636364
NSE:ARCL,ARCL,233.75,-1.120981387478852,667,,1842000000.0,18.12184079139145,12.8988,-23.897742089643824,,Process Industries,
NSE:EMAPARTNER,EMAPARTNER,78.6,-0.6321112515802781,3000,0.4225352112676056,1838792296.6000001,14.9146110056926,5.27,-2.8768360332467213,,Commercial Services,-0.4666666666666667
NSE:IVP,IVP,175.84,-1.2023822901449523,4686,0.22788171159298362,1838074720.0,5.762525233987888,30.5144,247.40988683197847,0.8426966292134831,Process Industries,0.4454545454545455
NSE:MODTHREAD,MODTHREAD,57.47,-0.2949340735600307,245705,12.271199476599293,1836128514.0,,,,,Process Industries,0.603030303030303
NSE:KORE,KORE,160.0,5.680317040951119,2250,0.5325443786982249,1835725000.0,18.62847828618,8.589,63.03171801150277,,Distribution Services,-0.06666666666666667
NSE:SUPERHOUSE,SUPERHOUSE,168.2,-0.5439924314096594,1451,0.24613662194025546,1832354903.0,23.167724962466078,7.2601,115.7405206228456,0.48134777376654636,Consumer Non-Durables,0.4
NSE:TRANSTEEL,TRANSTEEL,82.5,3.0605871330418526,51000,0.409967845659164,1831704900.5,8.465793065232782,9.7451,55.258336386954944,,Producer Manufacturing,-0.3090909090909091
NSE:USHAFIN,USHAFIN,42.0,0.0,1600,0.03968253968253968,1825960920.0,7.260281076595965,5.7849,,,Finance,0.49090909090909096
NSE:ARVEE,ARVEE,170.55,3.020235578375113,962,0.086189904492268,1824361109.0,46.41700459951556,3.6743,194.6039127645927,,Process Industries,0.5363636363636364
NSE:MADHAVBAUG,MADHAVBAUG,165.45,-4.36416184971099,12000,4.054054054054054,1818826850.0,20.490179080078267,8.0746,71.77807088456795,,Health Services,-0.5575757575757576
NSE:VIJIFIN,VIJIFIN,12.88,1.979414093428345,51486,0.2913857660945275,1812600038.0,46.71744649981865,0.2757,,,Finance,0.6484848484848484
NSE:AVANCE,AVANCE,0.9,0.0,4109773,,1803544848.0,13.100436681222709,0.0687,187.44769874476984,,Technology Services,
NSE:ANYA,ANYA,15.0,-0.9900990099009923,15000,0.46153846153846156,1800000000.0,16.818028927009752,0.8919,29.410911201392913,,Process Industries,-0.3303030303030303
NSE:NIKITA,NIKITA,72.8,-0.9523809523809563,4800,0.1413427561837456,1795823120.0,16.106551029890042,4.5199,,,Process Industries,-0.5121212121212121
NSE:BROOKS,BROOKS,58.94,-2.8354764259808753,22475,0.8662087996793351,1789527858.0,13.141290049274263,4.4851,927.749770852429,,Health Technology,-0.4666666666666667
NSE:KHADIM,KHADIM,96.32,-0.7726383022561039,43442,1.2876472767691738,1788768113.0,63.89386401326699,1.5075,-47.37852555152192,,Consumer Non-Durables,-0.17878787878787877
NSE:SHREYANIND,SHREYANIND,131.39,0.8984794962371275,4857,0.7418438416422287,1788263810.0,,-10.1525,-126.04106549703103,1.1596443757247779,Process Industries,-0.35454545454545455
NSE:POLYSIL,POLYSIL,64.1,-4.966641957005201,14000,0.2280130293159609,1787768320.5,44.82517482517482,1.43,,,Producer Manufacturing,-0.5575757575757576
NSE:IPRINGLTD,IPRINGLTD,143.07,6.768656716417905,2174,0.01565139012277774,1779691393.0,58.640052463316664,2.4398,,,Producer Manufacturing,0.5575757575757576
NSE:RACE,RACE,103.86,1.099970797235467,1769,0.22149045925777533,1777491428.0,23.48923466618419,4.4216,2.5417439703153866,,Process Industries,-0.4
NSE:HBESD,HBESD,75.0,-0.5436944702294081,390,0.08059682985802559,1767915964.0,13.302825520140477,5.6379,8.999690665841785,,Consumer Services,-0.40909090909090906
NSE:CENTEXT,CENTEXT,21.93,0.0,1011673,1.0715419791507128,1760000000.0,14.171243941841679,1.5475,25.557809330628817,,Producer Manufacturing,0.3333333333333333
NSE:QUINT,QUINT,37.36,0.0,16736,4.378171924867891,1751417018.0,5.476399882732337,6.822,,,Producer Manufacturing,-0.4090909090909091
NSE:EEPL,EEPL,138.5,3.474038102353385,36000,0.17424975798644723,1734603911.2,14.505959488049601,9.5478,,,Producer Manufacturing,0.46969696969696967
NSE:DUGLOBAL,DUGLOBAL,23.5,-2.083333333333333,7500,0.2727272727272709,1726601760.0,29.196173437694124,0.8049,63.49786715417427,,Commercial Services,-0.5575757575757576
NSE:TRIGYN,TRIGYN,55.51,0.3797468354430395,27389,0.6463419814326237,1720922694.0,16.924296472453427,3.2799,,,Technology Services,0.33636363636363636
NSE:SHUBHSHREE,SHUBHSHREE,330.0,0.6097560975609756,600,0.22988505747126436,1719376000.0,16.429762764183117,20.0855,30.113559069502298,,Process Industries,-0.2
NSE:IPHL,IPHL,71.9,4.657933042212522,42000,2.0588235294117645,1716786138.3,8.187760493770925,8.7814,152.622191536492,,Process Industries,0.49090909090909096
NSE:HINDADH,HINDADH,385.45,14.871107137535382,246790,,1716774278.0,8.25169765111878,46.7116,40.499959394466224,,Process Industries,
NSE:INDOUS,INDOUS,87.0,2.6548672566371683,17991,0.9339957637677547,1713643906.0,15.234559686203092,5.7107,-35.67292962061818,,Process Industries,0.22424242424242424
NSE:NIRAJ,NIRAJ,28.92,1.0835372247466,58069,1.0425931877472094,1713227596.0,7.279134155549963,3.973,29.74755886483132,,Industrial Services,-0.35454545454545455
NSE:ONDOOR,ONDOOR,236.0,-3.278688524590164,2400,0.2247191011235955,1708124928.0,12.370853012250288,19.0771,38.516888850164115,,Retail Trade,-0.024242424242424246
NSE:HVAX,HVAX,600.0,-1.477832512315271,3000,5.714285714285714,1691116875.0,11.64462920589451,51.5259,29.553203258573873,,Producer Manufacturing,-0.4
NSE:RPPL,RPPL,22.74,-1.04438642297651,30216,0.11724888847153485,1685445127.0,8.262480924351427,2.7522,106.40467976601174,,Process Industries,0.04242424242424242
NSE:UMIYA_MRO,UMIYA_MRO,88.43,-0.6516121784069187,9062,0.8023729413848061,1681614075.0,19.111735465744545,4.627,-75.83824627547638,,Electronic Technology,-0.2909090909090909
NSE:SADHAV,SADHAV,118.05,1.548387096774191,21600,2.2641509433962264,1668491842.5,12.934151418867096,9.127,43.24052857905144,,Transportation,0.4666666666666667
NSE:DRSDILIP,DRSDILIP,108.0,-1.7288444040036446,800,0.7692307692307693,1655357760.0,26.681819304790377,4.0477,1.4384883342104577,,Transportation,0.26666666666666666
NSE:VIRINCHI,VIRINCHI,15.04,0.06653359946772978,51766,0.9285281234641422,1655043904.0,,-2.5001,-43205.1724137931,,Technology Services,-0.4
NSE:KANCHI,KANCHI,374.0,-0.9665033761419244,3174,2.182193193537298,1646334743.0,21.247947641420996,17.6017,-27.926574099476287,0.2638522427440633,Process Industries,0.5454545454545454
NSE:GIRIRAJ,GIRIRAJ,72.2,4.941860465116288,10500,0.8842105263157894,1645730400.0,11.434906556857777,6.314,-15.540811685705872,,Industrial Services,0.003030303030303022
NSE:MCL,MCL,59.24,-2.034066479245902,88186,0.9680694925171278,1641325227.0,35.69965047607569,1.6594,-2.290525819937581,,Non-Energy Minerals,0.49090909090909096
NSE:AARTECH,AARTECH,51.38,1.1019283746556519,261953,4.821578779774449,1635538854.0,33.06306306306306,1.554,81.66939443535188,0.24281274281274284,Commercial Services,0.4454545454545455
NSE:BTML,BTML,8.93,-0.22346368715083326,1257054,0.5423540702010726,1628012155.0,22.319420144963757,0.4001,-17.385917819533347,,Consumer Services,0.35454545454545455
NSE:BYKE,BYKE,31.81,1.0161956176563998,16836,0.46695067563069964,1622226736.0,24.454182041820417,1.3008,53.10734463276835,,Consumer Services,-0.4454545454545455
NSE:NEOCHEM,NEOCHEM,95.65,1.0031678986272468,12000,0.9174311926605505,1621335214.4,11.70316897100208,8.173,,,Process Industries,0.506993006993007
NSE:AMJLAND,AMJLAND,38.73,0.28482651475919063,1419,0.08117570335114356,1616219925.0,10.89512771463936,3.5548,-27.10644493202369,0.5073566717402334,Finance,-0.22424242424242424
NSE:DELPHIFX,DELPHIFX,6.59,-1.0510510510510553,73094,1.4106317485742856,1606503983.0,23.972353583121137,0.2749,533.4101382488478,,Commercial Services,-0.5575757575757576
NSE:ETML,ETML,82.35,0.0,15600,2.1666666666666665,1603890845.55,15.534804753820032,5.301,-1.0435139726334313,,Consumer Durables,-0.5121212121212121
NSE:EMMBI,EMMBI,82.12,-1.0959894014211689,4014,0.3756703385151008,1603482334.0,18.201968259597486,4.5116,39.67801857585138,0.3599712023038157,Process Industries,-0.603030303030303
NSE:SURYALA,SURYALA,382.95,3.1237377137471296,313,0.0895027308341197,1602898598.0,4.601658255227108,83.22,84.94771815585658,0.5324104884866232,Process Industries,-0.2727272727272727
NSE:REXPIPES,REXPIPES,169.1,-5.000000000000003,9000,1.7647058823529411,1597995000.0,34.406283063400345,4.9148,-9.376210056607611,,Producer Manufacturing,-0.403030303030303
NSE:TTL,TTL,6.48,5.365853658536586,240578,1.0649605671809879,1591195373.0,322.3880597014926,0.0201,,0.0,Process Industries,0.1575757575757576
NSE:BEACON,BEACON,86.95,-1.193181818181815,32000,3.076923076923077,1589712344.0,22.510161286146996,3.8627,28.542429284525788,,Miscellaneous,-0.3333333333333333
NSE:RAPPID,RAPPID,305.9,-0.03267973856209894,1800,0.32967032967032966,1588747104.0,24.45243804956035,12.51,7.591616282369938,,Producer Manufacturing,-0.06666666666666667
NSE:NECCLTD,NECCLTD,14.52,-3.006012024048103,49301,1.6323969591014744,1587354956.0,18.159079539769884,0.7996,-4.6506081564512325,,Transportation,-0.5575757575757576
NSE:VASWANI,VASWANI,47.69,-0.5629691409507989,23950,0.5892440208338972,1585368786.0,1076.5237020316026,0.0443,-98.81430330282105,,Non-Energy Minerals,-0.5121212121212121
NSE:FILATFASH,FILATFASH,0.18,0.0,22162574,1.1759296896940832,1583473711.0,85.71428571428572,0.0021,-80.73394495412845,,Process Industries,-0.4242424242424242
NSE:PRITIKA,PRITIKA,60.0,-3.225806451612903,26000,4.0625,1581901800.0,19.120458891013385,3.138,22.894963577974465,,Producer Manufacturing,-0.5575757575757576
NSE:SRTL,SRTL,39.59,1.2014314928425511,13322,0.40648942889486256,1577813239.0,,,,,Process Industries,-0.33916083916083917
NSE:SUPREME,SUPREME,41.01,0.7369196757553357,6328,0.2565974080742218,1572926848.0,219.89276139410185,0.1865,-89.69043670536209,,Finance,-0.35454545454545455
NSE:MSL,MSL,145.0,4.316546762589928,471,,1570162573.0,19.003931847968545,7.63,-18.916046758767273,,Process Industries,
NSE:BHARATGEAR,BHARATGEAR,102.0,-0.029403116730374535,7269,0.22851376458272424,1567751369.0,10.436918039496572,9.773,125.6731168891147,0.9794319294809012,Producer Manufacturing,-0.35454545454545455
NSE:INDTERRAIN,INDTERRAIN,30.55,-1.64198325820991,16904,0.1678634451132016,1565621591.0,353.1791907514451,0.0865,,,Consumer Non-Durables,-0.35454545454545455
NSE:MKPL,MKPL,4.16,1.2165450121654457,39931,0.40860034606856005,1557793874.0,33.333333333333336,0.1248,-50.318471337579616,,Process Industries,-0.3090909090909091
NSE:RAJPUTANA,RAJPUTANA,208.0,-3.255813953488372,1000,0.12422360248447205,1555202500.0,12.837208154095872,16.2029,96.9837699835876,,Process Industries,0.0
NSE:SDREAMS,SDREAMS,81.6,-1.6867469879518142,7000,2.0588235294117645,1553957955.0,15.63248338090768,5.2199,14.226005514464532,,Consumer Non-Durables,-0.5121212121212121
NSE:DENEERS,DENEERS,172.3,-4.542936288088637,13800,0.5515587529976019,1553455200.0,5.877196273796164,29.3167,59.96453320237899,,Distribution Services,-0.5363636363636364
NSE:SHBAJRG,SHBAJRG,177.13,-2.21375731478414,1640,0.43989056381095437,1552049973.0,3.51623526796083,50.3749,32.507641398757386,,Non-Energy Minerals,-0.4545454545454546
NSE:INCREDIBLE,INCREDIBLE,31.37,-1.476130653266328,1078,0.18542408449008377,1547412687.0,12.211927748364996,2.5688,-17.619139247001474,,Non-Energy Minerals,-0.5121212121212121
NSE:SHRITECH,SHRITECH,58.5,-5.492730210016153,4000,0.46511627906976744,1544405000.0,7.567036179487511,7.7309,31.480127213047844,,Process Industries,-0.5575757575757576
NSE:NRVANDANA,NRVANDANA,67.85,2.415094339622633,18000,0.39473684210526316,1543281162.5,15.135629517265993,4.4828,,,Consumer Non-Durables,-0.13333333333333333
NSE:NATCAPSUQ,NATCAPSUQ,146.59,-1.4521008403361322,7540,0.2020315694423232,1542412512.0,,-20.7771,-285.4248984361957,,Health Technology,-0.4
NSE:PML,PML,504.9,0.2880127122852297,459,1.3076923076923077,1542000055.0,,-31.823,-102.90377909196931,,Commercial Services,0.3181818181818182
NSE:MAHAPEXLTD,MAHAPEXLTD,56.95,5.287483823257532,64885,1.0821019979320243,1529816202.0,,-12.161,-200.7773137098913,,Finance,0.603030303030303
NSE:LAL,LAL,8.63,-1.0321100917431176,7127,0.026151057490496527,1521809005.0,26.867995018679952,0.3212,12.26843760922753,,Consumer Non-Durables,0.2909090909090909
NSE:GOLDKART,GOLDKART,85.75,-4.986149584487535,2500,1.2903225806451613,1514877738.0,40.48248512888301,2.1182,7.2072072072072,,Retail Trade,-0.506993006993007
NSE:INFOLLION,INFOLLION,154.75,-0.96,15200,1.1838006230529594,1514203750.0,11.812977099236642,13.1,2.1315079600205866,,Commercial Services,-0.4666666666666667
NSE:TUNWAL,TUNWAL,26.1,-0.38167938931296896,24000,0.3409090909090909,1511540434.6000001,11.704035874439462,2.23,4.508388789952201,,Consumer Durables,-0.5121212121212121
NSE:TICL,TICL,9.54,-0.728407908428723,16495,0.27006937156273486,1511250000.0,20.725613730175972,0.4603,-87.25954219601981,,Industrial Services,-0.4
NSE:SHAHALLOYS,SHAHALLOYS,78.58,4.927226599011881,666276,41.60376651597273,1509562330.0,3.730128214256894,21.0663,,,Non-Energy Minerals,0.5575757575757576
NSE:GLOBALPET,GLOBALPET,154.15,-4.845679012345676,750,0.062111801242236024,1508728943.2,34.293659621802,4.495,9.827013291634081,,Producer Manufacturing,0.04242424242424242
NSE:IBLFL,IBLFL,58.55,-4.016393442622956,2000,0.30303030303030304,1508569650.0,59.592875318066156,0.9825,3.160436791264176,,Finance,-0.35757575757575755
NSE:AVPINFRA,AVPINFRA,58.5,-2.985074626865667,35200,1.1891891891891893,1506245760.0,3.46977146958167,16.8599,27.233005312726384,,Industrial Services,-0.5121212121212121
NSE:DCM,DCM,82.5,0.5116959064327506,5432,1.3218796388679936,1499636382.0,126.61141804788214,0.6516,-95.21789546301869,,Technology Services,-0.35454545454545455
NSE:SPCL,SPCL,61.7,-0.4838709677419309,21000,1.044776119402985,1495176686.0,7.542510665868,8.1803,58.83460836472372,,Producer Manufacturing,-0.5121212121212121
NSE:BAIDFIN,BAIDFIN,9.74,1.4583333333333393,40417,0.5783573546415117,1493121408.0,,,,0.0,Finance,-0.35454545454545455
NSE:LLOYDS,LLOYDS,61.5,-2.225755166931635,1000,0.24390243902439024,1488539193.0,,-14.4035,-414.9992848970252,,Retail Trade,-0.603030303030303
NSE:BARFLEX,BARFLEX,59.1,-1.4999999999999978,10000,0.9803921568627451,1484940000.0,30.623348360018657,1.9299,,,Process Industries,0.3333333333333333
NSE:PRAMARA,PRAMARA,116.7,9.990574929311977,55500,1.5925394548063128,1479476224.8,16.576704545454547,7.04,38.03921568627452,,Consumer Durables,-0.1090909090909091
NSE:RAJINDLTD,RAJINDLTD,69.4,4.360902255639107,10500,1.206896551724138,1477297500.0,9.555674886750108,7.2627,46.236710695876276,,Non-Energy Minerals,-0.26666666666666666
NSE:BRNL,BRNL,17.33,-0.6876790830945616,19255,0.7962468261779325,1476680459.0,,-21.6079,-208.04544249933747,,Industrial Services,-0.5121212121212121
NSE:KRITIKA,KRITIKA,5.52,-0.3610108303249181,56033,0.35229270353670145,1475191200.0,22.904564315352697,0.241,-31.28029654975763,,Producer Manufacturing,-0.4666666666666667
NSE:TIPSFILMS,TIPSFILMS,335.85,-1.6688625384277525,5512,0.5135658914728682,1474536600.0,,-115.6697,-47.53054376121598,,Consumer Services,-0.603030303030303
NSE:ESPRIT,ESPRIT,66.2,-1.1940298507462643,40000,1.5822784810126582,1470328400.0,,-1.1923,-116.70426047606372,,Non-Energy Minerals,0.06666666666666667
NSE:AVIANSH,AVIANSH,106.0,0.9523809523809524,4000,2.6666666666666665,1467577650.0,113.88053287494628,0.9308,-27.55856486886139,,Process Industries,0.2909090909090909
NSE:DEVIT,DEVIT,25.25,-2.959262106072251,54428,1.7255996068671433,1466020269.0,1.8865246107408626,13.3844,461.77964323189923,0.3844675124951942,Technology Services,-0.603030303030303
NSE:BEARDSELL,BEARDSELL,24.6,-1.0856453558504204,16682,0.6774196168246311,1464295862.0,8.993200263215618,2.7354,3.2304324854705975,0.26932399676811203,Process Industries,-0.4454545454545455
NSE:KAMOPAINTS,KAMOPAINTS,4.38,-1.1286681715575582,308547,1.2712034093549616,1464049937.0,,-0.1604,-184.86772486772486,,Process Industries,-0.5121212121212121
NSE:RSDFIN,RSDFIN,101.17,-4.995774251103384,324,0.014805675508945095,1451947836.0,11.880130109559765,8.5159,-22.24271587578411,,Finance,-0.3181818181818182
NSE:GSLSU,GSLSU,35.18,4.360723820824678,253119,3.068815848498442,1448186605.0,,-7.0455,-7.619105809033547,,Non-Energy Minerals,0.1575757575757576
NSE:INDBANK,INDBANK,32.15,-0.7103150092649906,44506,1.7093826695805472,1447173146.0,19.423634606089898,1.6552,-5.227598053249352,,Finance,-0.4666666666666667
NSE:EMMIL,EMMIL,126.45,-0.9400705052878988,7500,1.4634146341463414,1445827725.0,11.997609017420016,10.5396,1.4359408684939987,,Producer Manufacturing,-0.09090909090909091
NSE:SPECTSTM,SPECTSTM,62.6,0.16000000000000228,800,0.06666666666666667,1445627809.6000001,12.570281124497992,4.98,66.54961372529348,,Commercial Services,-0.08787878787878788
NSE:QUESTLAB,QUESTLAB,88.05,0.0,7200,0.5172413793103449,1442892960.0,9.620427428871116,9.1524,,,Health Technology,-0.4666666666666667
NSE:RELIABLE,RELIABLE,140.77,1.4631685166498494,208670,3.9159644941542964,1431796814.0,,,,0.0360386334150209,Technology Services,-0.31212121212121213
NSE:SADBHAV,SADBHAV,7.95,-3.7530266343825622,325534,2.0758303570118772,1422321932.0,4.576593172528927,1.7371,,,Industrial Services,-0.603030303030303
NSE:INDOWIND,INDOWIND,8.39,-4.004576659038897,330267,2.696253033893892,1420039062.0,144.6551724137931,0.058,-61.229946524064175,,Utilities,-0.603030303030303
NSE:DTIL,DTIL,134.02,0.6685194922256552,2551,0.3604125459169257,1418502674.0,,-11.7433,-350.1935978531724,1.4814814814814816,Process Industries,-0.3787878787878788
NSE:KEYFINSERV,KEYFINSERV,257.45,-0.19383601473153714,1145,0.6592204502274166,1415595816.0,25.220168297724356,10.2081,-70.43024613218778,0.39323633503735744,Finance,-0.4454545454545455
NSE:ENFUSE,ENFUSE,161.5,1.1271133375078344,1200,0.3076923076923077,1412961720.0,,-17.4194,-575.1350171840053,,Technology Services,-0.4212121212121212
NSE:TARMAT,TARMAT,53.83,-3.840657377634867,32411,0.25010842070009676,1412120225.0,18.77703362634296,2.8668,263.8071065989848,,Industrial Services,0.24545454545454548
NSE:GENXAI,GENXAI,79.0,0.4450095359186196,8400,0.35353535353535354,1411264926.5,,,,,Technology Services,0.375
NSE:DGCONTENT,DGCONTENT,24.34,0.04110152075627441,5715,0.10305355899928954,1410454723.0,192.8684627575277,0.1262,-96.55087594632266,,Commercial Services,-0.49090909090909096
NSE:WIPL,WIPL,162.18,-2.28354521901548,9774,5.791313622089234,1408643826.0,1206.6964285714287,0.1344,-96.10683042697411,0.7230222329336627,Non-Energy Minerals,-0.33636363636363636
NSE:HPIL,HPIL,130.06,2.1279937180997317,3025,0.48528114221544877,1402309553.0,42.28493400091033,3.0758,137.67869561857663,,Process Industries,0.5575757575757576
NSE:THAKDEV,THAKDEV,154.79,0.3956414580360521,1102,1.427831044311998,1395000000.0,10.200800036904502,15.1743,65.15525854656667,,Consumer Durables,0.4090909090909091
NSE:MRIL,MRIL,60.0,-4.761904761904762,3200,0.37037037037037035,1392545700.0,7.470584573242856,8.0315,19.41685500178422,,Industrial Services,-0.2
NSE:SONAL,SONAL,90.8,1.3166703860745286,176,1.8644067796610169,1385273970.0,,,,,Finance,-0.045454545454545456
NSE:PRAENG,PRAENG,19.12,-3.434343434343433,61920,1.4838672571461435,1381231873.0,,-2.6154,29.689768267111134,,Consumer Durables,-0.603030303030303
NSE:ENVIRO,ENVIRO,73.4,-0.13605442176869975,17000,0.5396825396825397,1381065000.0,11.396984612518052,6.4403,-13.916995254962238,,Producer Manufacturing,-0.4
NSE:CORALFINAC,CORALFINAC,34.69,1.1960326721120087,290271,1.6281656486109009,1380351275.0,9.710558728025976,3.5724,-4.9893617021276535,0.5839416058394161,Finance,0.5151515151515151
NSE:LAGNAM,LAGNAM,77.81,-0.16679497049011477,40464,3.8799129359196862,1377121860.0,7.510110320731226,10.3607,38.18320040545227,,Process Industries,-0.2424242424242424
NSE:BIKEWO,BIKEWO,110.3,4.997620180866255,58000,0.4289940828402367,1370193412.5,43.473119974775344,2.5372,403.1132262542137,,Retail Trade,0.603030303030303
NSE:NAGAFERT,NAGAFERT,2.26,-4.641350210970478,259558,0.9764713583499929,1369568833.0,,-0.2547,-100.62818625093415,,Process Industries,-0.4454545454545455
NSE:RUCHINFRA,RUCHINFRA,5.75,-1.032702237521508,23152,0.48501912674769876,1368944656.0,22.39096573208723,0.2568,-24.62577047255651,,Transportation,-0.3303030303030303
NSE:BALPHARMA,BALPHARMA,85.29,0.34117647058824263,7564,0.32101311807969307,1364259538.0,18.83072439449805,4.5293,-14.740983359686771,1.4003967790874081,Health Technology,-0.15454545454545454
NSE:OWAIS,OWAIS,71.25,-4.936624416277522,14400,0.4980975441023867,1362770730.1000001,78.51239669421489,0.9075,-96.49067854615483,,Process Industries,-0.5121212121212121
NSE:SECMARK,SECMARK,124.97,-2.107159642801189,261,0.1163049774965465,1358632323.0,40.722758081334725,3.0688,-1.2930202637504025,,Technology Services,-0.22424242424242424
NSE:SALONA,SALONA,269.49,3.1698633283565063,1477,0.9910756223579146,1357699116.0,61.963119654189285,4.3492,-4.2342838269294365,0.3875968992248062,Process Industries,0.4666666666666667
NSE:PARNAXLAB,PARNAXLAB,122.0,1.9640618470539022,1881,,1357597920.0,15.65266480203228,7.7942,-17.163171823022395,,Health Technology,
NSE:BRIGHTBR,BRIGHTBR,255.13,10.159758203799656,3986,,1353599996.0,25.290444091990484,10.088,-37.65450410362901,0.8392782207301721,Process Industries,
NSE:ALPA,ALPA,62.56,-1.820464532328934,8310,0.36363636363636365,1351648088.0,37.60067315783147,1.6638,-86.65447457708689,,Health Technology,-0.603030303030303
NSE:PROFX,PROFX,82.0,6.493506493506493,4800,0.4918032786885246,1347783899.0,,,,,Distribution Services,0.5575757575757576
NSE:LATTEYS,LATTEYS,23.03,-1.1163589523400514,169405,1.614118835277079,1339077768.0,20.854840170243595,1.1043,204.38257993384786,,Producer Manufacturing,0.4212121212121212
NSE:LKPSEC,LKPSEC,16.76,1.9464720194647216,26512,,1337046544.0,18.803994165825202,0.8913,-45.60268538297223,1.2376237623762376,Finance,
NSE:BALAXI,BALAXI,23.72,-2.0239570425444113,27297,0.806410635155096,1336573536.0,,,,,Distribution Services,-0.5575757575757576
NSE:SIDDHIKA,SIDDHIKA,224.0,4.161822831899553,3000,0.6896551724137931,1334170200.0,13.318191817635903,16.8191,21.738154866167715,,Industrial Services,0.5575757575757576
NSE:ISFT,ISFT,80.31,-2.3586626139817604,110158,2.0560035984449043,1332990341.0,,,,,Retail Trade,0.403030303030303
NSE:ROML,ROML,44.17,0.18144704014515375,2043,1.4893927243566376,1330995158.0,15.134486893952374,2.9185,-11.154068617005086,,Process Industries,-0.4666666666666667
NSE:TEXMOPIPES,TEXMOPIPES,45.11,-1.1179307321350243,27739,0.4510868593042865,1330708140.0,8.570668591948017,5.2633,-17.424182996281708,,Producer Manufacturing,0.15454545454545454
NSE:MGSL,MGSL,86.0,-5.4945054945054945,8400,0.25925925925925924,1326946712.0,11.40961857379768,7.5375,,,Industrial Services,0.4666666666666667
NSE:ONELIFECAP,ONELIFECAP,33.79,-4.574978819542495,77480,0.8433445118931386,1321049644.0,913.2432432432432,0.037,,,Finance,-0.11212121212121212
NSE:JOCIL,JOCIL,149.96,0.9831649831649886,1867,0.5502667334728403,1318850775.0,16.141045788216047,9.2906,592.8113348247576,3.436426116838488,Process Industries,0.603030303030303
NSE:AARNAV,AARNAV,35.37,13.256484149855899,220800,3.7552936374304813,1312354171.0,16.313070749930816,2.1682,-2.006688963210702,,Finance,0.6888111888111889
NSE:AIROLAM,AIROLAM,87.91,0.5605124685426617,15448,4.031104848389959,1311299973.0,24.20296239193877,3.6322,101.57611410178144,,Non-Energy Minerals,-0.4242424242424242
NSE:CHEMCRUX,CHEMCRUX,87.0,0.4271037746739058,2039,,1309101461.0,31.082529474812432,2.799,49.64713430282291,1.1312217194570136,Process Industries,
NSE:VGCL,VGCL,58.21,-3.7851239669421473,726,,1307095195.0,4.914600271860726,11.8443,,0.0,Finance,
NSE:MAGNUM,MAGNUM,19.1,-0.9336099585062225,65718,1.9762196882217062,1306656306.0,,-0.2014,-127.65723702279594,,Process Industries,-0.603030303030303
NSE:SIL,SIL,19.83,-2.26712666338098,91217,0.29932650961079055,1304590975.0,2.0605594579990854,9.6236,,3.9447731755424065,Process Industries,0.35454545454545455
NSE:SHEEL,SHEEL,63.9,-0.15625000000000222,10000,0.78125,1302563200.0,9.551569506726457,6.69,-14.935279607354474,,Process Industries,-0.07692307692307693
NSE:SAMPANN,SAMPANN,26.42,0.45627376425855887,14006,0.8081146107998638,1301762740.0,18.35104535667153,1.4397,-20.410194040577146,,Producer Manufacturing,-0.26363636363636367
NSE:AVIENCE,AVIENCE,238.0,0.42194092827004215,10800,0.631578947368421,1299958272.0,,,,,Health Technology,-0.3181818181818182
NSE:ROXHITECH,ROXHITECH,55.45,-1.7714791851195746,20800,0.3258145363408521,1294832544.05,7.1435933111746674,7.7622,-41.19010819165379,,Technology Services,0.35454545454545455
NSE:VITAL,VITAL,51.33,-4.944444444444448,13481,2.133440947000269,1293359400.0,,,,,Process Industries,-0.12237762237762238
NSE:SATTVAENGG,SATTVAENGG,74.95,1.352265043948614,4800,0.37037037037037035,1291804153.2,8.844388327059463,8.4743,,,Industrial Services,0.003030303030303022
NSE:POSITRON,POSITRON,166.0,-2.324213003824648,5400,0.7058823529411765,1291687980.0,6.294578699297358,26.3719,3.8554084015610632,,Utilities,-0.5121212121212121
NSE:ISHANCH,ISHANCH,47.04,-0.6127192055778558,140692,2.0370954897560267,1291497895.0,,-3.0725,-1367.53300330033,,Distribution Services,-0.5575757575757576
NSE:WINSOL,WINSOL,114.0,1.8766756032171528,19200,2.5945945945945947,1290788880.0,9.136079499919859,12.478,22.11783127813662,,Industrial Services,-0.04242424242424242
NSE:WHBRADY,WHBRADY,507.0,,5,,1283669960.0,23.895256767966217,21.2176,-72.68849259982957,,Producer Manufacturing,
NSE:INDIANCARD,INDIANCARD,219.43,1.5550516036469726,3822,1.9728488101997625,1283281952.0,21.761724832148207,10.0833,-78.07716139973257,,Producer Manufacturing,-0.17878787878787877
NSE:GVPTECH,GVPTECH,6.98,-0.5698005698005577,28330,0.6411939379673719,1282162892.0,,-5.1955,-12541.119221411192,2.8490028490028494,Commercial Services,0.13636363636363635
NSE:LAHOTIOV,LAHOTIOV,42.28,-1.6286644951139968,885,0.11437950732804301,1278586866.0,7.7847949770764675,5.4311,55.69028781103085,0.4563084645220169,Process Industries,-0.4090909090909091
NSE:AERON,AERON,75.0,0.0,2000,0.17094017094017094,1276500000.0,14.65044048991073,5.1193,-34.701140335212635,,Producer Manufacturing,-0.35454545454545455
NSE:VR,VR,143.75,-4.990085922009261,400,0.5555555555555556,1276500000.0,32.59415459265809,4.4103,94.60353880774831,,Finance,0.04242424242424242
NSE:AESTHETIK,AESTHETIK,71.6,-3.243243243243251,4000,0.6666666666666666,1274292950.0,17.320625090715563,4.1338,24.73747736873868,,Consumer Durables,-0.4666666666666667
NSE:URBAN,URBAN,143.2,-2.618157089425381,24800,0.6187624750499002,1273453000.0,8.331975702283145,17.1868,45.0877104121292,,Transportation,0.2
NSE:PREMCO,PREMCO,375.65,-0.7136249504427238,472,0.23611805902951477,1265738413.0,51.99092079221624,7.2253,-76.44640761507368,11.488250652741515,Process Industries,-0.2727272727272727
NSE:SHIGAN,SHIGAN,64.9,4.677419354838719,4500,0.7894736842105263,1260298800.0,19.547015240045784,3.3202,-30.161334427126068,,Electronic Technology,0.22424242424242424
NSE:JAYESH,JAYESH,136.9,-5.521048999309869,109000,5.677083333333333,1259390960.1000001,10.710038803354612,12.7824,,,Transportation,-0.4160839160839161
NSE:RAPIDFLEET,RAPIDFLEET,169.0,3.048780487804878,600,0.625,1256481200.0,10.075656855321915,16.7731,21.311250135609157,,Transportation,-0.38461538461538464
NSE:SURANASOL,SURANASOL,25.43,-0.23538642604942614,71147,1.1654615684514387,1255260382.0,19.552514224204213,1.3006,,,Electronic Technology,-0.3090909090909091
NSE:CLSL,CLSL,75.65,3.4176349965823647,28000,1.0852713178294573,1253791000.0,23.169275060488197,3.2651,1.0804284564423234,,Process Industries,0.5363636363636364
NSE:BNALTD,BNALTD,401.0,4.973821989528796,469,3.2145305003427005,1253174961.0,170.3555801011088,2.3539,-92.15400665971141,,Process Industries,0.045454545454545456
NSE:BSL,BSL,122.85,-0.7032007759456875,836,0.31085000371830146,1251527572.0,34.7997280607331,3.5302,-42.46834308436955,0.0,Process Industries,-0.5363636363636364
NSE:MUKTAARTS,MUKTAARTS,55.26,-2.2811671087533143,1150,0.3120421121180876,1251220079.0,,-3.4892,50.51832943345388,,Technology Services,-0.603030303030303
NSE:OSWALSEEDS,OSWALSEEDS,12.92,-4.93009565857248,400753,0.8141052557591801,1243077300.0,9.678627612555248,1.3349,-9.718652779656429,,Process Industries,0.4
NSE:PAR,PAR,101.24,0.3270240808641347,17995,1.2745959116601266,1241660864.0,8.598022896354927,11.7748,2.370871406091065,,Process Industries,0.4
NSE:STEELCITY,STEELCITY,81.23,-0.6603888956830036,3980,0.05640054019813878,1235307088.0,7.213583525002886,11.2607,0.1111288917337822,4.891769597651951,Finance,0.11212121212121212
NSE:SAMBHAAV,SAMBHAAV,6.36,0.15748031496064058,26679,0.7013701943299402,1230753820.0,,-0.0853,-587.4285714285713,,Consumer Services,-0.4454545454545455
NSE:WEIZMANIND,WEIZMANIND,77.56,0.34933367835424506,383,0.49368393915957726,1223859310.0,19.606653521411598,3.9558,,0.63299151791366,Process Industries,-0.3090909090909091
NSE:ASSAMENT,ASSAMENT,807.5,-5.0,7,,1223821509.0,61.60548078977082,13.1076,-41.86904614074613,,Finance,
NSE:VALUE360,VALUE360,75.0,-1.3157894736842104,39600,0.297029702970297,1222840608.0,,,,,Commercial Services,-0.5
NSE:SCML,SCML,83.5,-0.8902077151335311,56000,1.3397129186602872,1221354726.0,11.781637577074486,7.0873,4.007807226086706,,Producer Manufacturing,0.06666666666666667
NSE:GREENCHEF,GREENCHEF,52.85,0.8587786259542038,3200,0.47619047619047616,1219444416.0,,-3.7599,-247.0606641373646,,Consumer Durables,0.3333333333333333
NSE:HECPROJECT,HECPROJECT,119.3,-0.492117774626744,15932,0.6472423543176573,1215463966.0,10.247908327177143,11.6414,26.956464840341997,,Industrial Services,-0.5575757575757576
NSE:ALUWIND,ALUWIND,48.4,-1.0224948875255624,7500,1.0204081632653061,1215038838.0,11.498348894115411,4.2093,28.783845800826064,,Producer Manufacturing,-0.4242424242424242
NSE:BCPL,BCPL,70.79,-3.490115882753904,19492,1.4059535917021906,1212965482.0,14.35669668207999,4.9308,39.39445339665845,1.3787398317937405,Industrial Services,0.09090909090909091
NSE:CANARYS,CANARYS,22.75,7.311320754716985,72000,0.625,1212557595.6,10.796317388003036,2.1072,49.024045261669045,,Technology Services,0.3787878787878788
NSE:GANGESSECU,GANGESSECU,120.0,-0.25766769179619503,4251,1.7968551864062894,1209945901.0,41.673901719048445,2.8795,-48.29227122539865,,Consumer Non-Durables,0.33636363636363636
NSE:SURANI,SURANI,90.15,-4.299363057324838,200,0.011061946902654867,1209254820.0,68.33169104828319,1.3193,194.02718965901494,,Non-Energy Minerals,-0.49090909090909096
NSE:URAVIDEF,URAVIDEF,105.09,-0.8584905660377327,3280,0.4802061372686812,1207259977.0,69.86902466591317,1.5041,-26.421093826435772,,Producer Manufacturing,-0.5121212121212121
NSE:CROWN,CROWN,107.63,0.5511958146487193,9445,1.0420689122543774,1201346736.0,14.698130471001132,7.3227,-22.66659626148484,,Finance,-0.4
NSE:SRIVASAVI,SRIVASAVI,83.0,-1.1904761904761905,5000,1.2195121951219512,1190629944.0,19.56439751084292,4.2424,-11.587195731910638,,Process Industries,0.02121212121212121
NSE:XELPMOC,XELPMOC,79.85,0.4655259184700432,6393,0.7586419679834815,1190232417.0,,-5.3338,-12.839281558738294,,Technology Services,-0.37575757575757573
NSE:GSMFOILS,GSMFOILS,88.25,-4.954227248249859,26000,0.8873720136518771,1189561609.65,4.989878885885852,17.6858,87.38332114893572,,Non-Energy Minerals,-0.49090909090909096
NSE:USK,USK,22.43,2.748511223087501,36934,1.54532978527556,1189071333.0,10.485718292739937,2.1391,,,Industrial Services,0.1575757575757576
NSE:CUBEXTUB,CUBEXTUB,80.54,-3.220379716414315,59744,1.080125325200092,1184895139.0,15.29172758168942,5.2669,8.056706741619129,,Non-Energy Minerals,-0.13333333333333333
NSE:ANIKINDS,ANIKINDS,43.07,0.7249766136576293,11453,1.182916752737038,1183408653.0,,-0.3288,-140.61766522544784,,Distribution Services,0.02121212121212121
NSE:KREBSBIO,KREBSBIO,55.79,2.067325283571172,5203,1.4700647020597293,1181520043.0,,-6.5417,47.940027216947726,,Health Technology,0.13636363636363635
NSE:FORGEAUTO,FORGEAUTO,106.0,-1.8518518518518516,1200,0.062111801242236024,1179360000.0,9.388839681133748,11.29,12.371852294217165,,Producer Manufacturing,0.2
NSE:VISHWARAJ,VISHWARAJ,5.45,1.4897579143389212,595969,2.4722920874656156,1174091262.0,,-1.6237,0.325352977286684,,Process Industries,0.2
NSE:VIJAYPD,VIJAYPD,60.0,0.2506265664160377,6000,0.17142857142857143,1168791916.95,20.0,3.0,23.102174805088232,,Distribution Services,-0.29370629370629375
NSE:AAATECH,AAATECH,92.81,0.9023700804522703,14270,0.31850901177389657,1167238745.0,56.095497129042,1.6545,-39.64102002845573,1.6483516483516485,Technology Services,-0.08787878787878788
NSE:LAMBODHARA,LAMBODHARA,110.59,0.4450499545867476,4907,0.4422075230250707,1157102368.0,9.236538573969982,11.9731,75.78030948116394,0.4484304932735426,Process Industries,-0.46969696969696967
NSE:SHYAMDHANI,SHYAMDHANI,55.1,-1.6071428571428545,26000,1.0483870967741935,1156736000.0,,,,,Consumer Non-Durables,-0.4755244755244755
NSE:THACKER,THACKER,1054.7,-0.49999999999999567,42,1.971830985915493,1156190819.0,,,,,Finance,0.0
NSE:GTL,GTL,7.47,0.809716599190278,193898,0.5872139876480883,1156131343.0,0.13215274522118337,56.5255,,,Technology Services,-0.2212121212121212
NSE:MEGAFLEX,MEGAFLEX,99.75,5.0,3000,2.0,1152447375.0,16.638588180347284,5.9951,110.62783262481118,,Process Industries,-0.1090909090909091
NSE:REPL,REPL,61.75,-3.515625,5133,2.064762670957361,1147443200.0,,-7.323,-198.13854380251678,,Industrial Services,-0.5575757575757576
NSE:AKSHOPTFBR,AKSHOPTFBR,7.32,4.871060171919769,173111,0.7177674083816307,1142139729.0,,-0.115,93.04715840386942,,Electronic Technology,0.603030303030303
NSE:AVROIND,AVROIND,8.8,3.5294117647058907,443007,0.7005850979206439,1140456917.0,29.07168814007268,0.3027,6.472036581076337,,Consumer Durables,0.003030303030303022
NSE:OBCL,OBCL,54.0,0.01852194850897946,20269,0.9957701018417989,1138470577.0,,-4.0282,-368.38563528549537,,Transportation,0.06666666666666667
NSE:DBSTOCKBRO,DBSTOCKBRO,32.52,0.030759766225792424,5294,0.23381016946158298,1137500000.0,38.16005632480639,0.8522,-38.286624665073504,,Finance,-0.17878787878787877
NSE:HINDCON,HINDCON,22.61,2.1690013556258494,21792,1.4161960526914352,1132847978.0,20.02302515054906,1.1292,12.548589654141324,,Non-Energy Minerals,0.3333333333333333
NSE:RAJSREESUG,RAJSREESUG,34.96,1.3627138300956765,153455,3.2897360150579034,1132574984.0,,-2.43,32.850668729965726,,Process Industries,0.4666666666666667
NSE:READYMIX,READYMIX,100.55,-2.4733268671192987,11000,0.49327354260089684,1129821350.0,14.728500490705883,6.8269,,,Producer Manufacturing,-0.22424242424242424
NSE:KHFM,KHFM,45.9,-5.555555555555562,10850,1.489361702127656,1123170188.0,29.235668789808916,1.57,0.0,,Commercial Services,-0.5121212121212121
NSE:ZENITHEXPO,ZENITHEXPO,197.45,-3.4521539289032335,1132,0.48057737210783275,1122419952.0,365.78362356428306,0.5398,-90.19223082234093,,Consumer Non-Durables,-0.5575757575757576
NSE:TBI,TBI,60.95,-1.055194805194803,25800,0.7637655417406749,1118557748.0,6.026359762307321,10.1139,35.604151024348376,,Process Industries,-0.5363636363636364
NSE:NAVKARURB,NAVKARURB,0.98,0.0,274448,0.7092506129267261,1110869439.0,37.12121212121212,0.0264,,0.5050505050505051,Non-Energy Minerals,-0.49090909090909096
NSE:GROBTEA,GROBTEA,944.0,-1.0274690710840801,45,0.1477832512315271,1108630256.0,14.3102504748608,65.9667,21.921228699220052,0.20968756552736423,Consumer Non-Durables,0.3787878787878788
NSE:PRAXIS,PRAXIS,5.4,-8.006814310051102,554400,3.209373408048908,1105582615.0,,-3.2779,-6.803297383597785,,Retail Trade,-0.603030303030303
NSE:NARMADA,NARMADA,14.88,2.9757785467128133,892148,0.4518281214928355,1096361875.0,35.11090136857008,0.4238,-53.14020344980097,,Process Industries,-0.2424242424242424
NSE:RTL,RTL,80.05,-3.6122817579771227,6000,0.15873015873015872,1096205934.45,,,,,Communications,-0.3787878787878788
NSE:HOLMARC,HOLMARC,108.95,1.8224299065420588,750,0.14285714285714285,1094947500.0,26.824404175694305,4.0616,9.282677716192223,,Electronic Technology,0.4666666666666667
NSE:JEYYAM,JEYYAM,23.0,0.6564551422319412,10000,0.03362474781439139,1085300920.3,7.956275079562751,2.8908,-37.813535257927114,,Consumer Non-Durables,-0.37575757575757573
NSE:AMARJOTHI,AMARJOTHI,157.57,-2.734567901234572,2196,0.20808657007760606,1080000000.0,8.258905172233053,19.0788,-0.0979185757298026,1.3750000000000002,Process Industries,0.37575757575757573
NSE:VLEGOV,VLEGOV,9.54,-1.9527235354573613,38145,0.8694353969270604,1074752609.0,,-0.217,99.90649727592525,,Technology Services,-0.6484848484848484
NSE:KKJEWELS,KKJEWELS,102.5,-1.4423076923076923,9000,1.0227272727272727,1074712500.0,4.338110192231185,23.6278,,,Retail Trade,-0.4454545454545455
NSE:LANDSMILL,LANDSMILL,0.76,1.3333333333333344,2801746,1.3792726930988137,1072128146.0,34.70319634703196,0.0219,1725.0,,Commercial Services,-0.3090909090909091
NSE:SHRIKRISH,SHRIKRISH,38.46,-4.5657568238213315,709,0.8371708584248436,1066799957.0,26.469373709566412,1.453,-19.4612272047004,,Finance,-0.5454545454545454
NSE:LOVABLE,LOVABLE,72.09,0.06940588561909655,2942,0.33493095322123434,1065600014.0000001,,,,,Consumer Non-Durables,-0.35454545454545455
NSE:SURYALAXMI,SURYALAXMI,58.64,1.6996184530003537,3245,0.4640022878387074,1063439040.0,27.51243314253542,2.1314,-14.136083470974489,,Process Industries,0.2
NSE:SPCON,SPCON,145.85,8.037037037037033,3600,0.8333333333333334,1061234594.9999999,,,,,Industrial Services,0.5454545454545454
NSE:LPDC,LPDC,7.38,-6.226175349428211,96741,0.421205661530745,1058389498.0,11.612903225806452,0.6355,,,Finance,0.3333333333333333
NSE:MITCON,MITCON,80.0,1.6647604524081867,3498,0.8298932384341637,1057333922.9999999,13.16309069369488,6.0776,149.93214623514413,,Commercial Services,0.6484848484848484
NSE:COMPUSOFT,COMPUSOFT,13.22,-0.5267118133935178,6820,0.2538619021031081,1056321326.0,36.04143947655398,0.3668,-19.010819165378674,1.8726591760299627,Technology Services,-0.06666666666666667
NSE:DUCON,DUCON,3.29,1.5432098765432043,379325,1.1274636563320142,1056008194.0,10.561797752808989,0.3115,-26.23727208145868,,Distribution Services,0.46969696969696967
NSE:LOYALTEX,LOYALTEX,216.9,-1.8552036199095,1091,0.5022095378383354,1055042473.0,,-118.5049,-4.5562586464891766,,Process Industries,0.17878787878787877
NSE:ARTNIRMAN,ARTNIRMAN,43.02,1.8707080274686392,1154,0.3804061181434599,1053891842.0,263.4415186772811,0.1633,-73.06613887514432,,Consumer Durables,0.4242424242424242
NSE:TOTAL,TOTAL,68.56,5.363454741048117,54145,0.7444770923250593,1049382076.0000001,12.27815684378302,5.5839,-22.412427572982818,1.9210081450745355,Transportation,0.5575757575757576
NSE:SHYAMCENT,SHYAMCENT,5.05,4.554865424430637,55125,0.8217444385976158,1048134577.0,,-0.28,44.145222421703565,,Non-Energy Minerals,-0.49090909090909096
NSE:ABAN,ABAN,17.74,-1.9889502762431104,2547,0.03828768224981848,1045322977.9999999,,-90.6166,40.53388947367039,,Industrial Services,0.0
NSE:PURVFLEXI,PURVFLEXI,48.5,-2.6104417670682674,16000,1.7699115044247788,1044940949.9999999,29.74365264319882,1.6306,-67.11173860427591,,Distribution Services,-0.3333333333333333
NSE:JETFREIGHT,JETFREIGHT,22.43,-1.3198416190057225,59999,0.3325051968657531,1043621130.0,13.79543637370072,1.6259,69.08277870216305,,Transportation,0.0
NSE:NORBTEAEXP,NORBTEAEXP,66.72,0.8311923832552474,1506,0.7150657613598594,1043320022.0000001,,-0.1653,-263.82556987115953,,Consumer Non-Durables,0.024242424242424246
NSE:ITL,ITL,320.05,0.5182160804020208,1147,,1043159879.9999999,11.586694760011875,27.6222,-4.361224023433439,0.3839655966825372,Producer Manufacturing,
NSE:MOTOGENFIN,MOTOGENFIN,26.3,0.8822401227464536,1557,0.16744816312483868,1037501507.0,0.6844787291077833,38.4234,20691.883116883117,,Finance,0.024242424242424246
NSE:KOHINOOR,KOHINOOR,27.42,-1.2958963282937344,135394,0.711042069402672,1034295656.0,1.1992704656685866,22.8639,-76.79018085546993,,Process Industries,0.3090909090909091
NSE:KEN,KEN,42.0,0.0,4800,0.1509433962264151,1031750160.0,6.700381283601614,6.2683,9.599076810099145,,Process Industries,0.49090909090909096
NSE:HILTON,HILTON,20.26,0.5958291956305908,75863,0.9442002929817552,1031389687.0000001,12.721336179831722,1.5926,-23.02189569336363,,Producer Manufacturing,-0.35454545454545455
NSE:MUKESHB,MUKESHB,145.0,-1.3605442176870748,1503,,1025767900.9999999,31.00543129624086,4.6766,-10.753611572298245,0.8154943934760448,Finance,
NSE:BHANDARI,BHANDARI,3.05,0.6600660066006607,247615,2.12058331349332,1018846722.0,12.026813880126182,0.2536,-12.279488066413016,0.32679738562091504,Consumer Non-Durables,0.403030303030303
NSE:MOBILISE,MOBILISE,101.7,-4.997664642690326,12800,0.9411764705882353,1018259600.0,,,,,Technology Services,-0.39860139860139865
NSE:AARADHYA,AARADHYA,71.8,3.532804614275419,2400,0.5,1015108400.0,,,,,Process Industries,-0.24825174825174828
NSE:UTKAL,UTKAL,52.95,2.2200772200772314,64000,0.8311688311688312,1011861200.0,,,,,Process Industries,0.32954545454545453
NSE:FONEBOX,FONEBOX,98.5,-2.8599605522682503,3000,0.7142857142857143,1010610000.0,14.862091858289576,6.6276,49.57683540589947,,Retail Trade,0.3090909090909091
NSE:MANILAM,MANILAM,47.0,1.9522776572668081,6000,0.4,1007192800.0,,,,,Non-Energy Minerals,-0.3181818181818182
NSE:SHILGRAVQ,SHILGRAVQ,161.89,2.4620253164556876,1506,,1002109863.0,14.981353124624052,10.8061,70.24450956297066,1.2887388769561217,Producer Manufacturing,
NSE:PARTYCRUS,PARTYCRUS,81.0,-2.9940119760479043,4000,1.4285714285714286,1001157734.0,,,,,Consumer Services,-0.603030303030303
NSE:AMDIND,AMDIND,53.35,3.7735849056603867,37709,0.548689280268197,999737575.0,31.207955542556302,1.7095,,,Producer Manufacturing,0.5363636363636364
NSE:DIGJAMLMTD,DIGJAMLMTD,51.74,2.414885193982579,10235,0.8840957777624214,995000000.0,,-0.5632,79.82808022922634,,Process Industries,0.5575757575757576
NSE:DHARAN,DHARAN,0.16,0.0,12029531,0.641526220409496,993464065.0,,,,,Finance,0.15454545454545454
NSE:MDL,MDL,56.5,0.8928571428571428,10000,3.4482758620689653,993447891.0,,,,,Consumer Durables,-0.4
NSE:SADBHIN,SADBHIN,2.84,1.0676156583629823,176606,1.0759807938470125,986230598.0,61.33909287257019,0.0463,,,Transportation,0.26666666666666666
NSE:CAPTRUST,CAPTRUST,21.41,0.18717828731866704,19632,0.18738242068078845,986139778.0,,-13.1244,-325.01295336787564,,Finance,0.4
NSE:PRLIND,PRLIND,43.55,1.1614401858304297,18000,0.41570438799076215,984232648.35,7.233618470226725,6.0205,-9.729510900530785,,Transportation,-0.3090909090909091
NSE:PIONRINV,PIONRINV,80.47,-4.994096812278635,512,0.45046630300897417,983752670.0,6.934020387588215,11.6051,73.69263926721945,,Finance,-0.5454545454545454
NSE:SOMICONVEY,SOMICONVEY,85.28,2.635696233000358,29198,1.394031988541418,983365757.0,22.70863290195452,3.7554,-25.603233091643883,,Producer Manufacturing,-0.26363636363636367
NSE:SEMAC,SEMAC,299.35,-3.7305032963498843,714,2.22846441947566,981952064.0,14.493139542765293,20.6546,,,Producer Manufacturing,-0.5121212121212121
NSE:EMKAYTOOLS,EMKAYTOOLS,92.0,-1.0220548682087174,600,0.7272727272727273,981759594.0,12.107334149262373,7.5987,-82.65540901433911,,Producer Manufacturing,-0.11212121212121212
NSE:GATECHDVR,GATECHDVR,0.51,2.0000000000000018,462301,0.8612057189301103,980820122.0,8.808290155440414,0.0579,-33.75286041189931,,Finance,0.49090909090909096
NSE:GATECH,GATECH,0.8,2.5641025641025665,30110999,1.6692426070999253,980820122.0,13.81692573402418,0.0579,-33.75286041189931,,Finance,0.603030303030303
NSE:BIOPOL,BIOPOL,99.7,10.226644555002764,84000,0.8728179551122195,977348430.0,,,,,Process Industries,0.15384615384615385
NSE:PROPSHOP,PROPSHOP,69.85,5.513595166163129,368000,2.852713178294574,968559224.8000001,,,,,Commercial Services,1.0
NSE:SMLT,SMLT,69.28,-1.4369042538056693,4098,0.3514911355273654,967454587.0,19.43719664450243,3.5643,29.160023191766925,0.0,Non-Energy Minerals,-0.17878787878787877
NSE:SOTAC,SOTAC,87.4,-4.948341489940181,1200,0.06329113924050633,965770000.0,16.732076194122715,5.2235,7.612278533168511,,Health Technology,-0.37575757575757573
NSE:BAGFILMS,BAGFILMS,4.43,-0.6726457399103195,71607,0.6627602190226908,963197978.0,15.748311411304655,0.2813,-14.680012132241432,,Consumer Services,-0.4454545454545455
NSE:DCG,DCG,54.5,2.733270499528752,30000,2.717391304347826,962836280.0,11.435885599177457,4.7657,,,Non-Energy Minerals,0.11212121212121212
NSE:PARAGON,PARAGON,49.65,1.3265306122448952,27600,5.0,958734000.0,10.730494921115193,4.627,52.97890630165972,,Process Industries,0.49090909090909096
NSE:SMARTEN,SMARTEN,52.95,4.955401387512389,26400,1.6793893129770991,958590360.0,11.832666651768756,4.4749,,,Producer Manufacturing,-0.26666666666666666
NSE:VIAZ,VIAZ,67.0,-3.179190751445091,6000,0.4918032786885246,958569000.0,17.06050112039112,3.9272,45.981711396922165,,Consumer Durables,0.28787878787878785
NSE:DTL,DTL,116.0,0.0,1200,0.3448275862068966,958234936.0,,-3.3508,,,Technology Services,-0.4
NSE:INVENTURE,INVENTURE,0.9,0.0,471311,0.4586482715990804,955500028.0,30.201342281879196,0.0298,144.26229508196718,,Finance,-0.5121212121212121
NSE:WOL3D,WOL3D,147.95,2.387543252595148,5000,0.7936507936507936,954573400.0,14.319451031252115,10.3321,19.225709669974613,,Electronic Technology,0.4666666666666667
NSE:RNPL,RNPL,80.5,2.0925808497146554,3600,0.3225806451612903,952859828.6999999,7.589685570169236,10.6065,,,Process Industries,-0.3333333333333333
NSE:SYLVANPLY,SYLVANPLY,49.0,-2.0,2000,0.5,949366670.0,,,,,Non-Energy Minerals,-0.4454545454545455
NSE:KCK,KCK,15.0,0.671140939597313,82500,0.24737631184407796,947665330.0,,,,,Process Industries,-0.2424242424242424
NSE:ROCKINGDCE,ROCKINGDCE,161.7,-3.433860853986265,7500,1.5706806282722514,947599550.0,,,,,Distribution Services,-0.5121212121212121
NSE:MARUSHIKA,MARUSHIKA,111.0,0.0,6000,0.43478260869565216,947581248.0,,,,,Technology Services,0.5
NSE:PATINTLOG,PATINTLOG,13.65,-0.36496350364962726,75798,1.6157348590138214,944974332.0,9.068562317300026,1.5052,31.630957586357688,2.9455081001472756,Transportation,-0.26969696969696966
NSE:HAPPY,HAPPY,66.75,1.1363636363636365,46000,0.9387755102040817,942887880.0,,,,,Producer Manufacturing,0.5714285714285714
NSE:ARABIAN,ARABIAN,86.0,-0.6354708261120707,2000,0.046511627906976744,942702600.0,8.354705836636358,10.2936,23.42002086255891,,Process Industries,0.4454545454545455
NSE:DIGIKORE,DIGIKORE,37.0,-0.40376850605652376,72000,0.5489478499542544,941054080.0,2.446345688481018,15.1246,,,Consumer Services,-0.4666666666666667
NSE:REGENCERAM,REGENCERAM,36.8,3.8667795653401,3751,0.07320767089921894,938940658.0,,-9.2527,-888.9409959072307,,Producer Manufacturing,0.024242424242424246
NSE:IDEALTECHO,IDEALTECHO,189.0,1.0965498796469706,500,0.11363636363636363,934750000.0,34.039334341906205,5.5524,-12.596417214998587,,Process Industries,0.31212121212121213
NSE:SELLOWRAP,SELLOWRAP,69.0,1.4705882352941175,4800,0.24,934606960.0,10.133944307366937,6.8088,,,Producer Manufacturing,0.203030303030303
NSE:USASEEDS,USASEEDS,92.4,1.3157894736842135,1712,1.6666666666666665,931893547.1999999,14.557829559956517,6.3471,-14.741084021761026,,Process Industries,0.1575757575757576
NSE:PACIFICI,PACIFICI,138.99,-0.5580596694569658,24,,930507767.0,34.83284045912486,3.9902,-59.83208842537599,,Non-Energy Minerals,
NSE:MOKSH,MOKSH,10.53,-1.863932898415667,119588,1.9668852496763896,926242701.0,9.707753295842167,1.0847,-16.60644268470823,,Consumer Durables,-0.5121212121212121
NSE:KONSTELEC,KONSTELEC,62.0,1.2244897959183674,77000,2.8947368421052633,924875000.0,12.836173164116685,4.8301,53.63890832750173,,Industrial Services,0.31212121212121213
NSE:MAKERSL,MAKERSL,159.83,4.7447408087030665,717,,923998893.0,27.583528924478806,5.7944,-61.636906535311596,,Health Technology,
NSE:EXCELLENT,EXCELLENT,195.7,-5.000000000000006,8000,1.0638297872340425,920820000.0,57.97144380591267,3.3758,32.32204452806521,,Producer Manufacturing,-0.1575757575757576
NSE:RICHA,RICHA,89.0,-1.1111111111111112,1000,0.032362459546925564,919192000.0,16.420664206642066,5.42,-63.29355673244931,,Electronic Technology,-0.17878787878787877
NSE:DRONE,DRONE,38.9,3.457446808510631,16000,0.5893186003683242,913679887.2,81.0754481033764,0.4798,,,Electronic Technology,-0.4242424242424242
NSE:GOYALALUM,GOYALALUM,6.33,-1.0937500000000044,56403,0.863027658259225,913489857.0,18.805704099821746,0.3366,121.59315339038841,,Distribution Services,-0.4666666666666667
NSE:VIGOR,VIGOR,91.75,4.439385315879347,28800,1.0526315789473684,909396845.0,9.722884544057647,9.4365,,,Producer Manufacturing,0.06666666666666667
NSE:SHREEOSFM,SHREEOSFM,58.0,-1.694915254237288,3000,0.375,908800600.0,11.790055697849331,4.9194,-28.749782747233642,,Transportation,-0.35454545454545455
NSE:ADDIND,ADDIND,89.5,,103,,907236150.0,39.94465768097831,2.2406,-40.82036924539763,,Process Industries,
NSE:RTSPOWR,RTSPOWR,96.72,2.1007072733030667,1720,,906764659.0,33.32070141592311,2.9027,174.02057962805628,,Producer Manufacturing,
NSE:BVCL,BVCL,40.34,-0.4687885516901005,15824,1.0859107472498817,903019994.0,43.88121396714892,0.9193,-38.73375541486171,,Non-Energy Minerals,-0.5575757575757576
NSE:CALSOFT,CALSOFT,27.12,4.994192799070859,248478,1.6649613540651107,902159203.0,11.463352777073295,2.3658,1177.4298056155508,,Technology Services,0.603030303030303
NSE:CURIS,CURIS,110.2,-1.1659192825112081,3000,0.6666666666666666,901414391.0,12.037138175860187,9.155,,,Health Technology,0.4300699300699301
NSE:GLOBE,GLOBE,1.95,-2.500000000000002,425166,0.664584801362039,900837600.0,8.172673931265717,0.2386,1.705029838022167,,Process Industries,-0.603030303030303
NSE:PALASHSECU,PALASHSECU,86.46,-3.6979282691022584,11363,4.4606265211588285,900279121.0,5.348427206087036,16.1655,,,Consumer Non-Durables,-0.4666666666666667
NSE:SPLIL,SPLIL,30.14,-2.9932410685548754,13895,1.6195960043360182,899000118.0,10.557657278968755,2.8548,1.9425796314812251,,Consumer Non-Durables,-0.5575757575757576
NSE:DHARIWAL,DHARIWAL,18.15,-4.97382198952881,81000,0.1443850267379679,897833700.0,14.235294117647058,1.275,60.51869570691173,,Consumer Non-Durables,-0.4
NSE:CRAVATEX,CRAVATEX,347.9,-0.6000000000000065,59,,896057428.0,10.450774120290543,33.2894,188.97550304692788,3.749098774333093,Retail Trade,
NSE:SELMC,SELMC,27.74,1.9478133039323688,18881,3.509610022677423,894305566.0,,-50.9466,-20.432024054917832,,Process Industries,-0.04242424242424242
NSE:VAISHALI,VAISHALI,8.41,0.8393285371702672,58949,0.2942538902571608,893982389.0,24.698972099853155,0.3405,1012.7450980392158,,Health Technology,0.3090909090909091
NSE:RAJMET,RAJMET,3.3,2.167182662538695,151216,0.7498279346806218,893030400.0,44.836956521739125,0.0736,,,Non-Energy Minerals,-0.17575757575757575
NSE:CRSL,CRSL,2.15,1.8957345971564,408564,,892835303.0,,-0.1171,-3352.777777777778,,Technology Services,
NSE:AAKASH,AAKASH,9.13,4.104903078677323,400049,4.463054341071694,887962500.0,,,,,Energy Minerals,0.5575757575757576
NSE:CHETANA,CHETANA,44.95,3.3333333333333397,6400,0.7142857142857143,887400000.0,6.819285150797986,6.5916,-0.8021189182681474,,Consumer Services,-0.35454545454545455
NSE:AMBANIORGO,AMBANIORGO,115.0,0.0,1000,0.13513513513513514,880745900.0,109.94263862332696,1.046,,,Process Industries,-0.2
NSE:RELCHEMQ,RELCHEMQ,115.51,-0.07785467128026748,3010,0.5829718004338394,875807640.0,15.668109002617909,7.3723,23.013131768200097,0.4306632213608958,Process Industries,-0.49090909090909096
NSE:OPTIFIN,OPTIFIN,11.76,2.7074235807860307,5730,,875006328.0,15.45335085413929,0.761,-1.793779842560333,,Distribution Services,
NSE:KANDARP,KANDARP,100.0,2.9866117404737444,108000,6.315789473684211,871278300.0,48.484848484848484,2.0625,16.086002138796648,,Commercial Services,-0.26666666666666666
NSE:AMEYA,AMEYA,115.0,4.545454545454546,5000,0.9803921568627451,862500000.0,15.43644881139344,7.4499,26.13907654797582,,Producer Manufacturing,0.603030303030303
NSE:BANKA,BANKA,80.59,2.4535977625222567,10584,2.1498212544686384,859905771.0,284.06767712372226,0.2837,,,Industrial Services,-0.31212121212121213
NSE:RHFL,RHFL,1.74,-2.247191011235957,433140,0.6742925835755255,857681125.0,,,,,Finance,-0.5121212121212121
NSE:MAYASHEEL,MAYASHEEL,37.3,-3.741935483870975,6000,0.5128205128205128,854437500.0,5.627470504812769,6.6282,,,Industrial Services,-0.5575757575757576
NSE:KAKATCEM,KAKATCEM,112.75,2.9774408621791992,3643,1.1923152451397525,854347014.0,,-34.9928,-81.49886669536667,2.72975432211101,Non-Energy Minerals,-0.26666666666666666
NSE:CLASSICEIL,CLASSICEIL,46.8,-1.369863013698642,27200,0.37777777777777777,852436877.5,6.627862514339125,7.0611,9.379453497738401,,Producer Manufacturing,-0.4
NSE:SHERVANI,SHERVANI,307.55,-11.64895145073255,229,,848680035.0,306.41625983859717,1.0037,-93.54201518466093,0.7638252367858234,Finance,
NSE:BRACEPORT,BRACEPORT,66.75,-11.0,25600,2.3529411764705883,847590000.0,17.01634078568333,3.9227,-38.07697164867084,,Transportation,0.0
NSE:DEEP,DEEP,36.96,2.6381560677589637,10406,,847267233.0,,,,,Process Industries,
NSE:GJL,GJL,225.1,2.3181818181818157,4000,1.0,845856000.0,,,,,Consumer Durables,0.38461538461538464
NSE:BLBLIMITED,BLBLIMITED,16.12,0.5614472863381151,102044,1.3729136002454032,845844116.0,3.1147350929396764,5.1754,310.81123987934586,,Finance,0.4
NSE:ZEAL,ZEAL,64.05,0.86614173228346,4200,1.5909090909090908,845169125.0,7.649770686030958,8.3728,-23.58422546523195,,Transportation,-0.35454545454545455
NSE:MYMUDRA,MYMUDRA,74.35,0.4051316677920286,4800,0.28368794326241137,843562790.0,7.056288970930177,10.5367,13.170076795016383,,Finance,-0.4
NSE:KCEIL,KCEIL,77.65,1.1067708333333446,36500,1.9210526315789473,841728000.0,5.052115186925009,15.3698,-1.2674165387259044,,Industrial Services,-0.26363636363636367
NSE:CINEVISTA,CINEVISTA,14.36,-2.9729729729729817,21389,2.119527518481083,841444376.0,13.506395786305493,1.0632,,,Consumer Services,-0.6484848484848484
NSE:GANGAFORGE,GANGAFORGE,2.37,-4.819277108433739,668561,0.03951380316689633,839143833.0,,-0.1324,-2306.6666666666665,,Producer Manufacturing,0.3333333333333333
NSE:VISDEM,VISDEM,86.0,0.17472335468841665,9600,,837681600.0,11.36934507284313,7.5642,-1.1577461844031003,,Producer Manufacturing,
NSE:VASUPRADA,VASUPRADA,96.06,0.06250000000000236,522,,836724591.0,,-4.7959,-142.50629276420744,,Consumer Non-Durables,
NSE:ASHALOG,ASHALOG,60.5,-1.2244897959183674,11000,1.1111111111111112,830312411.25,8.380894331467834,7.2188,-20.346912653925934,,Transportation,0.26666666666666666
NSE:KAYTEX,KAYTEX,54.3,-3.5523978685612794,24000,4.477611940298507,827564960.0,4.578878132694707,11.8588,,,Process Industries,-0.5575757575757576
NSE:DELAPLEX,DELAPLEX,88.0,-2.2222222222222223,2400,0.2631578947368421,824263200.0,6.2003269263288425,14.1928,7.26523825718928,,Technology Services,-0.4666666666666667
NSE:RSSOFTWARE,RSSOFTWARE,31.79,0.6331117442228531,12261,0.39011368372824085,824015624.0,,-12.7775,-6031.987000928505,,Technology Services,-0.2212121212121212
NSE:TERAI,TERAI,124.0,-0.4815409309791287,7,,822076307.0,12.386374987513737,10.011,-27.957167221986346,,Consumer Non-Durables,
NSE:LAKSHYA,LAKSHYA,84.3,3.4355828220858866,4000,0.5319148936170213,821839480.0,8.484982687817054,9.9352,-39.92829027323462,,Industrial Services,-0.4
NSE:DOLLEX,DOLLEX,32.0,-0.1560062402496011,16000,0.06932409012131716,800224400.0,15.398681487897598,2.0781,-26.06994201145541,,Process Industries,0.26666666666666666
NSE:HISARMETAL,HISARMETAL,153.4,0.6297559695618,1846,0.44379267237234343,794070031.0,17.402550256386988,8.8148,73.72144813858617,0.6800408024481468,Non-Energy Minerals,0.2212121212121212
NSE:CTE,CTE,42.8,4.979151336767216,12043,0.6860896365884089,793485622.0,11.828105568605775,3.6185,,,Technology Services,0.5121212121212121
NSE:CGVAK,CGVAK,151.24,-0.499999999999994,334,,793386449.0,8.862324572968856,17.0655,-16.611695032030138,0.6365372374283895,Technology Services,
NSE:NIBL,NIBL,31.43,-3.942542787286061,18098,0.8699079526064073,792099914.0,,-12.7796,-243.50555287300816,,Producer Manufacturing,-0.3787878787878788
NSE:TRANSCOR,TRANSCOR,24.61,1.442704039571302,357,,790739510.0,8.286753316721663,2.9698,1085.548902195609,2.42914979757085,Commercial Services,
NSE:ROLLT,ROLLT,3.16,-0.3154574132492046,381761,0.5866118368788201,790410837.0,4.724174017042906,0.6689,,,Process Industries,0.5121212121212121
NSE:MAITREYA,MAITREYA,110.5,-4.329004329004329,10400,2.3423423423423424,782628000.0,,-3.6431,-226.3955868577178,,Health Services,-0.4212121212121212
NSE:ZENITHSTL,ZENITHSTL,5.51,0.5474452554744409,28389,0.37110386045270755,782542511.0,19.374120956399437,0.2844,30.57851239669421,,Non-Energy Minerals,-0.4
NSE:FIBERWEB,FIBERWEB,26.48,-1.7804154302670638,70942,2.756742053314681,782270812.0,14.591139519506282,1.8148,-69.55952900130833,,Producer Manufacturing,-0.603030303030303
NSE:ENERGYDEV,ENERGYDEV,16.53,0.12113870381586658,31018,0.9099016116446754,781849957.0,,-0.7834,96.08953048409157,,Utilities,-0.49090909090909096
NSE:JYOTIGLOBL,JYOTIGLOBL,41.0,4.8593350383631675,14000,1.320754716981132,774962000.0,11.565259090011565,3.5451,,,Producer Manufacturing,0.2909090909090909
NSE:TOKYOPLAST,TOKYOPLAST,77.2,-3.3792240300375505,67,0.07437007437007437,773413974.0,211.10199617172546,0.3657,-65.74880584433829,,Producer Manufacturing,-0.4666666666666667
NSE:VDEAL,VDEAL,158.3,0.1898734177215262,1200,0.35714285714285715,772692680.0,18.606892660679865,8.5076,,,Producer Manufacturing,-0.4
NSE:ZENITHDRUG,ZENITHDRUG,45.0,0.7838745800671924,4000,0.16722408026755853,771696000.0,19.549068161084325,2.3019,-44.8725931602644,,Health Technology,-0.13333333333333333
NSE:PARASPETRO,PARASPETRO,2.26,-1.7391304347826104,259668,0.9111554327275995,765366096.0,,-0.0142,-1114.2857142857144,,Process Industries,-0.1575757575757576
NSE:SANGANI,SANGANI,55.45,0.0,9000,0.8108108108108109,763934095.5,25.593095172159146,2.1666,-8.489609731373546,,Health Services,0.4242424242424242
NSE:NAGREEKEXP,NAGREEKEXP,23.6,-2.7205276174773294,377079,2.3062639562427667,759044321.0,23.14179250833497,1.0198,17.746218681445566,,Process Industries,-0.09090909090909091
NSE:ONYX,ONYX,41.0,-1.9138755980861177,18000,0.4090909090909091,757925960.0,,-0.1166,-104.26746696922007,,Health Technology,-0.11212121212121212
NSE:BANARBEADS,BANARBEADS,113.4,1.485591551816727,3892,1.652303120356612,756197518.0,39.90007388902573,2.8421,-40.29327114976577,,Consumer Durables,-0.06666666666666667
NSE:SLONE,SLONE,146.8,2.442428471737613,3200,1.1111111111111112,755049562.9,9.398207426376441,15.62,11.24959937324169,,Distribution Services,0.33636363636363636
NSE:SWARNSAR,SWARNSAR,33.98,-5.768164170826415,9179,,752399910.0,5.712940701760285,5.9479,143.14855694546642,,Consumer Durables,
NSE:SIGNORIA,SIGNORIA,158.0,-3.067484662576687,3000,0.47619047619047616,751764000.0,17.96638693684474,8.7942,38.62669062706895,,Consumer Non-Durables,0.17575757575757575
NSE:ORIENTLTD,ORIENTLTD,76.11,0.13156163662675213,1146,0.49098153463861877,751299973.0,,-1.6328,41.891170504288404,,Process Industries,-0.024242424242424246
NSE:MAXPOSURE,MAXPOSURE,32.0,-2.883156297420342,31000,3.8271604938271606,749314302.5,7.675701607100025,4.169,11.527246462106401,,Commercial Services,-0.603030303030303
NSE:NOIDATOLL,NOIDATOLL,4.07,0.9925558312655095,27491,0.22736238625057584,746642083.0,2.6714801444043323,1.5235,,,Commercial Services,-0.4454545454545455
NSE:SUPTANERY,SUPTANERY,8.19,19.912152269399698,578158,,745016182.0,12.747081712062258,0.6425,4.335823319259491,0.7246376811594203,Process Industries,
NSE:SUNLOC,SUNLOC,68.38,0.1171303074670546,366,,743366824.0,19.6810960165784,3.4744,1851.9101123595508,,Health Technology,
NSE:IEML,IEML,40.35,-0.24721878862793922,39500,0.6210691823899371,741578789.45,3.501935394282342,11.5222,5.892840731550405,,Process Industries,-0.4212121212121212
NSE:TSC,TSC,50.75,0.0,18000,0.41284403669724773,736835849.75,9.929757968263907,5.1109,,,Consumer Services,0.5575757575757576
NSE:NGIL,NGIL,40.0,-1.7922906948195358,9950,0.16575321927735068,735721358.0,42.78990158322636,0.9348,,,Consumer Non-Durables,0.22424242424242424
NSE:CFEL,CFEL,29.08,-3.5809018567639317,11548,,734086817.0,10.23403132148513,2.8415,-27.483156390363416,0.8520790729379687,Process Industries,
NSE:UMAEXPORTS,UMAEXPORTS,22.22,2.2549470777726572,80860,3.1564853164487787,730968547.0,829.1044776119402,0.0268,,,Distribution Services,0.33636363636363636
NSE:JHS,JHS,8.4,-0.5917159763313483,32343,0.18289838205929906,729838207.0,,-0.2235,89.5750734642474,,Consumer Non-Durables,0.31212121212121213
NSE:PIONEEREMB,PIONEEREMB,22.65,-0.5706760316066838,6217,0.6831943208167123,729514312.0,,-0.1086,-106.25648116142412,,Consumer Non-Durables,-0.4666666666666667
NSE:WOMANCART,WOMANCART,108.45,4.833252779120348,46800,0.8080110497237569,728867320.0,9.709042076991944,11.17,-20.042949176807447,,Retail Trade,0.2909090909090909
NSE:SEL,SEL,304.75,-2.945859872611465,9800,0.7324364723467862,728087500.0,18.463654319192504,16.5054,121.68587315657993,,Electronic Technology,0.35454545454545455
NSE:HDIL,HDIL,1.53,0.0,91493,0.34680019179707805,725226103.0,,,,,Finance,-0.4454545454545455
NSE:SERVICE,SERVICE,63.0,0.0,2000,0.10638297872340426,724405500.0,16.657852987837124,3.782,111.69885250489784,,Commercial Services,0.4666666666666667
NSE:MAL,MAL,29.3,-5.177993527508084,1600,0.04672897196261682,723297631.8,4.929340511440108,5.944,9.868579139017763,,Non-Energy Minerals,-0.603030303030303
NSE:VINEETLAB,VINEETLAB,36.33,-2.756959314775164,152932,2.214512228674034,721771527.0,,-9.0944,-28.874277292823948,,Process Industries,-0.3151515151515152
NSE:SHKSIL,SHKSIL,36.05,-3.8666666666666747,22000,2.75,719664375.0,11.155464785245698,3.2316,-32.57526758330031,,Non-Energy Minerals,-0.5121212121212121
NSE:MYSORPETRO,MYSORPETRO,114.93,,85987,,717600191.0,7.026693241706509,16.3562,,1.834862385321101,Distribution Services,
NSE:AAKAAR,AAKAAR,53.05,4.945598417408506,14400,0.8108108108108109,716435848.8000001,11.319023640863701,4.6868,,,Distribution Services,-0.3090909090909091
NSE:ACCURACY,ACCURACY,4.65,-2.1052631578947296,38884,0.7273720402108563,715159988.0,18.07931570762053,0.2572,49.70896391152501,,Transportation,-0.5575757575757576
NSE:ALKALI,ALKALI,67.22,-0.7236744941662899,2884,0.5238873751135331,707582293.0,64.26386233269598,1.046,,1.4390559792775939,Process Industries,-0.4666666666666667
NSE:KHAITANLTD,KHAITANLTD,148.19,0.7821001088139321,5052,0.27907130901678734,701812500.0,10.167549468946401,14.5748,7.188927213490907,,Consumer Durables,0.4454545454545455
NSE:ODIGMA,ODIGMA,22.88,1.060070671378085,10518,1.1034989246183706,701127033.0,,,,,Technology Services,-0.02121212121212121
NSE:RILINFRA,RILINFRA,36.95,-1.5978695073235536,11000,1.028999064546305,698617750.0,6.79377803927337,5.4388,146.6128593452435,,Industrial Services,-0.3787878787878788
NSE:BONLON,BONLON,41.86,-0.3807710613993424,4314,0.7036487302027435,697767220.0,154.57902511078288,0.2708,-92.84374091593774,,Producer Manufacturing,0.07692307692307693
NSE:INTEGRITY,INTEGRITY,158.0,-1.25,1200,0.07874015748031496,695200000.0,9.604863221884498,16.45,,,Industrial Services,0.0
NSE:TOUCHWOOD,TOUCHWOOD,61.85,-1.3241863433312033,1386,0.31131376204487765,694572466.0,21.491365231592482,2.8779,-48.39143533462449,,Commercial Services,-0.5575757575757576
NSE:CURAA,CURAA,69.74,-1.7746478873239508,282,0.8568824065633546,693098994.0,,-1.7703,-7.899067471201312,,Technology Services,-0.603030303030303
NSE:PRAKASHSTL,PRAKASHSTL,3.92,-1.5075376884422125,178977,1.8534566230237182,693001578.0,110.42253521126761,0.0355,-60.98901098901099,,Non-Energy Minerals,-0.4666666666666667
NSE:PREMIUM,PREMIUM,37.95,4.689655172413801,3000,0.4166666666666667,692269875.0,10.546647027763111,3.5983,6.496389250621523,,Producer Manufacturing,-0.2
NSE:MILTON,MILTON,40.5,4.92227979274611,2200,0.0106951871657754,688297534.0,,,,,Non-Energy Minerals,0.5818181818181818
NSE:ADDICTIVE,ADDICTIVE,44.4,2.658959537572251,31500,2.0792079207920793,688095909.0,,-3.2236,,,Technology Services,0.17878787878787877
NSE:SAJHOTELS,SAJHOTELS,42.0,-1.2925969447708512,2000,0.06666666666666667,686118750.0,24.393077012428854,1.7218,-29.126533300403384,,Consumer Services,0.26666666666666666
NSE:SIDDHICOTS,SIDDHICOTS,28.4,1.4285714285714235,8400,1.5217391304347827,683381720.0,7.193515704154001,3.948,,,Process Industries,-0.06363636363636366
NSE:ATAM,ATAM,59.75,-1.5164001977913328,6078,0.23622965346765543,681589987.0,37.6924047438809,1.5852,-72.49874221474299,0.5886310124453413,Producer Manufacturing,-0.4242424242424242
NSE:IL&FSTRANS,IL&FSTRANS,2.09,0.48076923076922046,17035,0.2845635745260893,680947224.0,,,,,Industrial Services,-0.4
NSE:AISL,AISL,58.0,0.0,36600,1.3118279569892473,677857632.0,17.000322419907963,3.4117,-59.40337224383917,,Commercial Services,-0.26666666666666666
NSE:DIGIDRIVE,DIGIDRIVE,17.8,1.5981735159817416,16597,0.5737744589642536,674447575.0,11.888859203847181,1.4972,-10.207508696173678,,Retail Trade,-0.1575757575757576
NSE:SUNTECH,SUNTECH,35.65,2.4425287356321883,1600,0.1111111111111111,673818480.0,,,,,Industrial Services,0.2909090909090909
NSE:BEWLTD,BEWLTD,50.95,-0.8754863813229489,11000,0.3992740471869328,671968884.0,17.66643550624133,2.884,-68.71168972064008,,Producer Manufacturing,-0.5121212121212121
NSE:VEEKAYEM,VEEKAYEM,114.0,-5.0,2000,0.6153846153846154,669833220.0,6.795705590958134,16.7753,28.955460233999062,,Process Industries,-0.5575757575757576
NSE:ITTL,ITTL,65.5,-1.6516516516516433,105,0.625,665999985.0,,-1.9114,88.06620589759439,,Consumer Durables,-0.5575757575757576
NSE:GENSOL,GENSOL,18.32,4.985673352435536,30008,0.2794699309986431,665042591.0,,,,,Industrial Services,-0.17575757575757575
NSE:DIVYADHAN,DIVYADHAN,46.4,-3.333333333333336,26000,3.611111111111111,663831529.5999999,680.3519061583578,0.0682,-93.64872415719873,,Process Industries,-0.17878787878787877
NSE:DCCL,DCCL,46.4,-1.276595744680854,6000,1.1111111111111112,662406400.0,6.536131849556275,7.099,-0.8491857314450059,,Finance,-0.06666666666666667
NSE:TPHQ,TPHQ,0.63,8.620689655172423,33421631,15.08207846891973,657731789.0,12.524850894632207,0.0503,80.93525179856115,,Industrial Services,0.603030303030303
NSE:AJOONI,AJOONI,3.82,0.26246719160104426,264805,1.0208577973481314,656248073.0,16.615919965202263,0.2299,15.760322255790532,,Miscellaneous,-0.4
NSE:TFL,TFL,11.07,-2.3809523809523774,7008,0.6237483645296521,650922294.0,,-0.6737,4.952031602708806,,Finance,-0.5121212121212121
NSE:ALCODIS,ALCODIS,63.5,0.0,1250,0.7692307692307693,650875000.0,7.255152872355011,8.7524,-3.9095350496788672,,Consumer Non-Durables,-0.38461538461538464
NSE:SAMAY,SAMAY,42.25,-2.5374855824682845,4000,0.17857142857142858,648508770.0,9.51362305786985,4.441,,,Industrial Services,-0.31212121212121213
NSE:HBPOR,HBPOR,60.94,-3.254484838863318,2387,,647683743.0,17.632591649547177,3.4561,,2.077447232840286,Finance,
NSE:DELTAMAGNT,DELTAMAGNT,57.5,-2.6743398781313448,3590,0.7882833428483598,646401215.0,,-9.7146,7.246791934005486,,Producer Manufacturing,-0.5121212121212121
NSE:RCDL,RCDL,26.15,-3.1481481481481532,30000,0.18148820326678766,645728004.0,4.9506824937051555,5.2821,40.246395666834815,,Process Industries,-0.15454545454545454
NSE:PARAMATRIX,PARAMATRIX,56.0,0.0,1200,0.2631578947368421,644492800.0,24.45414847161572,2.29,-54.20824251634705,,Technology Services,-0.5575757575757576
NSE:MHHL,MHHL,35.3,0.42674253200568585,3000,0.9523809523809523,643727287.0,,-9.1436,-382.61111454534216,,Health Technology,-0.2
NSE:DAMODARIND,DAMODARIND,27.6,0.07251631617114986,1909,0.5017478382001209,641914961.0,11.201298701298702,2.464,-27.104905035205018,,Process Industries,-0.35454545454545455
NSE:OMFURN,OMFURN,57.1,4.866850321395773,159600,27.142857142857356,641116128.0,,,,,Producer Manufacturing,-0.28787878787878785
NSE:PARSVNATH,PARSVNATH,1.45,-1.360544217687076,488299,3.4871201955590725,639716351.0,,-10.1423,22.143410941973908,,Finance,-0.35454545454545455
NSE:NEWJAISA,NEWJAISA,17.5,-1.960784313725498,21000,1.206896551724138,636721852.1999999,,-8.4128,-2251.257685858022,,Retail Trade,-0.04848484848484849
NSE:ATLASCYCLE,ATLASCYCLE,97.19,-0.43028378239934606,916,0.07756861350337457,633750000.0,,-12.8733,-199.83791161917762,,Consumer Durables,-0.4242424242424242
NSE:K2INFRA,K2INFRA,49.9,-0.20000000000000281,7800,0.5038759689922481,630919700.0,4.739606584158886,10.5283,15.072191315182575,,Industrial Services,-0.5363636363636364
NSE:ODYCORP,ODYCORP,6.78,-5.174825174825176,12996,,630069308.0,5.603305785123967,1.21,8.151590990346795,,Consumer Services,
NSE:PALREDTEC,PALREDTEC,55.6,4.727820681860987,9300,2.0486386465767907,628876259.0,,-3.0092,58.61993096904609,,Distribution Services,0.5121212121212121
NSE:HINDALUMI,HINDALUMI,98.95,-0.22184128264596034,3908,,628633947.0,16.80336916467132,5.8887,-58.59384887988862,,Non-Energy Minerals,
NSE:SHEKHAWATI,SHEKHAWATI,18.71,1.7954298150163324,26267,0.12973139028469094,627698691.0,5.218385675238467,3.5854,83.7630054840859,,Process Industries,0.4
NSE:CRAYONS,CRAYONS,26.9,4.873294346978558,3000,0.5172413793103449,626629500.0,17.461863031483283,1.5405,-65.10363574583758,,Commercial Services,0.024242424242424246
NSE:SGLRES,SGLRES,2.47,-4.63320463320462,17830,,626199493.0,,-0.0254,-154.15778251599147,,Technology Services,
NSE:AUSL,AUSL,25.2,-4.905660377358493,10000,2.272727272727273,625856288.4000001,15.519152605000617,1.6238,-56.7712908979581,,Non-Energy Minerals,-0.09090909090909091
NSE:HRYNSHP,HRYNSHP,101.78,0.7722772277227734,1931,,624375032.0,15.208068733657079,6.6925,100.80110414353867,,Distribution Services,
NSE:TRUST,TRUST,25.0,-4.580152671755722,19800,0.9401709401709402,624220240.0,7.572544980917186,3.3014,-0.5033000813718609,,Technology Services,-0.5575757575757576
NSE:DHANSA,DHANSA,21.3,2.1582733812949604,6000,0.5769230769230769,623670500.0,9.636700900330272,2.2103,15.287919883162953,,Process Industries,0.46590909090909094
NSE:LCCINFOTEC,LCCINFOTEC,3.84,0.5235602094240842,115275,1.1634901778315632,620423495.0,,-0.0416,80.39585296889726,,Technology Services,-0.5818181818181818
NSE:LRRPL,LRRPL,83.5,0.0,1500,0.23809523809523808,613029862.5,17.669339991958864,4.7257,164.00558659217876,,Process Industries,-0.13333333333333333
NSE:PSFL,PSFL,31.05,-2.968749999999998,2000,0.18181818181818182,611126100.0,14.35638986498983,2.1628,-4.676274846842086,,Producer Manufacturing,-0.46969696969696967
NSE:AGRITECH,AGRITECH,101.84,-1.5943569426997695,3458,1.151668553919936,608552988.0,,-1.3369,-41.127414757732495,,Process Industries,-0.4212121212121212
NSE:SECURKLOUD,SECURKLOUD,18.08,0.8928571428571237,11289,0.6175230155734674,606068379.0,,-5.6713,87.17089115854003,,Technology Services,-0.4454545454545455
NSE:PANACHE,PANACHE,538.15,-0.4624063627115509,8916,0.45384901223193336,600000000.0,47.435829631196675,11.3448,133.47533493856886,,Electronic Technology,0.35454545454545455
NSE:VILINBIO,VILINBIO,42.5,-1.1627906976744187,4000,0.4166666666666667,599850000.0,31.049094097019285,1.3688,754.4319600499376,,Health Technology,-0.2
NSE:MARCO,MARCO,31.9,-0.15649452269170802,1500,0.20408163265306123,597433050.0,14.183451158241075,2.2491,-19.053446104012966,,Producer Manufacturing,-0.045454545454545456
NSE:SUPREMEENG,SUPREMEENG,2.41,1.6877637130801704,197315,0.30912769167789056,592381464.0,,,,,Non-Energy Minerals,0.4666666666666667
NSE:LAMOSAIC,LAMOSAIC,56.95,2.0609318996415875,49200,0.7488584474885844,576860846.4,35.22389905987135,1.6168,-75.61424412904782,,Distribution Services,0.4666666666666667
NSE:HGM,HGM,44.66,-0.8877052818464395,2458,0.39443490540302006,576849692.0,133.35323977306658,0.3349,-88.60923097853814,,Technology Services,-0.603030303030303
NSE:ANMOL,ANMOL,10.17,1.4970059880239557,24876,0.799501195587895,569710657.0,5.026938856210766,2.0231,32.18556027442012,,Distribution Services,-0.17575757575757575
NSE:SYNOPTICS,SYNOPTICS,63.75,-4.992548435171378,3000,1.6666666666666667,569008000.0,13.219010492265582,4.8226,1.2003189658790618,,Technology Services,-0.5363636363636364
NSE:ARVINDPORT,ARVINDPORT,33.5,4.851330203442881,36000,1.935483870967742,568655685.0,45.44221378187738,0.7372,-88.6885673515106,,Transportation,0.4242424242424242
NSE:3PLAND,3PLAND,32.03,-0.9891808346213301,1902,0.2142977860402231,565199993.0,25.39846166045516,1.2611,8.959737342319002,,Finance,-0.3333333333333333
NSE:BALKRISHNA,BALKRISHNA,17.56,0.630372492836673,14136,1.3129127232536757,563841810.0,,-2.0373,-2409.8639455782313,,Process Industries,-0.1090909090909091
NSE:RKEC,RKEC,22.81,-2.563007261853915,59826,1.6353139914388335,561619911.0,,-21.5337,-385.4981769970169,,Industrial Services,-0.5575757575757576
NSE:ANSALBU,ANSALBU,73.0,0.27472527472527863,145,,553788221.0,11.773623856910149,6.2003,212.9567938623057,0.0,Consumer Durables,
NSE:MALUPAPER,MALUPAPER,32.58,2.2919937205651393,5904,0.6148270798837826,546407753.0,,-7.0773,25.998306094921425,,Process Industries,0.24545454545454548
NSE:ADROITINFO,ADROITINFO,10.36,3.7037037037036957,45723,1.212879231999661,546285210.0,15.633016447864795,0.6627,147.92368125701458,,Commercial Services,0.6484848484848484
NSE:ANSALAPI,ANSALAPI,3.39,0.0,34059,1.768839262529213,541463809.0,,-66.29,-2116.6861728807894,,Finance,-0.024242424242424246
NSE:REFRACTORY,REFRACTORY,24.95,0.6048387096774136,7000,1.2280701754385965,540640000.0,11.358463079304379,2.1966,-24.362108742811888,,Non-Energy Minerals,-0.2181818181818182
NSE:FMNL,FMNL,8.67,-0.6872852233677033,23886,1.0273946088235675,540341439.0,7.1652892561983474,1.21,,,Transportation,-0.4212121212121212
NSE:SUNDARAM,SUNDARAM,1.23,8.849557522123902,1399675,1.0436886615969423,540220659.0,15.688775510204081,0.0784,,,Producer Manufacturing,-0.06666666666666667
NSE:PHOENXINTL,PHOENXINTL,30.17,-7.397176181706558,10206,,536930131.0,18.917732631050917,1.5948,47.47549472905494,,Finance,
NSE:TRU,TRU,4.41,-1.5625000000000062,222326,1.7440739407146963,536067059.99999994,,-9.5789,-49.88811867244591,,Finance,-0.36666666666666664
NSE:AGROPHOS,AGROPHOS,26.07,-1.2125805229253515,30499,1.293059224054234,535033872.0,13.11236294135399,1.9882,-58.05839169690322,3.7893141341417205,Process Industries,-0.5575757575757576
NSE:NAMAN,NAMAN,42.65,4.278728606356968,3200,0.7843137254901961,534398582.00000006,,-1.75,-130.78709405017418,,Producer Manufacturing,-0.35454545454545455
NSE:SFML,SFML,21.5,0.0,1600,0.08620689655172414,533827800.0,6.854118847232849,3.1368,,,Commercial Services,-0.4
NSE:RAJTV,RAJTV,10.29,0.2923976608187072,11719,0.17966926994698437,533669176.0,,-0.1116,84.70394736842105,,Consumer Services,-0.19696969696969696
NSE:ABMINTLLTD,ABMINTLLTD,53.39,-5.0000000000000036,906,0.09342421398888395,528729607.0,,-1.3556,71.03480694856948,,Industrial Services,0.26666666666666666
NSE:DELTIC,DELTIC,33.3,-3.4782608695652257,7000,0.3448275862068966,527494581.00000006,7.363672548759453,4.5222,,,Consumer Durables,-0.4666666666666667
NSE:UWCSL,UWCSL,100.8,0.0,2000,1.25,524519957.0,,,,0.0,Producer Manufacturing,0.11212121212121212
NSE:KSR,KSR,28.47,-2.83276450511946,2070,0.10219597930407993,523783934.00000006,,,,,Consumer Non-Durables,-0.506993006993007
NSE:JAIPURKURT,JAIPURKURT,27.69,0.9478672985782046,958,0.01503714551656048,523658329.0,27.36706859063056,1.0118,-48.11814172905343,,Consumer Non-Durables,0.045454545454545456
NSE:DECCANTRAN,DECCANTRAN,22.75,-1.0869565217391304,2400,0.3448275862068966,522639304.00000006,6.337753510140406,3.5896,31.912391591944722,,Transportation,0.26969696969696966
NSE:SILKY,SILKY,81.55,13.263888888888886,800,0.03205128205128205,519279655.65,10.852496539976578,7.5144,,,Process Industries,0.024242424242424246
NSE:ICDSLTD,ICDSLTD,40.38,-0.2223869532987307,1288,0.7165507649513213,518462651.00000006,80.08726695755654,0.5042,-68.47961990497625,,Finance,-0.35454545454545455
NSE:COUNCODOS,COUNCODOS,6.88,2.380952380952383,169709,2.913724338866884,518349934.99999994,90.52631578947368,0.076,8.72675250357653,,Finance,0.5121212121212121
NSE:TROM,TROM,55.45,-1.1586452762923325,8400,1.8421052631578947,515831982.59999996,7.366812807227316,7.527,50.07476821852257,,Industrial Services,-0.4454545454545455
NSE:HYBRIDFIN,HYBRIDFIN,17.68,1.5508328546812153,4400,0.40375492076309677,515134821.0,20.448762433495258,0.8646,-21.21377802077637,,Finance,-0.28787878787878785
NSE:BIOFILCHEM,BIOFILCHEM,31.64,-0.2836432398361168,1870,0.2019765620780904,513112922.0,106.49612924941098,0.2971,-82.72975643783062,,Health Technology,-0.4454545454545455
NSE:CADSYS,CADSYS,50.8,-4.957904583723116,1500,0.9375,508126971.0,,,,,Technology Services,-0.6484848484848484
NSE:SUVIDHAA,SUVIDHAA,2.46,-1.2048192771084436,115177,1.301587983220627,507732197.0,,-0.3598,55.40959226669971,,Commercial Services,-0.603030303030303
NSE:LADDERUP,LADDERUP,50.33,2.484219099979635,43,,499694711.0,9.412226731247546,5.3473,114.73375632479316,,Finance,
NSE:FCONSUMER,FCONSUMER,0.24,-4.0000000000000036,3382492,1.1098567157646126,499258667.0,,-0.2496,4.367816091954031,,Consumer Non-Durables,-0.5575757575757576
NSE:SHIVAMILLS,SHIVAMILLS,60.7,0.6967485069674878,536,0.11493759917656646,498632303.0,15.599300986842106,3.8912,,,Process Industries,-0.4484848484848485
NSE:VINNY,VINNY,1.05,-0.9433962264150951,172261,0.44722289074205185,497813900.0,54.68750000000001,0.0192,-82.20574606116774,,Process Industries,-0.5575757575757576
NSE:DKEGL,DKEGL,69.95,5.98484848484849,1500,0.43478260869565216,495528000.0,9.212189854079966,7.5932,0.4790260685457193,,Process Industries,0.2
NSE:GANGABATH,GANGABATH,22.4,1.1286681715575622,6000,0.2247191011235955,491903833.2,39.02439024390244,0.574,,,Producer Manufacturing,0.2909090909090909
NSE:EFORCE,EFORCE,21.0,0.0,2400,0.2857142857142857,491400042.0,78.06691449814126,0.269,-50.831657832206176,,Producer Manufacturing,-0.4454545454545455
NSE:SVPGLOB,SVPGLOB,3.77,-2.583979328165377,17219,0.4912303724666788,490820014.0,,,,,Distribution Services,-0.15454545454545454
NSE:ATCENERGY,ATCENERGY,23.55,-1.8749999999999971,1200,0.17543859649122806,489326400.0,118.46076458752515,0.1988,,,Producer Manufacturing,-0.4454545454545455
NSE:ORCHASP,ORCHASP,1.42,1.42857142857143,141220,0.5485400878627446,488459781.0,58.67768595041322,0.0242,,,Technology Services,-0.35454545454545455
NSE:BULKCORP,BULKCORP,68.2,4.923076923076927,9600,2.7586206896551726,488414160.0,13.727305664023186,4.9682,6.015406610759026,,Process Industries,0.603030303030303
NSE:MANUGRAPH,MANUGRAPH,16.54,2.7329192546583707,22782,1.8802925009491425,486336803.0,8.999891174230056,1.8378,,,Producer Manufacturing,0.5575757575757576
NSE:SIEL,SIEL,38.57,9.980039920159681,4839,,485719509.0,44.03973509933775,0.8758,-83.70301451432825,,Process Industries,
NSE:MOHITE,MOHITE,2.45,-1.6064257028112463,17417,,484402773.0,22.151898734177216,0.1106,0.27198549410698875,,Process Industries,
NSE:BLUECOAST,BLUECOAST,23.19,-3.3749999999999947,4350,2.9901017321968655,483723482.0,,-0.6645,-101.05087533408188,,Consumer Services,-0.603030303030303
NSE:SONAMAC,SONAMAC,35.0,-1.4084507042253522,20000,3.6363636363636362,480340000.0,,-2.5221,-189.87278623098032,,Producer Manufacturing,0.13333333333333333
NSE:SNEHAA,SNEHAA,45.85,-2.4468085106382946,2000,0.31746031746031744,478413000.0,5.790238050135758,7.9185,,,Industrial Services,-0.4454545454545455
NSE:AHLADA,AHLADA,36.43,-1.5405405405405412,7650,0.5402199012774612,478076982.0,261.70977011494256,0.1392,-95.14627427734578,4.324324324324325,Producer Manufacturing,-0.4666666666666667
NSE:PULZ,PULZ,21.35,-2.5114155251141423,6000,0.625,477595204.0,10.031480524362168,2.1283,11.394326389615815,,Consumer Durables,-0.603030303030303
NSE:GRAPHISAD,GRAPHISAD,26.5,1.9230769230769231,8400,0.4294478527607362,475189000.0,11.32333461522027,2.3403,-49.02528805732831,,Commercial Services,-0.35454545454545455
NSE:DHRUV,DHRUV,24.9,-0.9546539379475019,2892,0.4050760568114968,470370872.0,,-18.3696,-537.9240470117052,,Industrial Services,-0.06666666666666667
NSE:CELEBRITY,CELEBRITY,6.77,-0.44117647058823894,10342,0.4838249397674908,469911983.0,,-1.9421,31.20439249025859,,Consumer Non-Durables,-0.4454545454545455
NSE:ABHAPOWER,ABHAPOWER,25.5,1.1904761904761934,3200,0.35714285714285715,468413316.0,19.26563916591115,1.3236,,,Non-Energy Minerals,-0.17878787878787877
NSE:21STCENMGM,21STCENMGM,45.64,1.5802359225461848,6929,0.5355997186342941,466200016.0,,-16.4055,-75.89634172492173,,Finance,0.5575757575757576
NSE:SATECH,SATECH,32.85,-7.724719101123595,13000,1.2621359223300972,464839203.6,20.33929787629249,1.6151,-71.64501404494382,,Technology Services,-0.4666666666666667
NSE:RULKA,RULKA,109.7,0.5499541704858008,9900,3.5483870967741935,464591440.0,14.207268112000415,7.7214,45.77480743090167,,Industrial Services,0.3090909090909091
NSE:WEWIN,WEWIN,46.0,0.0,127,0.06991082241550149,463341596.0,12.274522360977693,3.7476,143.06654559605656,,Commercial Services,-0.15454545454545454
NSE:KARMAENG,KARMAENG,39.31,-2.9861796643632794,1117,0.12468744418646187,462681027.0,51.57438992390449,0.7622,-28.472222222222232,,Utilities,-0.3333333333333333
NSE:MMEL,MMEL,24.75,0.6097560975609698,12000,0.9230769230769231,462635841.0,3.6923214632035926,6.7031,,,Finance,-0.35454545454545455
NSE:PRITI,PRITI,34.18,-1.0995370370370443,8307,1.2957619055046874,461491025.0,59.776145505421475,0.5718,-78.33434374052743,,Consumer Durables,-0.5575757575757576
NSE:STUDIOLSD,STUDIOLSD,8.95,1.1299435028248548,10000,0.3225806451612903,459242022.9,,-0.1926,,,Consumer Services,-0.2
NSE:GAYAHWS,GAYAHWS,1.91,1.0582010582010593,152362,0.7086944165232102,457735152.0,,-0.0787,-100.1569398523529,,Industrial Services,-0.4
NSE:OSIAHYPER,OSIAHYPER,2.7,4.651162790697678,408435,0.6487869486180624,456553969.0,2.3118417672745957,1.1679,-37.91068580542265,,Retail Trade,-0.26666666666666666
NSE:DHATRE,DHATRE,4.58,7.511737089201885,104322,,456519354.0,,-0.2008,-299.4041708043694,,Non-Energy Minerals,
NSE:CHAMUNDA,CHAMUNDA,41.25,0.6097560975609756,6000,0.625,453939502.5,12.889416617192138,3.2003,,,Industrial Services,-0.35454545454545455
NSE:ARCHIES,ARCHIES,13.52,0.22238695329873506,10691,1.0021653746285586,452651971.0,,-1.766,-3959.7701149425293,,Retail Trade,-0.4454545454545455
NSE:MASKINVEST,MASKINVEST,148.13,0.0,167,0.8451417004048584,452018695.0,586.1891571032845,0.2527,2771.5909090909086,,Finance,-0.3333333333333333
NSE:BMETRICS,BMETRICS,34.25,-6.675749318801097,800,0.20408163265306123,451920864.0,25.66696642685851,1.3344,-73.22310069430509,,Industrial Services,-0.5575757575757576
NSE:BAWEJA,BAWEJA,23.3,-4.897959183673466,24000,1.8181818181818181,451461549.0,7.0689602863990775,3.2961,-26.66859482068167,,Consumer Services,-0.4666666666666667
NSE:ITALIANE,ITALIANE,30.5,-0.48939641109298065,4000,0.6896551724137931,450703105.5,11.202938475665748,2.7225,32.03200775945685,,Consumer Non-Durables,-0.6484848484848484
NSE:PRANIK,PRANIK,42.55,4.034229828850852,3200,0.2777777777777778,450315135.0,6.656758448060074,6.392,9.208952673842484,,Transportation,-0.26666666666666666
NSE:VEDAVAAG,VEDAVAAG,18.98,-0.8877284595300166,23007,,449808698.0,10.720741075463172,1.7704,-52.14747141660134,2.608242044861763,Technology Services,
NSE:REXPRO,REXPRO,39.95,4.993429697766113,11000,1.6417910447761195,447698077.0,19.40827827438788,2.0584,-71.20514793313284,,Producer Manufacturing,0.09090909090909091
NSE:RKDL,RKDL,18.54,0.9803921568627435,1418,0.12717716909720356,447359985.0,252.9331514324693,0.0733,45.436507936507944,,Consumer Non-Durables,-0.35454545454545455
NSE:PRESSTONIC,PRESSTONIC,28.85,-1.3675213675213627,42400,0.8507223113964687,445801590.0,9.465844215499706,3.0478,171.8822479928635,,Producer Manufacturing,-0.26666666666666666
NSE:MANGALAM,MANGALAM,27.99,0.5387931034482708,23200,0.9389975391788629,442399544.0,,-24.1612,-291.74395226668395,,Health Technology,0.13333333333333333
NSE:GOLDENTOBC,GOLDENTOBC,24.51,-1.920768307322917,249,0.13434043701106016,442157049.0,,,,,Finance,-0.4666666666666667
NSE:PRUDMOULI,PRUDMOULI,13.57,-1.7378711078928326,18888,1.3443703424272404,441852379.0,7.142105263157895,1.9,7.7830723848422965,,Process Industries,-0.02121212121212121
NSE:SWASTIK,SWASTIK,19.0,0.0,1200,0.2,441397740.0,,-24.7781,-697.5184267276062,,Producer Manufacturing,-0.06666666666666667
NSE:VIVOBIOT,VIVOBIOT,19.1,-2.9471544715447067,21477,,437154820.0,,-1.4777,-127.2603169332374,,Distribution Services,
NSE:SONUINFRA,SONUINFRA,36.5,0.0,4500,0.32967032967032966,429413886.0,3.029045643153527,12.05,228.35576870674151,,Industrial Services,-0.4454545454545455
NSE:AKASH,AKASH,25.08,-1.3763271726307567,377,0.03728575525907171,428814234.0,62.264150943396224,0.4028,-5.067169455573891,,Industrial Services,-0.4454545454545455
NSE:VIVIMEDLAB,VIVIMEDLAB,5.4,4.854368932038835,98838,1.1729508546908776,427835802.0,,-21.2796,-452.0429605416764,,Health Technology,0.1575757575757576
NSE:SITINET,SITINET,0.29,0.0,377019,0.5866744471027601,427305998.0,,,,,Consumer Services,-0.4454545454545455
NSE:AKI,AKI,4.19,1.4527845036319733,241941,1.1787555931463494,423144408.0,8.880881729546418,0.4718,179.00650502661145,,Process Industries,-0.3090909090909091
NSE:LFIC,LFIC,140.88,0.12793176972281936,470,0.10946270116682581,422100000.0,34.83076618785077,4.0447,-85.07545847016715,3.802281368821293,Finance,-0.13333333333333333
NSE:VMOBILE,VMOBILE,65.9,-3.230543318649029,6400,0.3292181069958848,420177000.0,,,,,Retail Trade,-0.4444444444444444
NSE:TNTELE,TNTELE,9.06,1.1160714285714244,16035,0.5449188483810455,419808369.0,,-3.2563,5.149864553901724,,Producer Manufacturing,-0.13333333333333333
NSE:KLL,KLL,22.4,-0.44444444444445075,5600,0.10324483775811209,416925000.0,3.3958946059852644,6.5962,3.181704417469643,,Transportation,-0.4454545454545455
NSE:PBMPOLY,PBMPOLY,60.42,-4.850393700787399,405,,413291547.0,22.492740674558856,2.6862,,,Process Industries,
NSE:SIMPLXREA,SIMPLXREA,130.0,-0.08454384751365278,10,,412810733.0,,-9.2135,-244.55871353777115,,Consumer Durables,
NSE:AUSTENG,AUSTENG,114.3,-6.974851469032315,776,,410380415.0,9.352294298618839,12.2216,0.5901283138132813,,Producer Manufacturing,
NSE:SAGARDEEP,SAGARDEEP,23.7,-1.3322231473771868,1693,0.1555051391095884,409718750.0,13.235047746691238,1.7907,50.08800603469952,,Non-Energy Minerals,-0.4
NSE:AATMAJ,AATMAJ,19.0,4.972375690607726,10000,1.4705882352941178,409060000.0,60.12658227848101,0.316,11.739745403111742,,Health Services,0.024242424242424246
NSE:HBSL,HBSL,56.13,-1.3532513181019263,2327,0.2714145749743398,406846920.0,,-14.4696,6.212081928960338,0.0,Finance,0.13333333333333333
NSE:VLINFRA,VLINFRA,25.95,0.38684719535782536,30000,4.3478260869565215,406168125.0,4.842411688966019,5.3589,19.979849994402784,,Industrial Services,-0.35454545454545455
NSE:VERA,VERA,86.25,4.990870359099202,1500,0.16129032258064516,405410253.0,,,,,Process Industries,0.5818181818181818
NSE:GFSTEELS,GFSTEELS,15.0,0.0,55969,9.630235039058467,405327595.0,,,,,Non-Energy Minerals,0.5575757575757576
NSE:AMBICAAGAR,AMBICAAGAR,24.29,2.1446593776282508,6006,1.2129902653794886,402638279.0,14.592970862120756,1.6645,464.4286198711428,,Process Industries,-0.4454545454545455
NSE:WHITEFORCE,WHITEFORCE,34.7,0.1443001443001566,1600,0.04739336492890995,401953860.0,,,,,Commercial Services,-0.4666666666666667
NSE:MITTAL,MITTAL,0.9,0.0,629114,2.0510371183488214,399510698.0,13.533834586466165,0.0665,78.76344086021507,,Process Industries,-0.4666666666666667
NSE:DHANLAXMI,DHANLAXMI,24.4,-4.3137254901960835,2000,0.23809523809523808,398403200.0,,-0.3008,,,Process Industries,-0.5121212121212121
NSE:NMSTEEL,NMSTEEL,23.0,0.0,3200,0.5263157894736842,397614800.0,5.652216651921753,4.0692,,,Non-Energy Minerals,-0.4
NSE:LEENEE,LEENEE,7.58,7.365439093484426,18361,,396553135.0,103.97805212620027,0.0729,18.34415584415585,,Technology Services,
NSE:VICTORYEV,VICTORYEV,16.65,1.2158054711246158,6000,0.136986301369863,396280500.0,,,,,Consumer Durables,0.07692307692307693
NSE:ARCIIL,ARCIIL,38.2,0.0,1000,0.18518518518518517,393359916.0,19.742622357744587,1.9349,,,Non-Energy Minerals,-0.02121212121212121
NSE:MINALIND,MINALIND,2.08,0.9708737864077678,113814,,391477319.0,25.710754017305316,0.0809,-7.224770642201834,,Consumer Durables,
NSE:ADL,ADL,69.07,0.6117989803350145,365,0.3528956782364885,390695090.0,,-0.1902,-180.93617021276597,,Commercial Services,-0.35454545454545455
NSE:MADHUCON,MADHUCON,5.28,-3.473491773308949,14682,0.723889538065585,389637324.0,,-42.0478,46.817886314596564,,Industrial Services,-0.3787878787878788
NSE:BANG,BANG,28.86,0.2083333333333289,12588,0.8799720377490388,388629610.0,8.514278970970025,3.3896,18.075730658027673,,Consumer Non-Durables,-0.4
NSE:SOCL,SOCL,28.9,-0.34482758620690146,9600,0.759493670886076,388413008.0,6.45204500803715,4.4792,,,Process Industries,0.26223776223776224
NSE:PENTAGON,PENTAGON,50.25,0.0,2000,0.6060606060606061,387427500.0,21.055057403838095,2.3866,-31.45893164847789,,Producer Manufacturing,-0.4212121212121212
NSE:TOYAMSL,TOYAMSL,0.67,0.0,417557,,387136061.0,,-0.508,-3.2730229721488113,,Finance,
NSE:SHIVAAGRO,SHIVAAGRO,40.18,4.908616187989563,6782,,383731216.0,,-0.3837,-104.11964912657426,,Process Industries,
NSE:KONTOR,KONTOR,60.0,-3.225806451612903,600,0.2564102564102564,383160000.0,15.457543281121186,3.8816,-41.835618491046674,,Finance,-0.26666666666666666
NSE:VISHWAS,VISHWAS,38.15,-4.981320049813201,9600,0.7894736842105263,381500000.0,17.829602280693557,2.1397,-68.10179042621388,,Process Industries,-0.6484848484848484
NSE:UNILEX,UNILEX,28.0,0.0,3200,0.3076923076923077,381276000.0,5.48524859930259,5.1046,8.405538566089014,,Process Industries,0.06969696969696969
NSE:LASA,LASA,7.19,0.7002801120448279,25232,0.5751643522106626,370749168.0,,-3.3021,50.08615998548884,,Health Technology,-0.5363636363636364
NSE:MORARJEE,MORARJEE,10.19,-4.58801498127341,21550,0.6805427920886505,370589941.0,,,,,Process Industries,0.04242424242424242
NSE:ORIENTALTL,ORIENTALTL,5.01,-0.7920792079207928,94468,1.656023041418106,369006460.0,13.012987012987011,0.385,-55.873925501432666,,Non-Energy Minerals,-0.4666666666666667
NSE:AROGRANITE,AROGRANITE,24.68,0.44770044770044537,3848,0.2907178797540079,368117996.0,,-12.6328,-171.4162942591956,,Non-Energy Minerals,-0.4212121212121212
NSE:MANAV,MANAV,28.1,4.46096654275094,8000,0.9999999999999993,367776793.0,,,,,Industrial Services,0.024242424242424246
NSE:HOMESFY,HOMESFY,119.05,1.7521367521367497,2700,1.3432835820895523,363721560.0,,-63.4967,-1510.3482741770688,,Technology Services,0.09090909090909091
NSE:BABAFP,BABAFP,22.1,-0.4504504504504409,8000,1.3888888888888888,362446146.6,,-0.8698,-132.9632015765339,,Process Industries,-0.603030303030303
NSE:SANWARIA,SANWARIA,0.19,0.0,992931,1.958127474082589,360688965.0,,-0.0542,19.225037257824155,,Process Industries,-0.603030303030303
NSE:PROLIFE,PROLIFE,88.0,-3.243540406816935,2500,1.1627906976744187,360279037.0,,,,0.3409090909090909,Process Industries,0.2212121212121212
NSE:NKIND,NKIND,60.02,-0.7769879318895666,112,0.18893387314439947,346771240.0,,-5.9692,15.507870003397125,,Process Industries,-0.4
NSE:CYBERMEDIA,CYBERMEDIA,16.23,-2.3465703971119165,34703,2.764320251077366,345565082.0,9.11848980279791,1.7799,,,Consumer Services,0.33636363636363636
NSE:ASHOKAMET,ASHOKAMET,13.4,-2.687000726216407,10576,0.7600321950097735,343695004.0,,,,,Producer Manufacturing,-0.603030303030303
NSE:VSCL,VSCL,22.75,-4.811715481171543,24000,2.7586206896551726,341250000.0,,,,,Process Industries,-0.49090909090909096
NSE:DEEM,DEEM,40.45,-0.6142506142506142,6000,2.3076923076923075,339326970.4,15.39544797137855,2.6274,-24.447895100069005,,Non-Energy Minerals,-0.26363636363636367
NSE:MCON,MCON,48.5,4.9783549783549725,13000,2.096774193548387,338603958.0,11.677742463642492,4.1532,18.25740318906606,,Non-Energy Minerals,0.5151515151515151
NSE:SHRIKANHA,SHRIKANHA,21.55,-0.6912442396313299,3200,0.3508771929824561,338138080.0,3.3358100368409644,6.4602,,,Non-Energy Minerals,-0.3706293706293706
NSE:SEYAIND,SEYAIND,12.44,-0.3205128205128279,5392,1.1067777823391765,337180135.0,,-1.1209,56.32913858261581,,Process Industries,-0.3333333333333333
NSE:GSS,GSS,13.08,0.5380476556495026,15957,0.2735276270274162,335747031.0,,-18.5534,-1511.0976033344914,,Technology Services,-0.11212121212121212
NSE:AKSHAR,AKSHAR,0.41,0.0,460913,0.3734102763109517,330736762.0,,-0.0724,36.32365875109937,,Process Industries,-0.2212121212121212
NSE:HRHNEXT,HRHNEXT,26.1,4.609218436873756,4500,0.5555555555555556,329450728.09999996,7.09586210646512,3.6782,53.95111334337852,,Commercial Services,-0.26666666666666666
NSE:MOHITIND,MOHITIND,23.14,-0.34453057708870927,9609,0.06412575026927562,329163633.0,,-0.4568,73.40320232896651,,Process Industries,-0.5363636363636364
NSE:IMPEXFERRO,IMPEXFERRO,3.71,1.9230769230769187,14487,0.23074056140976795,328864194.0,,-0.7232,13.482473980141169,,Non-Energy Minerals,0.4454545454545455
NSE:GKB,GKB,63.03,-3.030769230769229,1217,0.028144454825490505,327637718.0,9.794871794871796,6.435,,,Health Technology,0.04242424242424242
NSE:VCL,VCL,1.85,4.51977401129944,223453,0.291419636033564,325241413.0,6.5324858757062145,0.2832,409.35251798561154,,Process Industries,0.603030303030303
NSE:SUPERSPIN,SUPERSPIN,5.93,0.8503401360544187,10598,1.0414598913139612,323400006.0,,-0.9439,67.81025133853971,,Process Industries,0.13333333333333333
NSE:DNAMEDIA,DNAMEDIA,2.55,-5.204460966542756,93831,1.7625114816547107,321342884.0,,-0.5581,-170.7889396245561,,Consumer Services,-0.5575757575757576
NSE:MADHAV,MADHAV,37.1,3.429049344856437,4469,1.7465218070970767,321197297.0,,-0.2529,72.49293017185121,,Non-Energy Minerals,0.4242424242424242
NSE:FELDVR,FELDVR,2.42,0.0,1018,0.3384533546113438,320565116.0,,,,,Process Industries,0.024242424242424246
NSE:FEL,FEL,0.4,2.5641025641025665,122378,0.7012394802331238,320565116.0,,,,,Process Industries,0.2909090909090909
NSE:MEDICAPQ,MEDICAPQ,25.05,-0.8313539192399083,1451,,319729674.0,,-1.4255,49.30113454493723,,Health Technology,
NSE:CELLPOINT,CELLPOINT,16.0,-6.158357771261001,4800,1.3793103448275863,318589480.0,467.8362573099415,0.0342,-97.17425431711146,,Retail Trade,-0.49090909090909096
NSE:AUROIMPEX,AUROIMPEX,25.1,-3.8314176245210727,3200,0.3076923076923077,318440880.0,7.361135550472168,3.4098,-10.143094315756187,,Producer Manufacturing,-0.5121212121212121
NSE:CEREBRAINT,CEREBRAINT,2.58,0.0,54562,0.4176000967425172,315084850.0,,-5.5562,-26.874157970451897,,Electronic Technology,-0.3090909090909091
NSE:ARMOUR,ARMOUR,18.45,-0.2702702702702741,4000,0.3333333333333333,312095000.0,,,,,Commercial Services,-0.506993006993007
NSE:KAUSHALYA,KAUSHALYA,895.45,1.2494346449570406,40,0.15426147319706773,311675397.0,,-15.4712,-108.98321598574874,,Industrial Services,-0.26666666666666666
NSE:AGNI,AGNI,15.25,-4.088050314465411,27500,2.1153846153846154,310603320.0,35.51467163483931,0.4294,33.852867830423946,,Utilities,-0.4212121212121212
NSE:VIVO,VIVO,146.5,-4.028824107435313,8000,0.9259259259259259,307589750.0,,-4.2644,32.08905309424467,,Technology Services,0.26363636363636367
NSE:PHOGLOBAL,PHOGLOBAL,15.5,-1.8987341772151944,16000,2.1621621621621623,305667084.40000004,8.737809346637352,1.7739,-25.110820281166884,,Consumer Non-Durables,-0.5121212121212121
NSE:KEEPLEARN,KEEPLEARN,2.01,4.687499999999993,192433,2.9906488315313267,303638567.0,,-0.0759,-328.6144578313253,,Commercial Services,0.4242424242424242
NSE:BURNPUR,BURNPUR,16.54,-4.997128087306152,3596,0.03168259606980744,299885029.0,,-47.4998,28.77864609885266,,Non-Energy Minerals,0.49090909090909096
NSE:EASTWEST,EASTWEST,2.32,-5.306122448979606,11822,,299801231.0,,-0.2704,-1065.7142857142856,,Transportation,
NSE:POLYSPIN,POLYSPIN,30.65,-2.7909927053599826,2118,,298899994.0,5.417587273530711,5.6575,52.24703982777178,,Process Industries,
NSE:EASTSILK,EASTSILK,59.0,4.258702951051417,360,0.152406756699547,297649994.0,,-28.4352,-15553.91304347826,,Process Industries,0.17878787878787877
NSE:KANANIIND,KANANIIND,1.49,-0.6666666666666672,347845,3.2145929925763412,296801994.0,12.822719449225474,0.1162,186.91358024691357,,Consumer Durables,-0.5121212121212121
NSE:NAGREEKCAP,NAGREEKCAP,23.52,0.0851063829787216,1445,0.1819670066742224,296585710.0,4.023607903515525,5.8455,-58.52490421455939,,Finance,-0.06666666666666667
NSE:GML,GML,18.6,-4.615384615384608,18000,1.1538461538461537,295853668.5,7.099236641221374,2.62,,,Health Technology,0.2167832167832168
NSE:BLUEPEBBLE,BLUEPEBBLE,72.5,0.0,2400,0.625,295800000.0,60.68977063452201,1.1946,-90.37621848062516,,Commercial Services,-0.24545454545454548
NSE:AGUL,AGUL,53.65,-4.9601417183348175,4000,0.9090909090909091,294216600.0,352.72846811308347,0.1521,-93.85504201680672,,Non-Energy Minerals,-0.5121212121212121
NSE:NFPSAMPOOR,NFPSAMPOOR,22.2,-3.4782608695652204,12000,0.7058823529411765,290584944.0,,,,,Consumer Non-Durables,-0.45454545454545453
NSE:AKG,AKG,8.99,0.11135857461024262,44658,0.41688448440673914,285353647.0,77.90294627383015,0.1154,-44.51923076923077,,Distribution Services,-0.15454545454545454
NSE:SIMBHALS,SIMBHALS,7.17,4.9780380673499245,59892,3.287048725069427,284412431.0,,,,,Process Industries,0.38181818181818183
NSE:LEXUS,LEXUS,13.55,-0.22091310751104093,12787,0.6429860863181289,282338028.0,,-1.1838,-269.2451653150343,,Producer Manufacturing,-0.4454545454545455
NSE:MEDIORG,MEDIORG,24.3,4.967602591792667,24000,2.926829268292683,281640816.5,,-3.44,-202.07109370363776,,Health Technology,-0.28787878787878785
NSE:INFOMEDIA,INFOMEDIA,5.17,-1.711026615969579,25231,1.5694629327826273,279581546.0,,-0.5861,20.49647314161693,,Consumer Services,-0.693939393939394
NSE:TARAPUR,TARAPUR,15.16,5.792044661549197,64238,0.8074979981622061,276120159.0,,-1.2198,-239.853244668654,,Producer Manufacturing,-0.1090909090909091
NSE:MICROPRO,MICROPRO,18.9,-1.8181818181818257,6400,1.3333333333333333,275263450.0,,-0.9024,30.154798761609914,,Technology Services,-0.4242424242424242
NSE:PEARLPOLY,PEARLPOLY,16.12,-1.1042944785276054,1496,0.18693457289948517,275251150.0,,-3.1615,-51.28965880269896,,Process Industries,-0.603030303030303
NSE:WILLAMAGOR,WILLAMAGOR,25.15,0.8824709185719971,2813,0.8080546937837527,275004661.0,,-14.2124,-157.0785993405543,,Finance,-0.3090909090909091
NSE:QFIL,QFIL,60.0,-4.458598726114645,2000,0.32786885245901637,274840218.0,11.643476742155206,5.1531,3.6799323970866373,,Non-Energy Minerals,-0.045454545454545456
NSE:MPEL,MPEL,35.2,1.0043041606886698,9600,1.4634146341463414,273715200.0,3.2128807309303666,10.9559,,,Process Industries,-0.29370629370629375
NSE:KHANDSE,KHANDSE,17.47,1.2753623188405732,1,0.0006494349915573451,271212666.0,,-0.395,67.68387466252148,,Finance,0.2909090909090909
NSE:CLCIND,CLCIND,49.97,-0.2793853522251059,2862,0.2067545602311721,270781407.0,,-4.2703,95.44117176073705,,Process Industries,0.05454545454545455
NSE:KSHITIJPOL,KSHITIJPOL,2.91,-3.9603960396039493,2091146,1.512932973573203,269671431.0,11.552203255260023,0.2519,,,Process Industries,-0.31212121212121213
NSE:GTECJAINX,GTECJAINX,30.5,1.7344896597731807,6427,0.4091050866014424,268293972.0,,-0.7279,78.20723930421245,,Commercial Services,0.4212121212121212
NSE:MEDISTEP,MEDISTEP,18.85,0.533333333333341,3000,0.37037037037037035,266428987.5,4.476584022038568,4.2108,,,Consumer Non-Durables,-0.46153846153846156
NSE:VERTEXPLUS,VERTEXPLUS,48.0,-0.6211180124223544,600,0.09523809523809523,264664679.99999997,,-8.4598,-628.0444416703076,,Commercial Services,-0.22424242424242424
NSE:NEXTMEDIA,NEXTMEDIA,3.71,-5.1150895140665,38951,5.784658795574367,264226983.00000003,,-0.7474,-107.47317795042545,,Consumer Services,-0.603030303030303
NSE:QVCEL,QVCEL,26.1,3.777335984095439,9600,2.727272727272727,262860053.8,8.186951066499372,3.188,-58.124261132273745,,Distribution Services,0.5151515151515151
NSE:TGBHOTELS,TGBHOTELS,9.2,0.0,7361,0.21750371567616442,262699013.99999997,18.66883116883117,0.4928,-27.529411764705884,,Consumer Services,-0.08787878787878788
NSE:SGL,SGL,9.81,-1.0090817356205817,2488,0.2906372291338123,262447637.99999997,,-0.5013,-127.03804347826086,,Process Industries,-0.4454545454545455
NSE:PNC,PNC,18.15,0.27624309392263624,8802,0.5354112301319367,261708032.0,,-9.632,-1862.5101874490624,,Consumer Services,-0.26363636363636367
NSE:JETKNIT,JETKNIT,56.4,-4.970513900589727,750,1.0,261567333.00000003,,,,,Consumer Non-Durables,-0.4454545454545455
NSE:KALANA,KALANA,21.0,5.0,16000,1.702127659574468,260839700.0,28.513238289205702,0.7365,-20.721205597416574,,Non-Energy Minerals,0.33636363636363636
NSE:AGARWALFT,AGARWALFT,36.8,2.364394993045881,3000,0.28169014084507044,260403393.60000002,18.112910370625585,2.0317,-52.0689817872983,,Distribution Services,-0.06666666666666667
NSE:AGSTRA,AGSTRA,2.02,0.0,105301,0.4898124171152695,259434808.99999997,,,,,Commercial Services,-0.3090909090909091
NSE:TREEHOUSE,TREEHOUSE,6.29,6.070826306914003,4664,0.2346383329811746,258518519.00000003,,-2.2006,44.47836508136747,,Consumer Services,0.0
NSE:ARUNAYA,ARUNAYA,14.85,2.0618556701030855,4000,0.32786885245901637,255184171.05,6.790123456790123,2.187,-9.128682428221218,,Process Industries,-0.3090909090909091
NSE:YUDIZ,YUDIZ,23.4,-4.878048780487816,7200,1.9148936170212767,253856625.0,,-0.1897,88.58947368421053,,Technology Services,-0.5121212121212121
NSE:ARSHIYA,ARSHIYA,0.92,-1.0752688172043021,99163,0.3109006314390163,252936850.0,,,,,Commercial Services,-0.5121212121212121
NSE:KANCOTEA,KANCOTEA,48.48,-2.356495468277949,2063,,251223443.0,,-10.1116,26.939306358381508,,Process Industries,
NSE:NIRMAN,NIRMAN,31.6,0.7974481658692184,11400,0.1400663472171029,251103342.6,,,,,Process Industries,-0.35454545454545455
NSE:LIBAS,LIBAS,9.77,2.6260504201680672,43087,1.812708776830715,250800411.0,14.794064203513022,0.6604,,,Consumer Non-Durables,-0.28787878787878785
NSE:PARAMOUNT,PARAMOUNT,35.3,0.0,1200,0.30303030303030304,245075580.3,11.431347150259066,3.088,,,Process Industries,-0.35454545454545455
NSE:FLFL,FLFL,1.16,-3.3333333333333366,45344,1.1103601618132488,244147603.0,,,,,Retail Trade,-0.603030303030303
NSE:GSTL,GSTL,14.95,-0.3333333333333381,8000,1.3559322033898251,239090235.0,,-0.1701,90.56101215248876,,Distribution Services,-0.5121212121212121
NSE:VIRTUALG,VIRTUALG,0.42,2.4390243902439046,197952,,237788745.0,,-0.0052,34.17721518987343,,Consumer Services,
NSE:PRISMX,PRISMX,0.54,3.8461538461538494,94707,,237112282.0,4.778761061946903,0.113,380.8510638297872,,Commercial Services,
NSE:QUICKTOUCH,QUICKTOUCH,17.25,-4.958677685950406,4000,0.7692307692307693,232610327.39999998,,-22.101,-954.0459077208438,,Technology Services,-0.6484848484848484
NSE:KAMANWALA,KAMANWALA,16.26,20.000000000000004,4545,,232537150.0,,-1.8846,-105.81532052765563,,Finance,
NSE:ASIANTNE,ASIANTNE,9.46,-2.7749229188078064,3285,,230212812.0,68.85007278020379,0.1374,-32.84457478005866,,Non-Energy Minerals,
NSE:LAXMICOT,LAXMICOT,13.46,0.3728560775540694,5759,0.34589211817630344,229950262.0,,-1.7026,-22908.108108108103,,Process Industries,-0.35454545454545455
NSE:TGL,TGL,18.1,-4.986876640419943,5400,0.27979274611398963,228592380.0,,,,,Industrial Services,-0.603030303030303
NSE:THESL,THESL,19.0,3.8251366120218537,3000,0.43478260869565216,228514845.0,18.975332068311193,1.0013,-65.88299430985724,,Commercial Services,0.26666666666666666
NSE:GUJRAFFIA,GUJRAFFIA,42.41,2.6379477250725953,1781,0.244478304437947,227151129.0,19.395408396597457,2.1866,102.763353115727,,Producer Manufacturing,0.4242424242424242
NSE:MANDEEP,MANDEEP,19.7,0.0,2000,0.09900990099009901,225326511.79999998,21.83551318998005,0.9022,-33.856304985337246,,Producer Manufacturing,-0.1090909090909091
NSE:MIEL,MIEL,12.95,2.777777777777775,4000,1.0526315789473684,221718420.0,7.4284403143463535,1.7433,-5.167818092803132,,Industrial Services,0.0
NSE:IDENTICAL,IDENTICAL,15.4,-2.531645569620255,4000,0.18018018018018017,221610136.39999998,13.67551727200071,1.1261,-60.02201079238853,,Consumer Services,-0.4454545454545455
NSE:ASPIRE,ASPIRE,13.7,-4.529616724738679,122000,19.0625,217804300.0,8.23663800877773,1.6633,-34.3114410963232,,Distribution Services,-0.5575757575757576
NSE:MARINETRAN,MARINETRAN,16.9,-1.1695906432748704,16000,2.6666666666666665,217614600.0,35.78991952562473,0.4722,9.86505351326198,,Transportation,0.06666666666666667
NSE:TAPIFRUIT,TAPIFRUIT,52.0,4.0,750,0.3125,213650000.0,,-3.92,-15.559224102352456,,Consumer Non-Durables,-0.17575757575757575
NSE:ANKITMETAL,ANKITMETAL,1.51,-1.3071895424836613,32035,1.306788282757411,211665756.0,,,,,Non-Energy Minerals,-0.5575757575757576
NSE:CEDAAR,CEDAAR,14.5,-4.918032786885246,17000,1.7171717171717171,211648650.0,,-56.4083,,,Process Industries,-0.5575757575757576
NSE:SATIPOLY,SATIPOLY,42.75,-4.894327030033376,3500,0.9090909090909091,211484250.0,6.1268362594052315,6.9775,,,Process Industries,0.04242424242424242
NSE:BOSS,BOSS,49.6,4.531085353003158,8000,0.9302325581395349,210975037.0,13.313649174607436,3.7255,7.310539505141575,,Producer Manufacturing,0.603030303030303
NSE:HAVISHA,HAVISHA,1.39,-0.714285714285715,148970,1.2133548034498796,210344043.0,,-0.3014,-34.73401877514528,,Distribution Services,0.13333333333333333
NSE:KRIDHANINF,KRIDHANINF,2.19,0.0,58497,1.155464342714473,209462064.0,23.7527114967462,0.0922,-98.81222302380706,,Non-Energy Minerals,-0.4454545454545455
NSE:SHUBHLAXMI,SHUBHLAXMI,19.2,0.0,1000,0.2631578947368421,203596800.0,19.165502096226792,1.0018,17.45808418337437,,Consumer Durables,-0.17575757575757575
NSE:MFML,MFML,18.95,1.4997321906802226,6762,1.8446681397823064,201254229.0,,,,,Process Industries,-0.3303030303030303
NSE:BOHRAIND,BOHRAIND,14.99,6.995003568879375,21453,1.8050939443149594,200303110.0,,-1.342,46.270568923409535,,Process Industries,0.2909090909090909
NSE:MPDL,MPDL,28.6,,53,,200138141.0,,-14.3854,-107.7194097091865,,Industrial Services,
NSE:TCIFINANCE,TCIFINANCE,15.32,-0.9055627425614524,17529,1.0203440146686458,195018261.0,,-1.3333,-146.7070692916696,,Finance,-0.22424242424242424
NSE:CMRSL,CMRSL,69.85,4.958677685950409,8800,1.9298245614035088,194858400.0,5.3127971097166755,13.1475,40.536813750641365,,Technology Services,0.4242424242424242
NSE:SILLYMONKS,SILLYMONKS,15.45,-0.8980115458627362,7877,0.40726953104803265,194264456.0,,-1.8925,-1071.0107747562854,,Consumer Services,-0.603030303030303
NSE:SUNREST,SUNREST,39.05,-12.541993281075031,8000,1.2820512820512822,191602080.0,24.80625079405412,1.5742,-73.88476915675442,,Health Technology,0.2
NSE:TRIDHYA,TRIDHYA,8.2,-4.651162790697678,3000,0.47619047619047616,190961600.0,,-0.7999,47.875667926495495,,Technology Services,-0.5121212121212121
NSE:SHRENIK,SHRENIK,0.3,-3.2258064516129057,603913,1.1105980291768702,189720001.0,,-0.0021,-949.9999999999998,,Distribution Services,-0.603030303030303
NSE:PRECISION,PRECISION,7.85,-4.848484848484853,4000,0.13245033112582782,189412294.5,,-4.0585,-1273.3159872795609,,Non-Energy Minerals,-0.13333333333333333
NSE:YCCL,YCCL,9.65,0.0,3000,0.29411764705882354,186282828.0,19.498888664376643,0.4949,-40.83682008368201,,Process Industries,-0.3787878787878788
NSE:SKIL,SKIL,0.86,-4.444444444444448,23271,0.40903242589571964,186251259.0,,,,,Industrial Services,-0.37575757575757573
NSE:SPPPOLY,SPPPOLY,12.35,3.781512605042011,12000,2.5,183154804.0,,-2.7045,-394.83266107053305,,Process Industries,-0.4454545454545455
NSE:SPRL,SPRL,101.95,0.0,800,0.47619047619047616,182439519.0,5.168882264066762,19.7238,68.85947639676044,,Non-Energy Minerals,-0.09090909090909091
NSE:ACEINTEG,ACEINTEG,18.27,2.7559055118110147,4121,0.9563925827937525,181356004.0,,-0.74,60.27272239222634,,Technology Services,-0.4454545454545455
NSE:NIDAN,NIDAN,13.5,5.88235294117647,8000,1.951219512195122,177225000.0,12.483817273904199,1.0814,-23.96287441991281,,Health Services,0.1575757575757576
NSE:RADIOWALLA,RADIOWALLA,25.05,-1.9569471624266144,1600,0.5555555555555556,176558311.8,84.71423740277308,0.2957,-70.0890147683593,,Technology Services,-0.603030303030303
NSE:SHYAMTEL,SHYAMTEL,13.94,-7.9260237780713405,7220,1.871727070047182,173558003.0,,-2.7071,42.971202258315955,,Electronic Technology,-0.5575757575757576
NSE:TECILCHEM,TECILCHEM,8.54,1.7878426698450367,5093,0.10546522318951021,166311652.0,,-0.2979,-76.69039145907473,,Process Industries,-0.2181818181818182
NSE:RADAAN,RADAAN,3.02,1.6835016835016776,9545,0.4395032623159911,165192686.0,,-0.6856,-118.5527574115397,,Consumer Services,-0.49090909090909096
NSE:NEELAM,NEELAM,8.15,-2.976190476190476,54000,2.25,164776700.0,10.518843572534848,0.7748,-48.048813195655086,,Consumer Durables,-0.26363636363636367
NSE:STLSTRINF,STLSTRINF,19.1,,6166,,163179826.0,,-15.4286,-171.72956939756574,,Finance,
NSE:GLFL,GLFL,5.71,1.2411347517730547,8104,1.540274451666857,161398307.0,607.4468085106382,0.0094,-58.590308370044056,,Finance,0.13636363636363635
NSE:TIJARIA,TIJARIA,5.68,2.3423423423423406,95181,0.375742703826827,160595103.0,,-0.4828,72.79386904091062,,Producer Manufacturing,0.5363636363636364
NSE:CONTI,CONTI,11.05,-4.7413793103448185,6666,1.4285714285714286,158948290.0,15.272978576364894,0.7235,-79.91895417580282,,Non-Energy Minerals,-0.4
NSE:VIVIDHA,VIVIDHA,0.53,0.0,424717,1.6817371526681613,158058293.0,,-0.0409,34.664536741214064,,Process Industries,-0.13333333333333333
NSE:ASTRON,ASTRON,3.34,-1.1834319526627228,8350,0.19893314655059452,156704995.0,,-4.5509,62.68438875997278,,Process Industries,-0.4666666666666667
NSE:SMVD,SMVD,15.5,1.3071895424836555,4040,0.7692307692307675,153460617.0,,,,,Process Industries,0.5363636363636364
NSE:TVVISION,TVVISION,3.77,-4.5569620253164596,46117,1.1374920762554048,153040774.0,,-8.9,-28.96307888483162,,Consumer Services,-0.5575757575757576
NSE:UMESLTD,UMESLTD,5.88,-2.325581395348832,11809,0.4753030766506206,151098460.0,41.43763213530655,0.1419,16.311475409836067,,Producer Manufacturing,0.3333333333333333
NSE:GAJANAND,GAJANAND,8.0,0.6289308176100606,3000,0.5555555555555556,149742757.64999998,454.5454545454545,0.0176,-90.67796610169492,,Process Industries,-0.4454545454545455
NSE:RETAIL,RETAIL,18.13,-0.548546352166766,2004,0.30509713172157604,149733939.0,,,,,Retail Trade,0.17878787878787877
NSE:HEADSUP,HEADSUP,6.67,-0.29895366218236863,24061,1.4883706544599777,148174296.0,,-1.3403,-165.19285957488205,,Retail Trade,-0.5575757575757576
NSE:MTEDUCARE,MTEDUCARE,1.85,-2.631578947368412,20360,0.48787150480563013,148067515.0,,-2.687,29.982280592036698,,Consumer Services,-0.2
NSE:SRPL,SRPL,0.34,3.030303030303033,239095,0.42590117567927005,145655999.0,,-0.5336,43.05837157187067,,Process Industries,-0.2181818181818182
NSE:MONOPHARMA,MONOPHARMA,8.2,0.0,2000,0.09174311926605505,144882224.79999998,40.67460317460317,0.2016,-88.20776789892373,,Distribution Services,-0.4454545454545455
NSE:AURUS,AURUS,4.72,0.21231422505307404,13470,0.6568296631492715,142407714.0,7.778510217534607,0.6068,,,Consumer Durables,0.06666666666666667
NSE:BILVYAPAR,BILVYAPAR,4.1,0.24449877750610727,2294,0.49000341763499655,133306251.0,30.460624071322435,0.1346,,,Consumer Durables,-0.08787878787878788
NSE:SAROJA,SAROJA,32.8,4.29252782193958,1600,0.2564102564102564,131871940.8,8.164890968834014,4.0172,56.171519651673606,,Distribution Services,0.2909090909090909
NSE:NIRAJISPAT,NIRAJISPAT,212.0,0.47393364928909953,223,3.3685800604229605,126600000.0,8.364568948510554,25.345,3.9794871794871747,,Producer Manufacturing,0.13333333333333333
NSE:UNIINFO,UNIINFO,11.37,-2.7373823781009436,6626,1.9111623882319009,125002568.0,,-1.0191,-460.8695652173912,,Communications,-0.6484848484848484
NSE:UNIVAFOODS,UNIVAFOODS,9.03,0.0,4966,1.2164115125535824,124178674.0,184.66257668711654,0.0489,,,Miscellaneous,0.045454545454545456
NSE:INSPIRE,INSPIRE,9.05,0.0,2000,0.45454545454545453,123164155.94999999,33.407161314138065,0.2709,,,Consumer Services,-0.24545454545454548
NSE:ORTINGLOBE,ORTINGLOBE,15.79,-0.6293266205160568,18945,0.8854541545536975,123109285.0,,-1.109,1.8584070796460097,,Health Technology,0.3787878787878788
NSE:SHANTHALA,SHANTHALA,18.2,-1.6216216216216255,3600,0.6818181818181818,121904764.8,,,,,Distribution Services,-0.3333333333333333
NSE:EUROTEXIND,EUROTEXIND,14.0,0.5747126436781614,89,0.1910691283812795,121798129.0,,-1.4127,17.54508842584486,,Process Industries,-0.02121212121212121
NSE:DCMFINSERV,DCMFINSERV,5.62,1.2612612612612664,7835,0.31720904622709495,121687804.0,,-0.4352,30.144462279293744,,Finance,0.4212121212121212
NSE:ARENTERP,ARENTERP,38.42,0.1564129301355638,1431,0.6016902829752344,121658859.0,,-0.2071,-176.53362897265336,,Non-Energy Minerals,-0.35757575757575755
NSE:CREATIVEYE,CREATIVEYE,6.19,-0.3220611916264022,469,0.03498120412912465,121352419.0,,-2.2799,-456.48035147669026,,Consumer Services,-0.11212121212121212
NSE:JIWANRAM,JIWANRAM,4.9,2.0833333333333446,6000,0.47619047619047616,121266297.6,13.457841252403188,0.3641,-60.565363370518796,,Consumer Non-Durables,-0.4666666666666667
NSE:SABAR,SABAR,6.95,-2.112676056338021,5000,0.14084507042253522,120583931.69999999,59.75924333619948,0.1163,-68.49945828819067,,Process Industries,0.35454545454545455
NSE:MEP,MEP,0.64,1.5873015873015885,97103,4.142301359110649,117405466.0,,,,,Transportation,0.12424242424242424
NSE:GLOBALE,GLOBALE,11.11,2.207911683532661,4785,1.4532146870349563,115548599.0,,,,,Process Industries,0.11212121212121212
NSE:DIL,DIL,0.71,-4.054054054054058,747679,1.4091735116941893,115542638.0,,,,,Producer Manufacturing,-0.5575757575757576
NSE:ANTGRAPHIC,ANTGRAPHIC,0.73,-1.3513513513513526,163088,1.2589633437933017,114707400.0,11.196319018404909,0.0652,-41.629364368845124,,Process Industries,-0.5121212121212121
NSE:EDUCOMP,EDUCOMP,0.89,-4.3010752688172085,34297,0.7311733053629751,113894470.0,,,,,Commercial Services,-0.4666666666666667
NSE:AMIABLE,AMIABLE,65.0,-10.95890410958904,3200,0.7692307692307693,113685000.0,11.855040215944117,5.4829,22.698384281430414,,Transportation,-0.5575757575757576
NSE:GRADIENTE,GRADIENTE,2.8,1.0830324909747222,1902436,1.259155743578156,113017879.0,,,,,Commercial Services,0.18181818181818182
NSE:BLUECHIP,BLUECHIP,1.87,1.630434782608697,3337,0.0870029983053057,109502595.0,,-0.0683,85.8298755186722,,Finance,0.06969696969696969
NSE:MAKS,MAKS,15.5,-4.907975460122704,3000,0.6666666666666666,107489245.0,16.24908271307265,0.9539,19.927080714106108,,Producer Manufacturing,-0.5575757575757576
NSE:CBAZAAR,CBAZAAR,5.0,-4.761904761904762,8000,0.47619047619047616,107270395.0,,-0.9437,51.37822659590911,,Retail Trade,-0.35757575757575755
NSE:FLEXITUFF,FLEXITUFF,2.89,-4.934210526315787,170685,1.4657250394801586,101422460.0,,-41.1104,-156.95373229651116,,Process Industries,-0.5575757575757576
NSE:DHTL,DHTL,31.55,-4.826546003016585,3200,0.22598870056497175,99155340.0,,,,,Technology Services,-0.5121212121212121
NSE:COMPINFO,COMPINFO,1.07,-4.464285714285718,13851,0.913690515455667,96060226.0,,,,,Technology Services,-0.4666666666666667
NSE:VERITAAS,VERITAAS,33.3,-4.310344827586207,2400,1.3333333333333333,94005900.0,5.243599030012912,6.3506,21.280293336898193,,Commercial Services,-0.5363636363636364
NSE:DIRL,DIRL,9.6,-4.477611940298518,18000,1.875,91584388.0,,,,,Finance,-0.5
NSE:DSKULKARNI,DSKULKARNI,14.65,4.942693409742117,1777,11.870407481629927,90299997.0,,,,,Finance,0.13636363636363635
NSE:TRANSWIND,TRANSWIND,13.15,0.0,8000,1.25,87960350.0,10.631417252809442,1.2369,42.35239958568306,,Industrial Services,-0.4454545454545455
NSE:INDIFRA,INDIFRA,11.95,4.8245614035087625,2000,0.8333333333333334,87115500.0,477.99999999999994,0.025,145.09803921568627,,Electronic Technology,-0.4
NSE:PREMIER,PREMIER,2.77,1.8382352941176405,1826,0.197349934072585,83828293.0,,-1.8739,30.164349867700224,,Producer Manufacturing,-0.35454545454545455
NSE:PPSL,PPSL,2.95,3.5087719298245648,111000,0.9536082474226805,83505000.0,10.472133475328365,0.2817,-83.61447184737087,,Consumer Services,-0.3090909090909091
NSE:BALCO,BALCO,18.9,4.999999999999992,6000,3.125,82559925.0,18.949268097052336,0.9974,,,Producer Manufacturing,-0.31212121212121213
NSE:PLADAINFO,PLADAINFO,9.1,-4.210526315789478,21000,5.0,78023400.0,4.522413278998111,2.0122,-8.394791951197309,,Commercial Services,-0.5121212121212121
NSE:RITEZONE,RITEZONE,18.25,-4.450261780104719,1600,0.3225806451612903,77202427.5,22.541996047430832,0.8096,-61.65214096248579,,Process Industries,-0.5575757575757576
NSE:ORTEL,ORTEL,2.1,-4.109589041095884,1044,0.0842771458785731,75517096.0,,,,,Consumer Services,0.4454545454545455
NSE:SHANTI,SHANTI,6.49,2.527646129541866,81520,1.3185305953443835,70300979.0,,-6.967,-230.12699014404853,,Process Industries,-0.26666666666666666
NSE:WINNY,WINNY,32.1,0.0,500,0.06622516556291391,69657000.0,,-29.1572,-27.598716888322894,,Commercial Services,-0.4454545454545455
NSE:FALCONTECH,FALCONTECH,12.75,2.409638554216873,10800,1.5517241379310345,66692072.85,2.2567170519310418,5.6498,159.51035781544257,,Industrial Services,0.35757575757575755
NSE:BGLOBAL,BGLOBAL,3.15,-3.6697247706422047,24092,0.6614392866163696,53074417.0,1.3744654856444716,2.2918,,,Commercial Services,-0.3787878787878788
NSE:SETUINFRA,SETUINFRA,0.43,4.878048780487809,120406,4.317840326762463,50271305.0,,,,,Industrial Services,0.11212121212121212
NSE:LAKPRE,LAKPRE,4.56,0.0,25,0.06128953174797745,48143334.0,,,,,Producer Manufacturing,-0.5121212121212121
NSE:QUINTEGRA,QUINTEGRA,1.27,-4.5112781954887256,79092,3.0751525095549326,43438404.0,,-0.0389,-31.418918918918905,,Technology Services,-0.5121212121212121
NSE:CMICABLES,CMICABLES,2.58,-4.444444444444448,7220,0.6714967308711787,42633035.0,,,,,Producer Manufacturing,-0.5121212121212121
NSE:PERFECT,PERFECT,2.3,-2.1276595744680966,15000,0.69444444444444,35511489.0,,,,,Consumer Services,-0.28787878787878785
NSE:RAJVIR,RAJVIR,5.6,-0.7092198581560291,1020,1.1474856564292946,29761708.0,,,,,Process Industries,-0.5363636363636364
NSE:VASA,VASA,4.25,-4.494382022471914,4000,0.37037037037037035,26666846.0,,,,,Process Industries,-0.5575757575757576
NSE:JALAN,JALAN,1.75,2.941176470588238,45000,0.5836575875486382,24713275.0,239.72602739726028,0.0073,,,Transportation,0.024242424242424246
NSE:KKVAPOW,KKVAPOW,428.85,-4.995569339831625,171,0.4347826086956522,,,,,,Utilities,-0.5575757575757576
NSE:SARTELE,SARTELE,99.55,-1.3379583746283532,101000,0.9669698420296785,,6.619720182998192,15.0384,44.03080135234792,,Finance,-0.5575757575757576
NSE:ACETEC,ACETEC,127.05,4.567901234567899,3600,0.2857142857142857,,,,,,Commercial Services,-0.2727272727272727
NSE:WALPAR,WALPAR,34.85,0.0,2000,0.23255813953488372,,,,,,Health Technology,0.08787878787878788
NSE:RFBL,RFBL,100.7,-0.29702970297029424,165000,1.5714285714285714,,,,,,Process Industries,0.3181818181818182
NSE:TIMESCAN,TIMESCAN,40.95,-0.12195121951218818,6000,1.1538461538461537,,,,,,Transportation,-0.3787878787878788
NSE:NEPHROCARE,NEPHROCARE,78.9,-4.9969897652016755,7200,0.17408123791102514,,,,,,Health Services,0.06666666666666667
NSE:KDL,KDL,87.55,-4.62962962962963,28050,0.641729581331503,,,,,,Communications,-0.5575757575757576
NSE:MILKYMIST,MILKYMIST,181.5,,92265453,,,,,,,Consumer Non-Durables,
NSE:OPTIMYSTIX,OPTIMYSTIX,179.15,-1.5659340659340628,229600,,,,,,,Consumer Services,
NSE:KIRLPNU,KIRLPNU,760.2,-0.9059505963631534,186912,0.7551810823324829,,,,,,Producer Manufacturing,-0.02121212121212121
NSE:ENSER,ENSER,15.25,6.271777003484323,70000,1.4141414141414141,,,,,,Commercial Services,0.46969696969696967
NSE:SRIKPRIND,SRIKPRIND,20.69,,1756,,,,,,,Non-Energy Minerals,
NSE:MOXSH,MOXSH,109.0,2.8301886792452833,1600,0.23255813953488372,,,,,,Technology Services,0.35757575757575755
NSE:ANAWIL,ANAWIL,444.15,4.888416578108393,272000,,,,,,,Producer Manufacturing,
NSE:AGL,AGL,13.25,-5.424696645253389,3444947,0.6289350465142505,,,,,,Transportation,-0.5555555555555556
NSE:SAICAPI,SAICAPI,151.33,0.9203067689229902,247,,,,,,,Finance,
NSE:JFLLIFE,JFLLIFE,11.95,-4.780876494023915,42000,0.9333333333333332,,,,,,Health Technology,-0.1575757575757576
NSE:ADVIKCA,ADVIKCA,1.23,1.6528925619834725,179534,,,,,,,Finance,
NSE:KJMCFIN,KJMCFIN,61.99,5.335598980458794,3500,,,,,,,Finance,
NSE:RIIT,RIIT,123.16,2.8647790862774514,384144,0.4295265752684541,,,,,0.0,Miscellaneous,0.5909090909090908
NSE:STRIDERS,STRIDERS,62.8,0.6410256410256387,8000,0.373134328358209,,,,,,Consumer Durables,0.09090909090909091
NSE:SUMEDHA,SUMEDHA,39.45,-12.352810486558532,6656,,,,,,2.556237218813906,Finance,
NSE:GURUNANAK,GURUNANAK,37.05,-5.000000000000007,14400,1.3846153846153846,,,,,,Producer Manufacturing,-0.520979020979021
NSE:ISHAN,ISHAN,0.45,0.0,48000,0.3124999999999995,,,,,,Distribution Services,-0.35454545454545455
NSE:UMA,UMA,14.8,-4.823151125401929,28000,1.5555555555555556,,9.424950646373304,1.5703,17.775444386109662,,Process Industries,-0.4666666666666667
NSE:ETL,ETL,981.95,-4.572400388726915,900,1.4285714285714286,,,,,,,-0.2
NSE:CAPINVIT,CAPINVIT,76.64,-0.4028589993502304,397553,1.1566419784407402,,,,,13.403536141445658,Industrial Services,0.35454545454545455
NSE:GREENLEAF,GREENLEAF,120.55,-4.966495861253447,3000,0.2542372881355932,,,,,,Industrial Services,0.35454545454545455
NSE:QUADPRO,QUADPRO,2.4,0.0,12000,0.7142857142857143,,,,,,Commercial Services,0.14545454545454545
NSE:AILIMITED,AILIMITED,34.1,-4.881450488145048,4500,2.3076923076923075,,,,,,Transportation,-0.5121212121212121
NSE:GKWLIMITED,GKWLIMITED,1609.2,0.0808507991790506,134,0.22708015590577868,,,-8.9511,22.75810293051672,,Transportation,-0.26363636363636367
NSE:ARHAM,ARHAM,185.05,-0.43045466774279423,78000,1.875,,,,,,Consumer Durables,0.17575757575757575
NSE:INVICTA,INVICTA,67.05,-8.150684931506854,67200,2.3076923076923075,,,,,,Health Services,-0.5979020979020979
NSE:ARISTO,ARISTO,108.0,-1.189387008234215,800,0.5263157894736842,,,,,,Process Industries,0.26666666666666666
NSE:AHIMSA,AHIMSA,27.15,4.826254826254826,3000,0.16129032258064516,,,,,,Process Industries,0.09090909090909091
NSE:NDRINVIT,NDRINVIT,142.5,1.7857142857142856,75000,0.23076923076923078,,,,,,Miscellaneous,0.4755244755244755
NSE:APSISAERO,APSISAERO,509.75,1.9907963185274085,4800,0.19607843137254902,,,,,,Producer Manufacturing,0.6433566433566433
NSE:SAIFL,SAIFL,5.0,0.0,60000,0.3218884120171674,,,,,,Finance,-0.4666666666666667
NSE:BMLL,BMLL,154.9,5.374149659863949,292000,5.863453815261044,,,,,,Health Technology,0.5454545454545454
